2026-06-06T23:00:05.834Z - SUCCESS - info@heritage-hudson-restaurant.com - Lead: Heritage Hudson Restaurant
2026-06-06T23:00:06.836Z - SUCCESS - info@red-mamaroneck-kitchen.com - Lead: Red Mamaroneck Kitchen
2026-06-06T23:00:07.838Z - SUCCESS - info@crown-rochester-bbq-grill.com - Lead: Crown Rochester BBQ & Grill
2026-06-06T23:00:08.839Z - SUCCESS - sales@express-buffalo-roofing-solutions.com - Lead: Express Buffalo Roofing Solutions
2026-06-06T23:00:09.840Z - SUCCESS - contact@north-star-air-heating.com - Lead: North Star Air & Heating
2026-06-06T23:00:10.842Z - SUCCESS - contact@new-kingston-hvac.com - Lead: New Kingston HVAC
2026-06-06T23:00:11.843Z - SUCCESS - sales@rescue-missouri-city-roofers.com - Lead: Rescue Missouri City Roofers
2026-06-06T23:00:12.845Z - SUCCESS - info@sunset-grille.com - Lead: Sunset Grille
2026-06-06T23:00:13.847Z - SUCCESS - info@seven-ithaca-deli-market.com - Lead: Seven Ithaca Deli & Market
2026-06-06T23:00:14.848Z - SUCCESS - info@union-yuma-steakhouse.com - Lead: Union Yuma Steakhouse
2026-06-06T23:00:15.850Z - SUCCESS - info@mesa-lewisville-bakery-cafe.com - Lead: Mesa Lewisville Bakery & Cafe
2026-06-06T23:00:16.852Z - SUCCESS - sales@secure-lancaster-metal-roofing.com - Lead: Secure Lancaster Metal Roofing
2026-06-06T23:00:17.854Z - SUCCESS - contact@elite-glen-cove-air-heating.com - Lead: Elite Glen Cove Air & Heating
2026-06-06T23:00:18.855Z - SUCCESS - sales@integrity-exteriors-of-port-arthur.com - Lead: Integrity Exteriors of Port Arthur
2026-06-06T23:00:19.856Z - SUCCESS - sales@southwest-roofing-contractors.com - Lead: Southwest Roofing Contractors
2026-06-06T23:00:20.858Z - SUCCESS - contact@atlas-heating-air-of-payson.com - Lead: Atlas Heating & Air of Payson
2026-06-06T23:00:21.859Z - SUCCESS - contact@five-star-cooling-heating-of-johnstown.com - Lead: Five Star Cooling & Heating of Johnstown
2026-06-06T23:00:22.861Z - SUCCESS - sales@all-american-exteriors.com - Lead: All-American Exteriors
2026-06-06T23:00:23.863Z - SUCCESS - sales@total-construction-roofing-of-haverstraw.com - Lead: Total Construction & Roofing of Haverstraw
2026-06-06T23:00:24.864Z - SUCCESS - info@state-restaurant.com - Lead: State Restaurant
2026-06-06T23:00:25.866Z - SUCCESS - sales@steadfast-casa-grande-roofing-construction.com - Lead: Steadfast Casa Grande Roofing & Construction
2026-06-06T23:00:26.868Z - SUCCESS - sales@western-roofing-co.com - Lead: Western Roofing Co.
2026-06-06T23:00:27.869Z - SUCCESS - info@five-mesa-diner.com - Lead: Five Mesa Diner
2026-06-06T23:13:35.041Z - TEST_SEND - dbcsec@gmail.com - SUCCESS
2026-06-06T23:13:38.809Z - SUCCESS - info@heritage-hudson-restaurant.com - Lead: Heritage Hudson Restaurant
2026-06-06T23:13:39.811Z - SUCCESS - info@red-mamaroneck-kitchen.com - Lead: Red Mamaroneck Kitchen
2026-06-06T23:13:40.812Z - SUCCESS - info@crown-rochester-bbq-grill.com - Lead: Crown Rochester BBQ & Grill
2026-06-06T23:13:41.814Z - SUCCESS - sales@express-buffalo-roofing-solutions.com - Lead: Express Buffalo Roofing Solutions
2026-06-06T23:13:42.816Z - SUCCESS - contact@north-star-air-heating.com - Lead: North Star Air & Heating
2026-06-06T23:13:43.818Z - SUCCESS - contact@new-kingston-hvac.com - Lead: New Kingston HVAC
2026-06-06T23:13:44.819Z - SUCCESS - sales@rescue-missouri-city-roofers.com - Lead: Rescue Missouri City Roofers
2026-06-06T23:13:45.821Z - SUCCESS - info@sunset-grille.com - Lead: Sunset Grille
2026-06-06T23:13:46.823Z - SUCCESS - info@seven-ithaca-deli-market.com - Lead: Seven Ithaca Deli & Market
2026-06-06T23:13:47.824Z - SUCCESS - info@union-yuma-steakhouse.com - Lead: Union Yuma Steakhouse
2026-06-06T23:13:48.826Z - SUCCESS - info@mesa-lewisville-bakery-cafe.com - Lead: Mesa Lewisville Bakery & Cafe
2026-06-06T23:13:49.827Z - SUCCESS - sales@secure-lancaster-metal-roofing.com - Lead: Secure Lancaster Metal Roofing
2026-06-06T23:13:50.828Z - SUCCESS - contact@elite-glen-cove-air-heating.com - Lead: Elite Glen Cove Air & Heating
2026-06-06T23:13:51.830Z - SUCCESS - sales@integrity-exteriors-of-port-arthur.com - Lead: Integrity Exteriors of Port Arthur
2026-06-06T23:13:52.831Z - SUCCESS - sales@southwest-roofing-contractors.com - Lead: Southwest Roofing Contractors
2026-06-06T23:13:53.832Z - SUCCESS - contact@atlas-heating-air-of-payson.com - Lead: Atlas Heating & Air of Payson
2026-06-06T23:13:54.834Z - SUCCESS - contact@five-star-cooling-heating-of-johnstown.com - Lead: Five Star Cooling & Heating of Johnstown
2026-06-06T23:13:55.835Z - SUCCESS - sales@all-american-exteriors.com - Lead: All-American Exteriors
2026-06-06T23:13:56.837Z - SUCCESS - sales@total-construction-roofing-of-haverstraw.com - Lead: Total Construction & Roofing of Haverstraw
2026-06-06T23:13:57.838Z - SUCCESS - info@state-restaurant.com - Lead: State Restaurant
2026-06-06T23:13:58.840Z - SUCCESS - sales@steadfast-casa-grande-roofing-construction.com - Lead: Steadfast Casa Grande Roofing & Construction
2026-06-06T23:13:59.841Z - SUCCESS - sales@western-roofing-co.com - Lead: Western Roofing Co.
2026-06-06T23:14:00.843Z - SUCCESS - info@five-mesa-diner.com - Lead: Five Mesa Diner
2026-06-06T23:14:01.844Z - SUCCESS - info@casa-kitchen.com - Lead: Casa Kitchen
2026-06-06T23:14:02.846Z - SUCCESS - info@main-rye-cafe-grill.com - Lead: Main Rye Cafe & Grill
2026-06-06T23:14:03.847Z - SUCCESS - contact@red-hvac-services.com - Lead: Red HVAC Services
2026-06-06T23:14:04.849Z - SUCCESS - info@famous-university-park-pizza-pasta.com - Lead: Famous University Park Pizza & Pasta
2026-06-06T23:14:05.850Z - SUCCESS - info@mountain-grille.com - Lead: Mountain Grille
2026-06-06T23:14:06.852Z - SUCCESS - sales@city-roofing-company-of-prescott.com - Lead: City Roofing Company of Prescott
2026-06-06T23:14:07.853Z - SUCCESS - sales@desert-roofing-of-galveston.com - Lead: Desert Roofing of Galveston
2026-06-06T23:14:08.854Z - SUCCESS - sales@valley-roofing-contractors-of-flagstaff.com - Lead: Valley Roofing Contractors of Flagstaff
2026-06-06T23:14:09.856Z - SUCCESS - sales@guardian-big-spring-roofing-company.com - Lead: Guardian Big Spring Roofing Company
2026-06-06T23:14:10.857Z - SUCCESS - contact@texas-fort-worth-temperature-control.com - Lead: Texas Fort Worth Temperature Control
2026-06-06T23:14:11.857Z - SUCCESS - info@a-cottonwood-pizza-pasta.com - Lead: A Cottonwood Pizza & Pasta
2026-06-06T23:14:12.859Z - SUCCESS - contact@tri-state-maricopa-hvac-solutions.com - Lead: Tri-State Maricopa HVAC Solutions
2026-06-06T23:14:13.860Z - SUCCESS - sales@superior-roofing-remodeling-of-plattsburgh.com - Lead: Superior Roofing & Remodeling of Plattsburgh
2026-06-06T23:14:14.862Z - SUCCESS - contact@frontier-schenectady-temperature-control.com - Lead: Frontier Schenectady Temperature Control
2026-06-06T23:14:15.863Z - SUCCESS - contact@king-hvac.com - Lead: King HVAC
2026-06-06T23:14:16.865Z - SUCCESS - contact@sahara-hvac-of-north-richland-hills.com - Lead: Sahara HVAC of North Richland Hills
2026-06-06T23:14:17.866Z - SUCCESS - contact@patriot-heating-cooling-of-yonkers.com - Lead: Patriot Heating & Cooling of Yonkers
2026-06-06T23:14:18.867Z - SUCCESS - sales@master-richardson-roofing-company.com - Lead: Master Richardson Roofing Company
2026-06-06T23:14:19.869Z - SUCCESS - contact@top-temperature-control-of-buffalo.com - Lead: Top Temperature Control of Buffalo
2026-06-06T23:14:20.870Z - SUCCESS - info@house-of-rosenberg-bbq-grill.com - Lead: House of Rosenberg BBQ & Grill
2026-06-06T23:14:21.872Z - SUCCESS - sales@gulf-roofing-solutions-of-victoria.com - Lead: Gulf Roofing Solutions of Victoria
2026-06-06T23:14:22.873Z - SUCCESS - contact@cool-temple-heating-cooling.com - Lead: Cool Temple Heating & Cooling
2026-06-06T23:14:23.875Z - SUCCESS - info@one-italian-kitchen.com - Lead: One Italian Kitchen
2026-06-06T23:14:24.876Z - SUCCESS - contact@abc-climate-control-of-prescott.com - Lead: ABC Climate Control of Prescott
2026-06-06T23:14:25.877Z - SUCCESS - sales@pro-exteriors-of-avondale.com - Lead: Pro Exteriors of Avondale
2026-06-06T23:14:26.879Z - SUCCESS - sales@top-yonkers-roof-specialists.com - Lead: Top Yonkers Roof Specialists
2026-06-06T23:14:27.879Z - SUCCESS - contact@arrow-galveston-air-systems.com - Lead: Arrow Galveston Air Systems
2026-06-06T23:14:28.881Z - SUCCESS - contact@texas-air-conditioning-heating-of-parker.com - Lead: Texas Air Conditioning & Heating of Parker
2026-06-06T23:14:29.882Z - SUCCESS - contact@mountain-heating-air-of-surprise.com - Lead: Mountain Heating & Air of Surprise
2026-06-06T23:14:30.884Z - SUCCESS - info@blue-texas-city-pizza-pasta.com - Lead: Blue Texas City Pizza & Pasta
2026-06-06T23:14:31.885Z - SUCCESS - info@elite-grille.com - Lead: Elite Grille
2026-06-06T23:14:32.887Z - SUCCESS - sales@heritage-roofing-co-of-san-luis.com - Lead: Heritage Roofing Co. of San Luis
2026-06-06T23:14:33.888Z - SUCCESS - info@blue-tempe-bakery-cafe.com - Lead: Blue Tempe Bakery & Cafe
2026-06-06T23:14:34.890Z - SUCCESS - info@river-odessa-grille.com - Lead: River Odessa Grille
2026-06-06T23:14:35.890Z - SUCCESS - info@three-bisbee-diner.com - Lead: Three Bisbee Diner
2026-06-06T23:14:36.892Z - SUCCESS - sales@southwest-roofers-of-prescott-valley.com - Lead: Southwest Roofers of Prescott Valley
2026-06-06T23:14:37.893Z - SUCCESS - info@five-mechanicville-kitchen.com - Lead: Five Mechanicville Kitchen
2026-06-06T23:14:38.895Z - SUCCESS - sales@alpine-roofing-co-of-mission.com - Lead: Alpine Roofing Co. of Mission
2026-06-06T23:14:39.896Z - SUCCESS - sales@american-chino-valley-home-improvements.com - Lead: American Chino Valley Home Improvements
2026-06-06T23:14:40.897Z - SUCCESS - contact@red-hvac-of-amsterdam.com - Lead: Red HVAC of Amsterdam
2026-06-06T23:14:41.899Z - SUCCESS - contact@high-desert-climate-control-of-huntsville.com - Lead: High Desert Climate Control of Huntsville
2026-06-06T23:14:42.900Z - SUCCESS - contact@sunrise-abilene-air-heating.com - Lead: Sunrise Abilene Air & Heating
2026-06-06T23:14:43.901Z - SUCCESS - contact@silver-hvac-solutions.com - Lead: Silver HVAC Solutions
2026-06-06T23:14:44.902Z - SUCCESS - info@triple-edinburg-bbq-grill.com - Lead: Triple Edinburg BBQ & Grill
2026-06-06T23:14:45.904Z - SUCCESS - sales@absolute-shingle-siding-of-cohoes.com - Lead: Absolute Shingle & Siding of Cohoes
2026-06-06T23:14:46.905Z - SUCCESS - contact@golden-cooling-solutions-of-rye.com - Lead: Golden Cooling Solutions of Rye
2026-06-06T23:14:47.907Z - SUCCESS - contact@frontier-olean-air-systems.com - Lead: Frontier Olean Air Systems
2026-06-06T23:14:48.908Z - SUCCESS - info@valley-sushi-bar.com - Lead: Valley Sushi Bar
2026-06-06T23:14:49.910Z - SUCCESS - contact@prime-mechanical-of-mechanicville.com - Lead: Prime Mechanical of Mechanicville
2026-06-06T23:14:50.911Z - SUCCESS - info@house-of-oro-valley-diner.com - Lead: House of Oro Valley Diner
2026-06-06T23:14:51.912Z - SUCCESS - contact@top-hvac-solutions-of-rome.com - Lead: Top HVAC Solutions of Rome
2026-06-06T23:14:52.913Z - SUCCESS - sales@sky-albany-roofers.com - Lead: Sky Albany Roofers
2026-06-06T23:14:53.914Z - SUCCESS - contact@service-climate-control-of-southlake.com - Lead: Service Climate Control of Southlake
2026-06-06T23:14:54.916Z - SUCCESS - info@casa-big-spring-restaurant.com - Lead: Casa Big Spring Restaurant
2026-06-06T23:14:55.917Z - SUCCESS - contact@express-climate-control-of-keller.com - Lead: Express Climate Control of Keller
2026-06-06T23:14:56.918Z - SUCCESS - info@golden-kitchen.com - Lead: Golden Kitchen
2026-06-06T23:14:57.919Z - SUCCESS - contact@home-el-paso-hvac-solutions.com - Lead: Home El Paso HVAC Solutions
2026-06-06T23:14:58.921Z - SUCCESS - sales@guardian-roofing.com - Lead: Guardian Roofing
2026-06-06T23:14:59.921Z - SUCCESS - info@midtown-little-falls-italian-kitchen.com - Lead: Midtown Little Falls Italian Kitchen
2026-06-06T23:15:00.924Z - SUCCESS - sales@noble-north-tonawanda-home-improvements.com - Lead: Noble North Tonawanda Home Improvements
2026-06-06T23:15:01.925Z - SUCCESS - contact@silver-service-experts-of-college-station.com - Lead: Silver Service Experts of College Station
2026-06-06T23:15:02.927Z - SUCCESS - info@little-dallas-bbq-grill.com - Lead: Little Dallas BBQ & Grill
2026-06-06T23:15:03.928Z - SUCCESS - contact@quality-chandler-air-conditioning.com - Lead: Quality Chandler Air Conditioning
2026-06-06T23:15:04.930Z - SUCCESS - info@santa-fe-jamestown-bbq-grill.com - Lead: Santa Fe Jamestown BBQ & Grill
2026-06-06T23:15:05.931Z - SUCCESS - contact@west-air-systems-of-elmira.com - Lead: West Air Systems of Elmira
2026-06-06T23:15:06.933Z - SUCCESS - contact@cool-hvac-of-peoria.com - Lead: Cool HVAC of Peoria
2026-06-06T23:15:07.933Z - SUCCESS - contact@green-air-conditioning-heating.com - Lead: Green Air Conditioning & Heating
2026-06-06T23:15:08.935Z - SUCCESS - contact@reliable-new-york-city-temperature-control.com - Lead: Reliable New York City Temperature Control
2026-06-06T23:15:09.936Z - SUCCESS - contact@national-hvac-of-carrollton.com - Lead: National HVAC of Carrollton
2026-06-06T23:15:10.937Z - SUCCESS - info@bella-kitchen.com - Lead: Bella Kitchen
2026-06-06T23:15:11.939Z - SUCCESS - sales@signature-metal-roofing-of-troy.com - Lead: Signature Metal Roofing of Troy
2026-06-06T23:15:12.940Z - SUCCESS - contact@southwest-hvac-solutions.com - Lead: Southwest HVAC Solutions
2026-06-06T23:15:13.941Z - SUCCESS - contact@heritage-climate-control.com - Lead: Heritage Climate Control
2026-06-06T23:15:14.943Z - SUCCESS - contact@green-air-conditioning-heating.com - Lead: Green Air Conditioning & Heating
2026-06-06T23:15:15.944Z - SUCCESS - contact@valley-service-experts-of-jamestown.com - Lead: Valley Service Experts of Jamestown
2026-06-06T23:15:16.946Z - SUCCESS - sales@silver-roof-gutter.com - Lead: Silver Roof & Gutter
2026-06-06T23:15:17.947Z - SUCCESS - info@harvest-taqueria.com - Lead: Harvest Taqueria
2026-06-06T23:19:17.738Z - SUCCESS - info@fork-mission-italian-kitchen.com - Lead: Fork & Mission Italian Kitchen
2026-06-06T23:19:17.839Z - SUCCESS - sales@shield-roofing-of-wickenburg.com - Lead: Shield Roofing of Wickenburg
2026-06-06T23:19:17.939Z - SUCCESS - sales@royal-holbrook-roofing-company.com - Lead: Royal Holbrook Roofing Company
2026-06-06T23:19:18.040Z - SUCCESS - sales@victory-roofing-solutions-of-pflugerville.com - Lead: Victory Roofing Solutions of Pflugerville
2026-06-06T23:19:18.140Z - SUCCESS - contact@valley-temperature-control-of-conroe.com - Lead: Valley Temperature Control of Conroe
2026-06-06T23:19:18.241Z - SUCCESS - sales@gulf-home-improvements-of-pearland.com - Lead: Gulf Home Improvements of Pearland
2026-06-06T23:19:18.341Z - SUCCESS - contact@gulf-mechanical-of-kyle.com - Lead: Gulf Mechanical of Kyle
2026-06-06T23:19:18.442Z - SUCCESS - info@olive-norwich-bbq-grill.com - Lead: Olive Norwich BBQ & Grill
2026-06-06T23:19:18.542Z - SUCCESS - sales@central-roof-specialists-of-apache-junction.com - Lead: Central Roof Specialists of Apache Junction
2026-06-06T23:19:18.643Z - SUCCESS - sales@boss-tonawanda-roofing-services.com - Lead: Boss Tonawanda Roofing Services
2026-06-06T23:19:18.743Z - SUCCESS - info@first-coppell-taqueria.com - Lead: First Coppell Taqueria
2026-06-06T23:19:18.843Z - SUCCESS - sales@tough-roofers.com - Lead: Tough Roofers
2026-06-06T23:19:18.944Z - SUCCESS - info@la-bistro-bar.com - Lead: La Bistro & Bar
2026-06-06T23:19:19.044Z - SUCCESS - info@piazza-diner.com - Lead: Piazza Diner
2026-06-06T23:19:19.145Z - SUCCESS - sales@eagle-corpus-christi-roofing-services.com - Lead: Eagle Corpus Christi Roofing Services
2026-06-06T23:19:19.245Z - SUCCESS - contact@american-bedford-cooling-heating.com - Lead: American Bedford Cooling & Heating
2026-06-06T23:19:19.345Z - SUCCESS - contact@home-ac-heating-of-casa-grande.com - Lead: Home AC & Heating of Casa Grande
2026-06-06T23:19:19.446Z - SUCCESS - info@red-fort-worth-grille.com - Lead: Red Fort Worth Grille
2026-06-06T23:19:19.546Z - SUCCESS - info@valley-mexican-grill.com - Lead: Valley Mexican Grill
2026-06-06T23:19:19.647Z - SUCCESS - contact@national-climate-control.com - Lead: National Climate Control
2026-06-06T23:19:19.747Z - SUCCESS - contact@west-heating-cooling-of-amarillo.com - Lead: West Heating & Cooling of Amarillo
2026-06-06T23:19:19.847Z - SUCCESS - sales@five-star-roofing-contractors-of-conroe.com - Lead: Five Star Roofing Contractors of Conroe
2026-06-06T23:19:19.948Z - SUCCESS - info@royal-allen-sushi-bar.com - Lead: Royal Allen Sushi Bar
2026-06-06T23:19:20.048Z - SUCCESS - sales@advanced-paris-roofing.com - Lead: Advanced Paris Roofing
2026-06-06T23:19:20.149Z - SUCCESS - info@new-taqueria.com - Lead: New Taqueria
2026-06-06T23:19:20.249Z - SUCCESS - info@grand-greenville-diner.com - Lead: Grand Greenville Diner
2026-06-06T23:19:20.349Z - SUCCESS - sales@lone-star-roofing-construction-of-little-elm.com - Lead: Lone Star Roofing & Construction of Little Elm
2026-06-06T23:19:20.450Z - SUCCESS - info@summit-missouri-city-steakhouse.com - Lead: Summit Missouri City Steakhouse
2026-06-06T23:19:20.550Z - SUCCESS - sales@rescue-roof-gutter-of-ogdensburg.com - Lead: Rescue Roof & Gutter of Ogdensburg
2026-06-06T23:19:20.650Z - SUCCESS - sales@secure-construction-roofing.com - Lead: Secure Construction & Roofing
2026-06-06T23:19:20.751Z - SUCCESS - info@paradise-mount-vernon-bbq-grill.com - Lead: Paradise Mount Vernon BBQ & Grill
2026-06-06T23:19:20.851Z - SUCCESS - info@seven-chino-valley-restaurant.com - Lead: Seven Chino Valley Restaurant
2026-06-06T23:19:20.951Z - SUCCESS - sales@absolute-exteriors-of-middletown.com - Lead: Absolute Exteriors of Middletown
2026-06-06T23:19:21.052Z - SUCCESS - info@salt-schenectady-sushi-bar.com - Lead: Salt Schenectady Sushi Bar
2026-06-06T23:19:21.152Z - SUCCESS - contact@national-ac-heating-of-rochester.com - Lead: National AC & Heating of Rochester
2026-06-06T23:19:21.252Z - SUCCESS - sales@alpine-roofing-services.com - Lead: Alpine Roofing Services
2026-06-06T23:19:21.353Z - SUCCESS - sales@express-newburgh-shingle-siding.com - Lead: Express Newburgh Shingle & Siding
2026-06-06T23:19:21.453Z - SUCCESS - sales@vista-metal-roofing.com - Lead: Vista Metal Roofing
2026-06-06T23:19:21.553Z - SUCCESS - info@union-grille.com - Lead: Union Grille
2026-06-06T23:19:21.654Z - SUCCESS - contact@patriot-heating-cooling.com - Lead: Patriot Heating & Cooling
2026-06-06T23:19:21.754Z - SUCCESS - sales@five-star-roofing-contractors.com - Lead: Five Star Roofing Contractors
2026-06-06T23:19:21.854Z - SUCCESS - info@port-bakery-cafe.com - Lead: Port Bakery & Cafe
2026-06-06T23:19:21.955Z - SUCCESS - contact@right-hvac-solutions.com - Lead: Right HVAC Solutions
2026-06-06T23:19:22.055Z - SUCCESS - sales@tough-roof-gutter-of-nogales.com - Lead: Tough Roof & Gutter of Nogales
2026-06-06T23:19:22.156Z - SUCCESS - info@market-bistro-bar.com - Lead: Market Bistro & Bar
2026-06-06T23:19:22.256Z - SUCCESS - contact@central-ac-heating.com - Lead: Central AC & Heating
2026-06-06T23:19:22.356Z - SUCCESS - info@town-carrollton-bakery-cafe.com - Lead: Town Carrollton Bakery & Cafe
2026-06-06T23:19:22.457Z - SUCCESS - info@first-harlingen-bbq-grill.com - Lead: First Harlingen BBQ & Grill
2026-06-06T23:19:22.557Z - SUCCESS - info@town-pizzeria.com - Lead: Town Pizzeria
2026-06-06T23:19:22.657Z - SUCCESS - contact@desert-allen-climate-control.com - Lead: Desert Allen Climate Control
2026-06-06T23:19:22.758Z - SUCCESS - contact@elite-grand-prairie-air-conditioning-heating.com - Lead: Elite Grand Prairie Air Conditioning & Heating
2026-06-06T23:19:22.858Z - SUCCESS - contact@patriot-air-conditioning.com - Lead: Patriot Air Conditioning
2026-06-06T23:19:22.958Z - SUCCESS - contact@home-air-systems-of-mesquite.com - Lead: Home Air Systems of Mesquite
2026-06-06T23:19:23.059Z - SUCCESS - sales@western-paradise-valley-roofing-co.com - Lead: Western Paradise Valley Roofing Co.
2026-06-06T23:19:23.159Z - SUCCESS - info@el-georgetown-steakhouse.com - Lead: El Georgetown Steakhouse
2026-06-06T23:19:23.259Z - SUCCESS - info@el-lancaster-eatery.com - Lead: El Lancaster Eatery
2026-06-06T23:19:23.360Z - SUCCESS - sales@pacific-roofers-of-sherman.com - Lead: Pacific Roofers of Sherman
2026-06-06T23:19:23.460Z - SUCCESS - contact@west-lewisville-hvac-solutions.com - Lead: West Lewisville HVAC Solutions
2026-06-06T23:19:23.561Z - SUCCESS - info@sun-hurst-italian-kitchen.com - Lead: Sun Hurst Italian Kitchen
2026-06-06T23:19:23.661Z - SUCCESS - contact@silver-comfort-systems-of-midland.com - Lead: Silver Comfort Systems of Midland
2026-06-06T23:19:23.761Z - SUCCESS - sales@king-roof-specialists-of-florence.com - Lead: King Roof Specialists of Florence
2026-06-06T23:19:23.862Z - SUCCESS - info@top-utica-eatery.com - Lead: Top Utica Eatery
2026-06-06T23:19:23.962Z - SUCCESS - info@triple-plattsburgh-diner.com - Lead: Triple Plattsburgh Diner
2026-06-06T23:19:24.062Z - SUCCESS - info@silver-casa-grande-bbq-grill.com - Lead: Silver Casa Grande BBQ & Grill
2026-06-06T23:19:24.163Z - SUCCESS - contact@iron-new-rochelle-heating-air.com - Lead: Iron New Rochelle Heating & Air
2026-06-06T23:19:24.263Z - SUCCESS - info@golden-bistro-bar.com - Lead: Golden Bistro & Bar
2026-06-06T23:19:24.364Z - SUCCESS - sales@castle-amsterdam-roofing-construction.com - Lead: Castle Amsterdam Roofing & Construction
2026-06-06T23:19:24.464Z - SUCCESS - contact@empire-mechanical.com - Lead: Empire Mechanical
2026-06-06T23:19:24.564Z - SUCCESS - sales@signature-huntsville-home-improvements.com - Lead: Signature Huntsville Home Improvements
2026-06-06T23:19:24.665Z - SUCCESS - info@southwest-kitchen.com - Lead: Southwest Kitchen
2026-06-06T23:19:24.765Z - SUCCESS - sales@lifetime-show-low-shingle-siding.com - Lead: Lifetime Show Low Shingle & Siding
2026-06-06T23:19:24.865Z - SUCCESS - sales@first-metal-roofing-of-rochester.com - Lead: First Metal Roofing of Rochester
2026-06-06T23:19:24.966Z - SUCCESS - contact@climate-stephenville-heating-air.com - Lead: Climate Stephenville Heating & Air
2026-06-06T23:19:25.066Z - SUCCESS - info@market-corning-taqueria.com - Lead: Market Corning Taqueria
2026-06-06T23:19:25.167Z - SUCCESS - info@green-burleson-steakhouse.com - Lead: Green Burleson Steakhouse
2026-06-06T23:19:25.267Z - SUCCESS - sales@reliable-shingle-siding-of-arlington.com - Lead: Reliable Shingle & Siding of Arlington
2026-06-06T23:19:25.367Z - SUCCESS - sales@western-roofing-contractors-of-lubbock.com - Lead: Western Roofing Contractors of Lubbock
2026-06-06T23:19:25.468Z - SUCCESS - info@golden-grapevine-italian-kitchen.com - Lead: Golden Grapevine Italian Kitchen
2026-06-06T23:19:25.568Z - SUCCESS - info@elite-diner.com - Lead: Elite Diner
2026-06-06T23:19:25.669Z - SUCCESS - contact@climate-service-experts-of-buckeye.com - Lead: Climate Service Experts of Buckeye
2026-06-06T23:19:25.769Z - SUCCESS - sales@pro-roofing-services-of-rye.com - Lead: Pro Roofing Services of Rye
2026-06-06T23:19:25.869Z - SUCCESS - info@copper-haltom-city-steakhouse.com - Lead: Copper Haltom City Steakhouse
2026-06-06T23:19:25.969Z - SUCCESS - info@harbor-pizzeria.com - Lead: Harbor Pizzeria
2026-06-06T23:19:26.069Z - SUCCESS - contact@american-newburgh-heating-air.com - Lead: American Newburgh Heating & Air
2026-06-06T23:19:26.170Z - SUCCESS - contact@five-star-ac-heating-of-san-luis.com - Lead: Five Star AC & Heating of San Luis
2026-06-06T23:19:26.270Z - SUCCESS - contact@payless-air-heating.com - Lead: Payless Air & Heating
2026-06-06T23:19:26.370Z - SUCCESS - contact@desert-heating-air.com - Lead: Desert Heating & Air
2026-06-06T23:19:26.471Z - SUCCESS - sales@desert-yuma-roof-gutter.com - Lead: Desert Yuma Roof & Gutter
2026-06-06T23:19:26.571Z - SUCCESS - info@one-syracuse-bbq-grill.com - Lead: One Syracuse BBQ & Grill
2026-06-06T23:19:26.672Z - SUCCESS - info@sun-austin-cafe-grill.com - Lead: Sun Austin Cafe & Grill
2026-06-06T23:19:26.772Z - SUCCESS - info@traditions-elmira-bistro-bar.com - Lead: Traditions Elmira Bistro & Bar
2026-06-06T23:19:26.873Z - SUCCESS - sales@texas-roofing-company-of-tolleson.com - Lead: Texas Roofing Company of Tolleson
2026-06-06T23:19:26.973Z - SUCCESS - info@olive-pizzeria.com - Lead: Olive Pizzeria
2026-06-06T23:19:27.073Z - SUCCESS - info@southwest-corpus-christi-taqueria.com - Lead: Southwest Corpus Christi Taqueria
2026-06-06T23:19:27.174Z - SUCCESS - sales@metal-roofing-of-fort-worth.com - Lead: Metal Roofing of Fort Worth
2026-06-06T23:19:27.274Z - SUCCESS - contact@all-pro-air-heating.com - Lead: All-Pro Air & Heating
2026-06-06T23:19:27.375Z - SUCCESS - info@port-pizza-pasta.com - Lead: Port Pizza & Pasta
2026-06-06T23:19:27.475Z - SUCCESS - contact@sunrise-mechanical-of-ithaca.com - Lead: Sunrise Mechanical of Ithaca
2026-06-06T23:19:27.576Z - SUCCESS - info@union-newburgh-bistro-bar.com - Lead: Union Newburgh Bistro & Bar
2026-06-06T23:19:27.676Z - SUCCESS - contact@total-hvac-services-of-san-marcos.com - Lead: Total HVAC Services of San Marcos
2026-06-06T23:19:27.777Z - SUCCESS - contact@arrow-hudson-heating-cooling.com - Lead: Arrow Hudson Heating & Cooling
2026-06-06T23:19:27.878Z - SUCCESS - sales@weather-brownsville-roofing-solutions.com - Lead: Weather Brownsville Roofing Solutions
2026-06-06T23:19:27.978Z - SUCCESS - contact@integrity-richardson-comfort-systems.com - Lead: Integrity Richardson Comfort Systems
2026-06-06T23:19:28.078Z - SUCCESS - contact@atlas-heating-cooling.com - Lead: Atlas Heating & Cooling
2026-06-06T23:19:28.179Z - SUCCESS - info@main-brownsville-restaurant.com - Lead: Main Brownsville Restaurant
2026-06-06T23:19:28.279Z - SUCCESS - sales@master-roof-gutter-of-harlingen.com - Lead: Master Roof & Gutter of Harlingen
2026-06-06T23:19:28.379Z - SUCCESS - info@olive-socorro-grille.com - Lead: Olive Socorro Grille
2026-06-06T23:19:28.479Z - SUCCESS - contact@right-air-conditioning-heating-of-waco.com - Lead: Right Air Conditioning & Heating of Waco
2026-06-06T23:19:28.579Z - SUCCESS - contact@norton-hvac.com - Lead: Norton HVAC
2026-06-06T23:19:28.679Z - SUCCESS - info@el-glens-falls-mexican-grill.com - Lead: El Glens Falls Mexican Grill
2026-06-06T23:19:28.780Z - SUCCESS - sales@tough-roof-specialists-of-desoto.com - Lead: Tough Roof Specialists of DeSoto
2026-06-06T23:19:28.880Z - SUCCESS - info@state-apache-junction-diner.com - Lead: State Apache Junction Diner
2026-06-06T23:19:28.980Z - SUCCESS - contact@crown-ac-heating.com - Lead: Crown AC & Heating
2026-06-06T23:19:29.081Z - SUCCESS - sales@ridge-nacogdoches-roofing-contractors.com - Lead: Ridge Nacogdoches Roofing Contractors
2026-06-06T23:19:29.181Z - SUCCESS - contact@white-air-systems-of-tempe.com - Lead: White Air Systems of Tempe
2026-06-06T23:19:29.281Z - SUCCESS - info@triple-plano-restaurant.com - Lead: Triple Plano Restaurant
2026-06-06T23:19:29.382Z - SUCCESS - contact@united-service-experts-of-douglas.com - Lead: United Service Experts of Douglas
2026-06-06T23:19:29.482Z - SUCCESS - sales@vista-abilene-roofing-company.com - Lead: Vista Abilene Roofing Company
2026-06-06T23:19:29.582Z - SUCCESS - contact@mountain-hvac-services-of-new-braunfels.com - Lead: Mountain HVAC Services of New Braunfels
2026-06-06T23:19:29.683Z - SUCCESS - info@embers-bbq-grill.com - Lead: Embers BBQ & Grill
2026-06-06T23:19:29.783Z - SUCCESS - info@original-restaurant.com - Lead: Original Restaurant
2026-06-06T23:19:29.884Z - SUCCESS - info@triple-houston-bbq-grill.com - Lead: Triple Houston BBQ & Grill
2026-06-06T23:19:29.984Z - SUCCESS - sales@best-shingle-siding-of-safford.com - Lead: Best Shingle & Siding of Safford
2026-06-06T23:19:30.084Z - SUCCESS - sales@master-hornell-roofers.com - Lead: Master Hornell Roofers
2026-06-06T23:19:30.185Z - SUCCESS - contact@american-batavia-ac-heating.com - Lead: American Batavia AC & Heating
2026-06-06T23:19:30.285Z - SUCCESS - contact@universal-georgetown-hvac-services.com - Lead: Universal Georgetown HVAC Services
2026-06-06T23:19:30.385Z - SUCCESS - info@triple-cafe-grill.com - Lead: Triple Cafe & Grill
2026-06-06T23:19:30.486Z - SUCCESS - contact@red-texas-city-temperature-control.com - Lead: Red Texas City Temperature Control
2026-06-06T23:19:30.586Z - SUCCESS - sales@pride-roofing-company-of-north-richland-hills.com - Lead: Pride Roofing Company of North Richland Hills
2026-06-06T23:19:30.687Z - SUCCESS - contact@capital-climate-control-of-haltom-city.com - Lead: Capital Climate Control of Haltom City
2026-06-06T23:19:30.787Z - SUCCESS - contact@crown-holbrook-service-experts.com - Lead: Crown Holbrook Service Experts
2026-06-06T23:19:30.887Z - SUCCESS - sales@empire-parker-exteriors.com - Lead: Empire Parker Exteriors
2026-06-06T23:19:30.988Z - SUCCESS - contact@rapid-heating-air-of-denton.com - Lead: Rapid Heating & Air of Denton
2026-06-06T23:19:31.088Z - SUCCESS - info@three-olean-sushi-bar.com - Lead: Three Olean Sushi Bar
2026-06-06T23:19:31.188Z - SUCCESS - info@pine-bistro-bar.com - Lead: Pine Bistro & Bar
2026-06-06T23:19:31.289Z - SUCCESS - info@main-youngtown-grille.com - Lead: Main Youngtown Grille
2026-06-06T23:19:31.389Z - SUCCESS - info@wild-el-paso-sushi-bar.com - Lead: Wild El Paso Sushi Bar
2026-06-06T23:19:31.490Z - SUCCESS - info@old-town-rensselaer-restaurant.com - Lead: Old Town Rensselaer Restaurant
2026-06-06T23:19:31.590Z - SUCCESS - contact@right-massena-air-heating.com - Lead: Right Massena Air & Heating
2026-06-06T23:19:31.690Z - SUCCESS - contact@high-desert-air-systems.com - Lead: High Desert Air Systems
2026-06-06T23:19:31.791Z - SUCCESS - contact@universal-cooling-heating-of-irving.com - Lead: Universal Cooling & Heating of Irving
2026-06-06T23:19:31.891Z - SUCCESS - contact@universal-mechanical-of-paris.com - Lead: Universal Mechanical of Paris
2026-06-06T23:19:31.991Z - SUCCESS - contact@clear-missouri-city-hvac.com - Lead: Clear Missouri City HVAC
2026-06-06T23:19:32.092Z - SUCCESS - contact@express-cooling-heating.com - Lead: Express Cooling & Heating
2026-06-06T23:19:32.192Z - SUCCESS - contact@royal-arlington-air-heating.com - Lead: Royal Arlington Air & Heating
2026-06-06T23:19:32.292Z - SUCCESS - sales@economy-roofing-services.com - Lead: Economy Roofing Services
2026-06-06T23:19:32.393Z - SUCCESS - contact@pro-hvac-services-of-victoria.com - Lead: Pro HVAC Services of Victoria
2026-06-06T23:19:32.493Z - SUCCESS - info@corner-johnstown-bakery-cafe.com - Lead: Corner Johnstown Bakery & Cafe
2026-06-06T23:19:32.593Z - SUCCESS - contact@royal-temperature-control-of-mount-vernon.com - Lead: Royal Temperature Control of Mount Vernon
2026-06-06T23:19:32.694Z - SUCCESS - sales@gulf-san-antonio-roofing.com - Lead: Gulf San Antonio Roofing
2026-06-06T23:19:32.794Z - SUCCESS - sales@red-shingle-siding-of-garland.com - Lead: Red Shingle & Siding of Garland
2026-06-06T23:19:32.895Z - SUCCESS - sales@storm-greenville-roofing-services.com - Lead: Storm Greenville Roofing Services
2026-06-06T23:19:32.995Z - SUCCESS - contact@quality-geneva-hvac-solutions.com - Lead: Quality Geneva HVAC Solutions
2026-06-06T23:19:33.095Z - SUCCESS - contact@a1-harlingen-hvac-services.com - Lead: A1 Harlingen HVAC Services
2026-06-06T23:19:33.195Z - SUCCESS - contact@pioneer-heating-cooling-of-sedona.com - Lead: Pioneer Heating & Cooling of Sedona
2026-06-06T23:19:33.296Z - SUCCESS - sales@golden-roofers-of-keller.com - Lead: Golden Roofers of Keller
2026-06-06T23:19:33.396Z - SUCCESS - info@river-goodyear-diner.com - Lead: River Goodyear Diner
2026-06-06T23:19:33.496Z - SUCCESS - info@a-new-york-city-mexican-grill.com - Lead: A New York City Mexican Grill
2026-06-06T23:19:33.597Z - SUCCESS - sales@fortress-gilbert-metal-roofing.com - Lead: Fortress Gilbert Metal Roofing
2026-06-06T23:19:33.697Z - SUCCESS - contact@total-hvac-solutions-of-oneida.com - Lead: Total HVAC Solutions of Oneida
2026-06-06T23:19:33.798Z - SUCCESS - sales@empire-temple-roof-specialists.com - Lead: Empire Temple Roof Specialists
2026-06-06T23:19:33.898Z - SUCCESS - info@original-wichita-falls-eatery.com - Lead: Original Wichita Falls Eatery
2026-06-06T23:19:33.998Z - SUCCESS - contact@american-ac-heating-of-greenville.com - Lead: American AC & Heating of Greenville
2026-06-06T23:19:34.099Z - SUCCESS - contact@capital-hvac-solutions.com - Lead: Capital HVAC Solutions
2026-06-06T23:19:34.199Z - SUCCESS - sales@silver-roofing-co-of-chandler.com - Lead: Silver Roofing Co. of Chandler
2026-06-06T23:19:34.299Z - SUCCESS - info@bella-steakhouse.com - Lead: Bella Steakhouse
2026-06-06T23:19:34.400Z - SUCCESS - sales@signature-kingston-roofing-company.com - Lead: Signature Kingston Roofing Company
2026-06-06T23:19:34.500Z - SUCCESS - sales@elite-coolidge-home-improvements.com - Lead: Elite Coolidge Home Improvements
2026-06-06T23:19:34.600Z - SUCCESS - contact@desert-bullhead-city-comfort-systems.com - Lead: Desert Bullhead City Comfort Systems
2026-06-06T23:19:34.701Z - SUCCESS - contact@service-air-conditioning-heating.com - Lead: Service Air Conditioning & Heating
2026-06-06T23:19:34.801Z - SUCCESS - contact@premier-service-experts-of-poughkeepsie.com - Lead: Premier Service Experts of Poughkeepsie
2026-06-06T23:19:34.901Z - SUCCESS - contact@aa-clifton-hvac.com - Lead: AA Clifton HVAC
2026-06-06T23:19:35.002Z - SUCCESS - info@union-tonawanda-grille.com - Lead: Union Tonawanda Grille
2026-06-06T23:19:35.102Z - SUCCESS - info@city-frisco-diner.com - Lead: City Frisco Diner
2026-06-06T23:19:35.202Z - SUCCESS - sales@rescue-elmira-roofing-contractors.com - Lead: Rescue Elmira Roofing Contractors
2026-06-06T23:19:35.303Z - SUCCESS - contact@aa-mechanical-of-gilbert.com - Lead: AA Mechanical of Gilbert
2026-06-06T23:19:35.403Z - SUCCESS - info@midtown-pizzeria.com - Lead: Midtown Pizzeria
2026-06-06T23:19:35.503Z - SUCCESS - contact@southwest-mechanical-of-oswego.com - Lead: Southwest Mechanical of Oswego
2026-06-06T23:19:35.604Z - SUCCESS - info@olive-stephenville-diner.com - Lead: Olive Stephenville Diner
2026-06-06T23:19:35.704Z - SUCCESS - sales@lone-star-roofing-co-of-socorro.com - Lead: Lone Star Roofing Co. of Socorro
2026-06-06T23:19:35.805Z - SUCCESS - contact@central-prescott-valley-air-heating.com - Lead: Central Prescott Valley Air & Heating
2026-06-06T23:19:35.905Z - SUCCESS - info@summit-diner.com - Lead: Summit Diner
2026-06-06T23:19:36.005Z - SUCCESS - sales@empire-roofing-co.com - Lead: Empire Roofing Co.
2026-06-06T23:19:36.106Z - SUCCESS - info@five-maricopa-steakhouse.com - Lead: Five Maricopa Steakhouse
2026-06-06T23:19:36.206Z - SUCCESS - sales@metal-roofing-company.com - Lead: Metal Roofing Company
2026-06-06T23:19:36.307Z - SUCCESS - sales@grand-new-york-city-home-improvements.com - Lead: Grand New York City Home Improvements
2026-06-06T23:19:36.407Z - SUCCESS - contact@gulf-sugar-land-hvac-services.com - Lead: Gulf Sugar Land HVAC Services
2026-06-06T23:19:36.507Z - SUCCESS - sales@aaa-cedar-park-roofing-remodeling.com - Lead: AAA Cedar Park Roofing & Remodeling
2026-06-06T23:19:36.608Z - SUCCESS - sales@capital-marana-roof-specialists.com - Lead: Capital Marana Roof Specialists
2026-06-06T23:19:36.708Z - SUCCESS - sales@noble-roofing-remodeling-of-beaumont.com - Lead: Noble Roofing & Remodeling of Beaumont
2026-06-06T23:19:36.808Z - SUCCESS - contact@tri-state-hvac-services-of-rosenberg.com - Lead: Tri-State HVAC Services of Rosenberg
2026-06-06T23:19:36.909Z - SUCCESS - contact@tri-state-service-experts-of-lackawanna.com - Lead: Tri-State Service Experts of Lackawanna
2026-06-06T23:19:37.009Z - SUCCESS - sales@big-roofing-solutions-of-mount-vernon.com - Lead: Big Roofing Solutions of Mount Vernon
2026-06-06T23:19:37.110Z - SUCCESS - contact@right-hvac-solutions.com - Lead: Right HVAC Solutions
2026-06-06T23:19:37.210Z - SUCCESS - sales@vista-roofing-company-of-binghamton.com - Lead: Vista Roofing Company of Binghamton
2026-06-06T23:19:37.310Z - SUCCESS - info@piazza-paradise-valley-diner.com - Lead: Piazza Paradise Valley Diner
2026-06-06T23:19:37.411Z - SUCCESS - sales@eagle-coppell-construction-roofing.com - Lead: Eagle Coppell Construction & Roofing
2026-06-06T23:19:37.511Z - SUCCESS - contact@united-comfort-systems.com - Lead: United Comfort Systems
2026-06-06T23:19:37.612Z - SUCCESS - info@triple-kitchen.com - Lead: Triple Kitchen
2026-06-06T23:19:37.713Z - SUCCESS - contact@desert-climate-control-of-plattsburgh.com - Lead: Desert Climate Control of Plattsburgh
2026-06-06T23:19:37.814Z - SUCCESS - sales@first-mechanicville-construction-roofing.com - Lead: First Mechanicville Construction & Roofing
2026-06-06T23:19:37.914Z - SUCCESS - sales@vista-duncanville-roofing-contractors.com - Lead: Vista Duncanville Roofing Contractors
2026-06-06T23:19:38.015Z - SUCCESS - info@el-sedona-mexican-grill.com - Lead: El Sedona Mexican Grill
2026-06-06T23:19:38.115Z - SUCCESS - contact@precision-mechanical-of-nacogdoches.com - Lead: Precision Mechanical of Nacogdoches
2026-06-06T23:19:38.215Z - SUCCESS - contact@best-hvac-solutions-of-show-low.com - Lead: Best HVAC Solutions of Show Low
2026-06-06T23:19:38.316Z - SUCCESS - contact@diamond-hvac-of-kingman.com - Lead: Diamond HVAC of Kingman
2026-06-06T23:19:38.416Z - SUCCESS - sales@shield-round-rock-roofing-solutions.com - Lead: Shield Round Rock Roofing Solutions
2026-06-06T23:19:38.517Z - SUCCESS - sales@keystone-roofing-contractors-of-ilion.com - Lead: Keystone Roofing Contractors of Ilion
2026-06-06T23:19:38.617Z - SUCCESS - info@piazza-taqueria.com - Lead: Piazza Taqueria
2026-06-06T23:19:38.718Z - SUCCESS - sales@blue-roof-gutter.com - Lead: Blue Roof & Gutter
2026-06-06T23:19:38.818Z - SUCCESS - sales@family-roofing-construction-of-sedona.com - Lead: Family Roofing & Construction of Sedona
2026-06-06T23:19:38.918Z - SUCCESS - sales@tower-roofing-of-mamaroneck.com - Lead: Tower Roofing of Mamaroneck
2026-06-06T23:19:39.019Z - SUCCESS - info@port-bullhead-city-bakery-cafe.com - Lead: Port Bullhead City Bakery & Cafe
2026-06-06T23:19:39.119Z - SUCCESS - sales@big-roofing-co-of-youngtown.com - Lead: Big Roofing Co. of Youngtown
2026-06-06T23:19:39.220Z - SUCCESS - sales@southwest-roofers-of-grapevine.com - Lead: Southwest Roofers of Grapevine
2026-06-06T23:19:39.320Z - SUCCESS - info@heritage-steakhouse.com - Lead: Heritage Steakhouse
2026-06-06T23:19:39.420Z - SUCCESS - contact@heritage-oro-valley-air-conditioning.com - Lead: Heritage Oro Valley Air Conditioning
2026-06-06T23:19:39.521Z - SUCCESS - info@famous-eatery.com - Lead: Famous Eatery
2026-06-06T23:19:39.621Z - SUCCESS - contact@silver-cooling-solutions-of-winslow.com - Lead: Silver Cooling Solutions of Winslow
2026-06-06T23:19:39.722Z - SUCCESS - contact@service-tyler-heating-air.com - Lead: Service Tyler Heating & Air
2026-06-06T23:19:39.822Z - SUCCESS - sales@atlas-roofers.com - Lead: Atlas Roofers
2026-06-06T23:19:39.922Z - SUCCESS - info@valley-lockport-pizza-pasta.com - Lead: Valley Lockport Pizza & Pasta
2026-06-06T23:19:40.023Z - SUCCESS - sales@liberty-exteriors-of-university-park.com - Lead: Liberty Exteriors of University Park
2026-06-06T23:19:40.123Z - SUCCESS - info@red-kingston-grille.com - Lead: Red Kingston Grille
2026-06-06T23:19:40.223Z - SUCCESS - info@main-mexican-grill.com - Lead: Main Mexican Grill
2026-06-06T23:19:40.324Z - SUCCESS - info@santa-fe-college-station-restaurant.com - Lead: Santa Fe College Station Restaurant
2026-06-06T23:19:40.424Z - SUCCESS - info@lone-star-north-tonawanda-bbq-grill.com - Lead: Lone Star North Tonawanda BBQ & Grill
2026-06-06T23:19:40.525Z - SUCCESS - sales@integrity-roofing-construction-of-killeen.com - Lead: Integrity Roofing & Construction of Killeen
2026-06-06T23:19:40.625Z - SUCCESS - info@brick-bistro-bar.com - Lead: Brick Bistro & Bar
2026-06-06T23:19:40.725Z - SUCCESS - info@el-duncanville-pizzeria.com - Lead: El Duncanville Pizzeria
2026-06-06T23:19:40.825Z - SUCCESS - sales@master-laredo-roofing-services.com - Lead: Master Laredo Roofing Services
2026-06-06T23:19:40.925Z - SUCCESS - info@sun-mckinney-deli-market.com - Lead: Sun McKinney Deli & Market
2026-06-06T23:19:41.025Z - SUCCESS - contact@golden-cooling-solutions-of-marana.com - Lead: Golden Cooling Solutions of Marana
2026-06-06T23:19:41.126Z - SUCCESS - sales@capital-construction-roofing-of-oro-valley.com - Lead: Capital Construction & Roofing of Oro Valley
2026-06-06T23:19:41.226Z - SUCCESS - sales@a1-metal-roofing.com - Lead: A1 Metal Roofing
2026-06-06T23:19:41.326Z - SUCCESS - sales@atlas-roofing-solutions-of-saratoga-springs.com - Lead: Atlas Roofing Solutions of Saratoga Springs
2026-06-06T23:19:41.427Z - SUCCESS - contact@national-hvac-solutions.com - Lead: National HVAC Solutions
2026-06-06T23:19:41.527Z - SUCCESS - info@triple-tolleson-sushi-bar.com - Lead: Triple Tolleson Sushi Bar
2026-06-06T23:19:41.628Z - SUCCESS - sales@pride-roofing-co.com - Lead: Pride Roofing Co.
2026-06-06T23:19:41.728Z - SUCCESS - info@pine-oneida-cafe-grill.com - Lead: Pine Oneida Cafe & Grill
2026-06-06T23:19:41.828Z - SUCCESS - contact@north-star-temperature-control.com - Lead: North Star Temperature Control
2026-06-06T23:19:41.929Z - SUCCESS - sales@central-mckinney-roofers.com - Lead: Central McKinney Roofers
2026-06-06T23:19:42.029Z - SUCCESS - contact@total-temperature-control.com - Lead: Total Temperature Control
2026-06-06T23:19:42.129Z - SUCCESS - sales@western-roof-gutter-of-college-station.com - Lead: Western Roof & Gutter of College Station
2026-06-06T23:19:42.229Z - SUCCESS - sales@weather-southlake-roofing-services.com - Lead: Weather Southlake Roofing Services
2026-06-06T23:19:42.329Z - SUCCESS - contact@valley-service-experts-of-nogales.com - Lead: Valley Service Experts of Nogales
2026-06-06T23:19:42.430Z - SUCCESS - sales@silver-roofing-remodeling.com - Lead: Silver Roofing & Remodeling
2026-06-06T23:19:42.530Z - SUCCESS - info@mountain-galveston-bistro-bar.com - Lead: Mountain Galveston Bistro & Bar
2026-06-06T23:19:42.630Z - SUCCESS - sales@western-roof-specialists.com - Lead: Western Roof Specialists
2026-06-06T23:19:42.731Z - SUCCESS - sales@noble-tempe-roofers.com - Lead: Noble Tempe Roofers
2026-06-07T08:07:21.575Z - TEST_SEND - dbcsec@gmail.com - SUCCESS
2026-06-08T22:43:14.986Z - SUCCESS - info@heritage-hudson-restaurant.com - MsgId: <0100019ea9678696-9e79a4d6-bac8-434d-91eb-3a41638cebd7-000000@email.amazonses.com>
2026-06-08T22:43:21.451Z - SUCCESS - dbcsec@gmail.com - MsgId: <0100019ea9679fb2-fb22fbcb-413e-4e23-b3b3-0cebd7c4500f-000000@email.amazonses.com>
2026-06-08T22:43:24.769Z - SUCCESS - info@heritage-hudson-restaurant.com - MsgId: <0100019ea967acea-20a6af83-f310-4c80-9370-bf1f9779b789-000000@email.amazonses.com>
2026-06-08T22:43:25.805Z - SUCCESS - info@red-mamaroneck-kitchen.com - MsgId: <0100019ea967b0c4-8f008d72-5cac-4ddd-bb23-e8eea6f26b64-000000@email.amazonses.com>
2026-06-08T22:43:26.789Z - SUCCESS - info@crown-rochester-bbq-grill.com - MsgId: <0100019ea967b49b-9a14a274-c1b8-4c05-9e14-ffe11c827985-000000@email.amazonses.com>
2026-06-08T22:43:27.867Z - SUCCESS - sales@express-buffalo-roofing-solutions.com - MsgId: <0100019ea967b8d4-6480d6c0-2ff0-49d3-9a86-0466917e0a17-000000@email.amazonses.com>
2026-06-08T22:43:28.924Z - SUCCESS - contact@north-star-air-heating.com - MsgId: <0100019ea967bc9a-1f048043-fc63-4ad4-b53a-42740a971e86-000000@email.amazonses.com>
2026-06-08T22:43:29.963Z - SUCCESS - contact@new-kingston-hvac.com - MsgId: <0100019ea967c113-e5a3f008-11d5-4bce-94e3-6030d5d45413-000000@email.amazonses.com>
2026-06-08T22:43:30.871Z - SUCCESS - sales@rescue-missouri-city-roofers.com - MsgId: <0100019ea967c4b4-f8285850-1508-4748-8e33-c861abc19532-000000@email.amazonses.com>
2026-06-08T22:43:31.900Z - SUCCESS - info@sunset-grille.com - MsgId: <0100019ea967c8ac-484d3645-f844-462e-b74f-fa05eaf14bd9-000000@email.amazonses.com>
2026-06-08T22:43:32.901Z - SUCCESS - info@seven-ithaca-deli-market.com - MsgId: <0100019ea967cca7-5e312d59-aa34-4d9a-8338-4533b9fded74-000000@email.amazonses.com>
2026-06-08T22:43:33.924Z - SUCCESS - info@union-yuma-steakhouse.com - MsgId: <0100019ea967d091-669eb8f9-d73a-45cb-9522-00b5b747a7d9-000000@email.amazonses.com>
2026-06-08T22:43:35.044Z - SUCCESS - info@mesa-lewisville-bakery-cafe.com - MsgId: <0100019ea967d4ef-46f477d0-ec35-4df3-9be3-c738b641c746-000000@email.amazonses.com>
2026-06-08T22:43:35.960Z - SUCCESS - sales@secure-lancaster-metal-roofing.com - MsgId: <0100019ea967d890-28a070ab-2067-4582-9dd4-b91eb9a882c4-000000@email.amazonses.com>
2026-06-08T22:43:37.070Z - SUCCESS - contact@elite-glen-cove-air-heating.com - MsgId: <0100019ea967dc8d-2f0f9054-a8f1-46f0-8b15-921fd4ff7e07-000000@email.amazonses.com>
2026-06-08T22:43:38.019Z - SUCCESS - sales@integrity-exteriors-of-port-arthur.com - MsgId: <0100019ea967e09e-c9cdaa2c-995f-4ab9-b6f1-5a5b1c6dd732-000000@email.amazonses.com>
2026-06-08T22:43:39.010Z - SUCCESS - sales@southwest-roofing-contractors.com - MsgId: <0100019ea967e431-91ecbbda-2b59-4379-8c6d-04e0066a340a-000000@email.amazonses.com>
2026-06-08T22:43:39.934Z - SUCCESS - contact@atlas-heating-air-of-payson.com - MsgId: <0100019ea967e7f5-cbc9eb53-0e2c-4131-8f27-41928bd72acd-000000@email.amazonses.com>
2026-06-08T22:43:40.967Z - SUCCESS - contact@five-star-cooling-heating-of-johnstown.com - MsgId: <0100019ea967ec01-97bcff4d-6d3a-4cca-b53f-654f4a6f2cda-000000@email.amazonses.com>
2026-06-08T22:43:41.856Z - SUCCESS - sales@all-american-exteriors.com - MsgId: <0100019ea967ef9d-8524d971-d379-41c9-96d9-ca9db948e595-000000@email.amazonses.com>
2026-06-08T22:43:42.809Z - SUCCESS - sales@total-construction-roofing-of-haverstraw.com - MsgId: <0100019ea967f383-da1abbd2-36c3-415e-8c53-63f6711c309e-000000@email.amazonses.com>
2026-06-08T22:43:43.686Z - SUCCESS - info@state-restaurant.com - MsgId: <0100019ea967f6b7-e3b6975a-4a45-4eff-80b7-d7498da460d1-000000@email.amazonses.com>
2026-06-08T22:43:44.732Z - SUCCESS - sales@steadfast-casa-grande-roofing-construction.com - MsgId: <0100019ea967fab5-aa1d4849-7eab-4830-9c93-c9693919b0ec-000000@email.amazonses.com>
2026-06-08T22:43:45.760Z - SUCCESS - sales@western-roofing-co.com - MsgId: <0100019ea967fe6c-9a095880-bc7f-4518-a41e-c4a7270ca1fe-000000@email.amazonses.com>
2026-06-08T22:43:46.664Z - SUCCESS - info@five-mesa-diner.com - MsgId: <0100019ea968027d-e3ca4a2d-e256-4565-8ec8-dd6b6b2195d4-000000@email.amazonses.com>
2026-06-08T22:43:47.701Z - SUCCESS - info@casa-kitchen.com - MsgId: <0100019ea9680650-54716a3c-8b1b-4ba2-9724-3c928031ca88-000000@email.amazonses.com>
2026-06-08T22:43:48.823Z - SUCCESS - info@main-rye-cafe-grill.com - MsgId: <0100019ea9680a84-ade05ae8-cb15-4e39-a65b-53d32b727905-000000@email.amazonses.com>
2026-06-08T22:43:49.744Z - SUCCESS - contact@red-hvac-services.com - MsgId: <0100019ea9680e65-18c652ab-7936-4f97-b410-a38cd7b975f8-000000@email.amazonses.com>
2026-06-08T22:43:50.637Z - SUCCESS - info@famous-university-park-pizza-pasta.com - MsgId: <0100019ea9681200-d50dc319-c21e-4419-b3fd-e15aa55da270-000000@email.amazonses.com>
2026-06-08T22:43:51.640Z - SUCCESS - info@mountain-grille.com - MsgId: <0100019ea96815d1-d9a47e7b-f7e2-4beb-8295-02eabf2161ae-000000@email.amazonses.com>
2026-06-08T22:43:52.585Z - SUCCESS - sales@city-roofing-company-of-prescott.com - MsgId: <0100019ea9681956-b39f364e-137e-4e32-920b-738646178195-000000@email.amazonses.com>
2026-06-08T22:43:53.564Z - SUCCESS - sales@desert-roofing-of-galveston.com - MsgId: <0100019ea9681d8a-3f4be542-c898-4a3a-8014-4c792d751038-000000@email.amazonses.com>
2026-06-08T22:43:54.421Z - SUCCESS - sales@valley-roofing-contractors-of-flagstaff.com - MsgId: <0100019ea96820bb-46f263c8-5ba9-486a-a763-359fb3905478-000000@email.amazonses.com>
2026-06-08T22:43:55.285Z - SUCCESS - sales@guardian-big-spring-roofing-company.com - MsgId: <0100019ea9682417-75b1387b-6a10-4295-bf41-91196de85fab-000000@email.amazonses.com>
2026-06-08T22:43:56.088Z - SUCCESS - contact@texas-fort-worth-temperature-control.com - MsgId: <0100019ea9682772-d42d313f-5786-40da-a63a-bc534fa91a31-000000@email.amazonses.com>
2026-06-08T22:43:57.106Z - SUCCESS - info@a-cottonwood-pizza-pasta.com - MsgId: <0100019ea9682b28-a5b3d142-c190-4d44-b602-bb308de12776-000000@email.amazonses.com>
2026-06-08T22:43:58.153Z - SUCCESS - contact@tri-state-maricopa-hvac-solutions.com - MsgId: <0100019ea9682f38-ff400553-9191-4ffb-bbd9-291389849c73-000000@email.amazonses.com>
2026-06-08T22:43:59.079Z - SUCCESS - sales@superior-roofing-remodeling-of-plattsburgh.com - MsgId: <0100019ea96832d0-1094cf61-713e-473b-bde8-e0a92a29cb9e-000000@email.amazonses.com>
2026-06-08T22:43:59.984Z - SUCCESS - contact@frontier-schenectady-temperature-control.com - MsgId: <0100019ea968367b-4e5e5a27-c722-4e61-b397-d879ea3c44a2-000000@email.amazonses.com>
2026-06-08T22:44:01.022Z - SUCCESS - contact@king-hvac.com - MsgId: <0100019ea9683a4f-1c9c3d6e-c3c2-401b-aea7-60bbe1106b95-000000@email.amazonses.com>
2026-06-08T22:44:01.889Z - SUCCESS - contact@sahara-hvac-of-north-richland-hills.com - MsgId: <0100019ea9683ded-0734bb00-aa54-4b7c-be71-a013c5c09d40-000000@email.amazonses.com>
2026-06-08T22:44:02.783Z - SUCCESS - contact@patriot-heating-cooling-of-yonkers.com - MsgId: <0100019ea9684159-da0168cd-1800-4246-b932-686a84736755-000000@email.amazonses.com>
2026-06-08T22:44:03.863Z - SUCCESS - sales@master-richardson-roofing-company.com - MsgId: <0100019ea9684544-c0c21a90-48ef-4710-92b1-bc75e29d474f-000000@email.amazonses.com>
2026-06-08T22:44:04.765Z - SUCCESS - contact@top-temperature-control-of-buffalo.com - MsgId: <0100019ea968492a-44719fd2-dd18-4616-9872-06975d0937a1-000000@email.amazonses.com>
2026-06-08T22:44:05.650Z - SUCCESS - info@house-of-rosenberg-bbq-grill.com - MsgId: <0100019ea9684c9c-b349f057-74b0-4f56-82d2-9978b781d2b4-000000@email.amazonses.com>
2026-06-08T22:44:06.661Z - SUCCESS - sales@gulf-roofing-solutions-of-victoria.com - MsgId: <0100019ea968509f-22fb67d5-78a7-4a79-86c4-b30a7921e013-000000@email.amazonses.com>
2026-06-08T22:44:07.586Z - SUCCESS - contact@cool-temple-heating-cooling.com - MsgId: <0100019ea9685402-79accf5d-91a8-4884-a37e-6cd486d74f56-000000@email.amazonses.com>
2026-06-08T22:44:08.583Z - SUCCESS - info@one-italian-kitchen.com - MsgId: <0100019ea9685805-19152194-8969-41f1-91ac-03f07e5ff6da-000000@email.amazonses.com>
2026-06-08T22:44:09.581Z - SUCCESS - contact@abc-climate-control-of-prescott.com - MsgId: <0100019ea9685c15-5e75f30c-1a7e-43c8-9373-3f94af072b4e-000000@email.amazonses.com>
2026-06-08T22:44:10.599Z - SUCCESS - sales@pro-exteriors-of-avondale.com - MsgId: <0100019ea9685fd6-99d34dbd-6f64-4b68-8b9d-53ab78b752f0-000000@email.amazonses.com>
2026-06-08T22:44:11.465Z - SUCCESS - sales@top-yonkers-roof-specialists.com - MsgId: <0100019ea968636e-69b12167-80ca-45a9-8151-e11a58d36929-000000@email.amazonses.com>
2026-06-08T22:44:12.354Z - SUCCESS - contact@arrow-galveston-air-systems.com - MsgId: <0100019ea96866be-1714c2bf-28cf-4898-8a06-775d22c7005a-000000@email.amazonses.com>
2026-06-08T22:44:13.234Z - SUCCESS - contact@texas-air-conditioning-heating-of-parker.com - MsgId: <0100019ea9686a41-1bcef4ba-9f71-44b1-8750-f358a12c5f0a-000000@email.amazonses.com>
2026-06-08T22:44:14.131Z - SUCCESS - contact@mountain-heating-air-of-surprise.com - MsgId: <0100019ea9686da2-b7390bb1-ebd0-4f3e-b4a6-b3bb3585da47-000000@email.amazonses.com>
2026-06-08T22:44:15.215Z - SUCCESS - info@blue-texas-city-pizza-pasta.com - MsgId: <0100019ea96871ed-df9e9278-c1d4-46fb-ac2b-0cfa202551de-000000@email.amazonses.com>
2026-06-08T22:44:16.217Z - SUCCESS - info@elite-grille.com - MsgId: <0100019ea96875d5-8de819ee-d577-4cbf-9623-a2e65118cf1e-000000@email.amazonses.com>
2026-06-08T22:44:17.218Z - SUCCESS - sales@heritage-roofing-co-of-san-luis.com - MsgId: <0100019ea96879d7-d1e90b8b-2265-414d-8364-c7e9fa8129a5-000000@email.amazonses.com>
2026-06-08T22:44:18.137Z - SUCCESS - info@blue-tempe-bakery-cafe.com - MsgId: <0100019ea9687d2c-abb0490e-80e1-4bd1-a292-dc15d72f160f-000000@email.amazonses.com>
2026-06-08T22:44:19.313Z - SUCCESS - info@river-odessa-grille.com - MsgId: <0100019ea968813c-bb1e6ea1-0178-4220-920c-c4c41146c918-000000@email.amazonses.com>
2026-06-08T22:44:20.186Z - SUCCESS - info@three-bisbee-diner.com - MsgId: <0100019ea968856e-ff53459a-4a10-4400-8aa8-f846fee88a49-000000@email.amazonses.com>
2026-06-08T22:44:21.066Z - SUCCESS - sales@southwest-roofers-of-prescott-valley.com - MsgId: <0100019ea96888ca-e3850cfc-0a6c-484d-81db-dbb8b33985aa-000000@email.amazonses.com>
2026-06-08T22:44:22.146Z - SUCCESS - info@five-mechanicville-kitchen.com - MsgId: <0100019ea9688d00-99ad8691-7e5a-4d83-940a-a121f2b2bb27-000000@email.amazonses.com>
2026-06-08T22:44:23.142Z - SUCCESS - sales@alpine-roofing-co-of-mission.com - MsgId: <0100019ea96890da-c306386f-b61c-4a70-81fa-d96372904188-000000@email.amazonses.com>
2026-06-08T22:44:24.208Z - SUCCESS - sales@american-chino-valley-home-improvements.com - MsgId: <0100019ea96894e0-95c597eb-9a0e-4235-b4bb-47da66a8f6b0-000000@email.amazonses.com>
2026-06-08T22:44:25.158Z - SUCCESS - contact@red-hvac-of-amsterdam.com - MsgId: <0100019ea9689886-899cbdb8-887d-4f4b-b941-d9e011441a5e-000000@email.amazonses.com>
2026-06-08T22:44:26.211Z - SUCCESS - contact@high-desert-climate-control-of-huntsville.com - MsgId: <0100019ea9689cd6-ed830e21-07f1-4e47-840f-ba446b0103d2-000000@email.amazonses.com>
2026-06-08T22:44:27.220Z - SUCCESS - contact@sunrise-abilene-air-heating.com - MsgId: <0100019ea968a0dc-4346d876-c9c1-4c5d-8036-2bf9a10b1ec0-000000@email.amazonses.com>
2026-06-08T22:44:28.119Z - SUCCESS - contact@silver-hvac-solutions.com - MsgId: <0100019ea968a44f-9487f4c3-f8bd-43b2-a398-d52f54e82a11-000000@email.amazonses.com>
2026-06-08T22:44:29.217Z - SUCCESS - info@triple-edinburg-bbq-grill.com - MsgId: <0100019ea968a855-2e31816e-2e3d-44ec-a428-e1d1e15def91-000000@email.amazonses.com>
2026-06-08T22:44:30.217Z - SUCCESS - sales@absolute-shingle-siding-of-cohoes.com - MsgId: <0100019ea968acaf-98704451-a694-4ef6-85b9-311170b97d31-000000@email.amazonses.com>
2026-06-08T22:44:31.188Z - SUCCESS - contact@golden-cooling-solutions-of-rye.com - MsgId: <0100019ea968b021-6b6aa798-8f05-445b-9149-d60448a7c8fd-000000@email.amazonses.com>
2026-06-08T22:44:32.214Z - SUCCESS - contact@frontier-olean-air-systems.com - MsgId: <0100019ea968b446-5cdd48d0-58c8-486a-86ef-076115366a96-000000@email.amazonses.com>
2026-06-08T22:44:33.297Z - SUCCESS - info@valley-sushi-bar.com - MsgId: <0100019ea968b83c-ef8931f9-c01e-4598-af32-2144820e4bf2-000000@email.amazonses.com>
2026-06-08T22:44:34.323Z - SUCCESS - contact@prime-mechanical-of-mechanicville.com - MsgId: <0100019ea968bc8b-a0b5f98f-9784-43f3-b303-4f20cb946e98-000000@email.amazonses.com>
2026-06-08T22:44:35.326Z - SUCCESS - info@house-of-oro-valley-diner.com - MsgId: <0100019ea968c070-5cb4b614-b37f-4f9d-a85e-e757b713ad05-000000@email.amazonses.com>
2026-06-08T22:44:36.236Z - SUCCESS - contact@top-hvac-solutions-of-rome.com - MsgId: <0100019ea968c3fa-e2cc325f-5e33-4748-a367-eebb89893bfb-000000@email.amazonses.com>
2026-06-08T22:44:37.292Z - SUCCESS - sales@sky-albany-roofers.com - MsgId: <0100019ea968c7fe-0f814309-176d-471f-aa07-02f0eb70f501-000000@email.amazonses.com>
2026-06-08T22:44:38.267Z - SUCCESS - contact@service-climate-control-of-southlake.com - MsgId: <0100019ea968cba1-6b0cf883-a45d-4500-bc4f-4d3b4aafadaf-000000@email.amazonses.com>
2026-06-08T22:44:39.234Z - SUCCESS - info@casa-big-spring-restaurant.com - MsgId: <0100019ea968cfd1-0c8bded9-db6a-44b4-b59d-e3bd5fa9eac3-000000@email.amazonses.com>
2026-06-08T22:44:40.152Z - SUCCESS - contact@express-climate-control-of-keller.com - MsgId: <0100019ea968d34b-dd4042f5-dfae-4aad-b942-57faaaa3d5c7-000000@email.amazonses.com>
2026-06-08T22:44:41.037Z - SUCCESS - info@golden-kitchen.com - MsgId: <0100019ea968d6c1-32121b8a-e4c6-479f-a886-4d210895beb5-000000@email.amazonses.com>
2026-06-08T22:44:42.177Z - SUCCESS - contact@home-el-paso-hvac-solutions.com - MsgId: <0100019ea968dac5-32d99c3d-d1a1-4e1a-a231-54580347ea1c-000000@email.amazonses.com>
2026-06-08T22:44:43.247Z - SUCCESS - sales@guardian-roofing.com - MsgId: <0100019ea968df38-cdee6217-2061-4981-b7f7-5f74f1c63ef4-000000@email.amazonses.com>
2026-06-08T22:44:44.264Z - SUCCESS - info@midtown-little-falls-italian-kitchen.com - MsgId: <0100019ea968e37b-c569d41b-d7f2-4f52-a36e-9505960a8d67-000000@email.amazonses.com>
2026-06-08T22:44:45.284Z - SUCCESS - sales@noble-north-tonawanda-home-improvements.com - MsgId: <0100019ea968e756-53a35899-21be-4584-a085-0b1f24e793a8-000000@email.amazonses.com>
2026-06-08T22:44:46.233Z - SUCCESS - contact@silver-service-experts-of-college-station.com - MsgId: <0100019ea968eb43-17015660-f2ef-4d70-befb-65bfcd585dc5-000000@email.amazonses.com>
2026-06-08T22:44:47.190Z - SUCCESS - info@little-dallas-bbq-grill.com - MsgId: <0100019ea968eeeb-253128c9-d31c-4267-af2e-4660f3a22184-000000@email.amazonses.com>
2026-06-08T22:44:48.047Z - SUCCESS - contact@quality-chandler-air-conditioning.com - MsgId: <0100019ea968f255-a6435122-59b0-4ba1-b9e3-3ff4ea4b743a-000000@email.amazonses.com>
2026-06-08T22:44:49.056Z - SUCCESS - info@santa-fe-jamestown-bbq-grill.com - MsgId: <0100019ea968f612-7086c5a2-629e-4ae2-bcdf-43d60cb9c1fa-000000@email.amazonses.com>
2026-06-08T22:44:49.979Z - SUCCESS - contact@west-air-systems-of-elmira.com - MsgId: <0100019ea968f993-6dcec1f0-547a-4eef-b41d-fcf5486778fe-000000@email.amazonses.com>
2026-06-08T22:44:51.090Z - SUCCESS - contact@cool-hvac-of-peoria.com - MsgId: <0100019ea968fda9-84f47feb-742a-4435-a4a4-6b167a1389e8-000000@email.amazonses.com>
2026-06-08T22:44:52.095Z - SUCCESS - contact@green-air-conditioning-heating.com - MsgId: <0100019ea9690213-6cffd42f-8cf2-47ed-9330-ed5b9ad7d5a8-000000@email.amazonses.com>
2026-06-08T22:44:52.977Z - SUCCESS - contact@reliable-new-york-city-temperature-control.com - MsgId: <0100019ea9690561-51819438-a84d-4c35-934c-436b68666a2d-000000@email.amazonses.com>
2026-06-08T22:44:53.961Z - SUCCESS - contact@national-hvac-of-carrollton.com - MsgId: <0100019ea96908eb-755e9bdf-8938-4dd1-9d6e-acd74d66fbbd-000000@email.amazonses.com>
2026-06-08T22:44:55.003Z - SUCCESS - info@bella-kitchen.com - MsgId: <0100019ea9690d5b-6e6239f6-b808-4b13-813e-f02dcc9e1eaa-000000@email.amazonses.com>
2026-06-08T22:44:56.026Z - SUCCESS - sales@signature-metal-roofing-of-troy.com - MsgId: <0100019ea9691144-a6a533a5-1d71-43fc-a1b6-2563d196e8a0-000000@email.amazonses.com>
2026-06-08T22:44:56.904Z - SUCCESS - contact@southwest-hvac-solutions.com - MsgId: <0100019ea96914db-e3c29c5f-7db9-4577-b220-ffacdbd56e79-000000@email.amazonses.com>
2026-06-08T22:44:57.872Z - SUCCESS - contact@heritage-climate-control.com - MsgId: <0100019ea9691863-b6e946a9-89bd-4493-873e-f8315e453353-000000@email.amazonses.com>
2026-06-08T22:44:58.819Z - SUCCESS - contact@green-air-conditioning-heating.com - MsgId: <0100019ea9691bff-abacefcd-c62f-4038-a75b-669995d9c462-000000@email.amazonses.com>
2026-06-08T22:44:59.582Z - FAILURE - contact@valley-service-experts-of-jamestown.com - Error: Status: 429, Body: {"name":"RateLimitError","message":"Daily send limit exceeded"}
2026-06-08T22:45:00.324Z - FAILURE - sales@silver-roof-gutter.com - Error: Status: 429, Body: {"name":"RateLimitError","message":"Daily send limit exceeded"}
2026-06-08T22:45:00.974Z - FAILURE - info@harvest-taqueria.com - Error: Status: 429, Body: {"name":"RateLimitError","message":"Daily send limit exceeded"}
2026-06-08T22:45:01.985Z - FAILURE - info@casa-kitchen.com - Error: Status: 403, Body: {"name":"MessageRejectedError","message":"Message rejected: Recipient(s) blocked: info@casa-kitchen.com (bounced)"}
2026-06-08T22:45:02.218Z - FAILURE - info@main-rye-cafe-grill.com - Error: Status: 429, Body: {"name":"RateLimitError","message":"Daily send limit exceeded"}
2026-06-08T22:45:02.432Z - FAILURE - contact@red-hvac-services.com - Error: Status: 429, Body: {"name":"RateLimitError","message":"Daily send limit exceeded"}
2026-06-08T22:45:02.659Z - FAILURE - info@famous-university-park-pizza-pasta.com - Error: Status: 429, Body: {"name":"RateLimitError","message":"Daily send limit exceeded"}
2026-06-08T22:45:02.916Z - FAILURE - info@mountain-grille.com - Error: Status: 429, Body: {"name":"RateLimitError","message":"Daily send limit exceeded"}
2026-06-08T22:45:03.198Z - FAILURE - sales@city-roofing-company-of-prescott.com - Error: Status: 429, Body: {"name":"RateLimitError","message":"Daily send limit exceeded"}
2026-06-08T22:45:03.558Z - FAILURE - sales@desert-roofing-of-galveston.com - Error: Status: 429, Body: {"name":"RateLimitError","message":"Daily send limit exceeded"}
2026-06-08T22:45:03.810Z - FAILURE - sales@valley-roofing-contractors-of-flagstaff.com - Error: Status: 429, Body: {"name":"RateLimitError","message":"Daily send limit exceeded"}
2026-06-08T22:45:04.162Z - FAILURE - sales@guardian-big-spring-roofing-company.com - Error: Status: 429, Body: {"name":"RateLimitError","message":"Daily send limit exceeded"}
2026-06-08T22:45:04.493Z - FAILURE - contact@texas-fort-worth-temperature-control.com - Error: Status: 429, Body: {"name":"RateLimitError","message":"Daily send limit exceeded"}
2026-06-08T22:45:04.730Z - FAILURE - info@a-cottonwood-pizza-pasta.com - Error: Status: 429, Body: {"name":"RateLimitError","message":"Daily send limit exceeded"}
2026-06-08T22:45:05.074Z - FAILURE - contact@tri-state-maricopa-hvac-solutions.com - Error: Status: 429, Body: {"name":"RateLimitError","message":"Daily send limit exceeded"}
2026-06-08T22:45:05.316Z - FAILURE - sales@superior-roofing-remodeling-of-plattsburgh.com - Error: Status: 429, Body: {"name":"RateLimitError","message":"Daily send limit exceeded"}
2026-06-08T22:45:05.689Z - FAILURE - contact@frontier-schenectady-temperature-control.com - Error: Status: 429, Body: {"name":"RateLimitError","message":"Daily send limit exceeded"}
2026-06-08T22:45:05.934Z - FAILURE - contact@king-hvac.com - Error: Status: 429, Body: {"name":"RateLimitError","message":"Daily send limit exceeded"}
2026-06-08T22:45:06.151Z - FAILURE - contact@sahara-hvac-of-north-richland-hills.com - Error: Status: 429, Body: {"name":"RateLimitError","message":"Daily send limit exceeded"}
2026-06-08T22:45:06.372Z - FAILURE - contact@patriot-heating-cooling-of-yonkers.com - Error: Status: 429, Body: {"name":"RateLimitError","message":"Daily send limit exceeded"}
2026-06-08T22:45:06.592Z - FAILURE - sales@master-richardson-roofing-company.com - Error: Status: 429, Body: {"name":"RateLimitError","message":"Daily send limit exceeded"}
2026-06-08T22:45:06.812Z - FAILURE - contact@top-temperature-control-of-buffalo.com - Error: Status: 429, Body: {"name":"RateLimitError","message":"Daily send limit exceeded"}
2026-06-08T22:45:07.161Z - FAILURE - info@house-of-rosenberg-bbq-grill.com - Error: Status: 429, Body: {"name":"RateLimitError","message":"Daily send limit exceeded"}
2026-06-08T22:45:07.402Z - FAILURE - sales@gulf-roofing-solutions-of-victoria.com - Error: Status: 429, Body: {"name":"RateLimitError","message":"Daily send limit exceeded"}
2026-06-08T22:45:07.620Z - FAILURE - contact@cool-temple-heating-cooling.com - Error: Status: 429, Body: {"name":"RateLimitError","message":"Daily send limit exceeded"}
2026-06-08T22:45:07.982Z - FAILURE - info@one-italian-kitchen.com - Error: Status: 429, Body: {"name":"RateLimitError","message":"Daily send limit exceeded"}
2026-06-08T22:45:08.356Z - FAILURE - contact@abc-climate-control-of-prescott.com - Error: Status: 429, Body: {"name":"RateLimitError","message":"Daily send limit exceeded"}
2026-06-08T22:45:08.579Z - FAILURE - sales@pro-exteriors-of-avondale.com - Error: Status: 429, Body: {"name":"RateLimitError","message":"Daily send limit exceeded"}
2026-06-08T22:45:08.936Z - FAILURE - sales@top-yonkers-roof-specialists.com - Error: Status: 429, Body: {"name":"RateLimitError","message":"Daily send limit exceeded"}
2026-06-08T22:45:09.289Z - FAILURE - contact@arrow-galveston-air-systems.com - Error: Status: 429, Body: {"name":"RateLimitError","message":"Daily send limit exceeded"}
2026-06-08T22:45:09.511Z - FAILURE - contact@texas-air-conditioning-heating-of-parker.com - Error: Status: 429, Body: {"name":"RateLimitError","message":"Daily send limit exceeded"}
2026-06-08T22:45:09.735Z - FAILURE - contact@mountain-heating-air-of-surprise.com - Error: Status: 429, Body: {"name":"RateLimitError","message":"Daily send limit exceeded"}
2026-06-08T22:45:10.478Z - FAILURE - info@blue-texas-city-pizza-pasta.com - Error: Status: 429, Body: {"name":"RateLimitError","message":"Daily send limit exceeded"}
2026-06-08T22:45:10.841Z - FAILURE - info@elite-grille.com - Error: Status: 429, Body: {"name":"RateLimitError","message":"Daily send limit exceeded"}
2026-06-08T22:45:11.078Z - FAILURE - sales@heritage-roofing-co-of-san-luis.com - Error: Status: 429, Body: {"name":"RateLimitError","message":"Daily send limit exceeded"}
2026-06-08T22:45:11.413Z - FAILURE - info@blue-tempe-bakery-cafe.com - Error: Status: 429, Body: {"name":"RateLimitError","message":"Daily send limit exceeded"}
2026-06-08T22:45:11.750Z - FAILURE - info@river-odessa-grille.com - Error: Status: 429, Body: {"name":"RateLimitError","message":"Daily send limit exceeded"}
2026-06-08T22:45:12.101Z - FAILURE - info@three-bisbee-diner.com - Error: Status: 429, Body: {"name":"RateLimitError","message":"Daily send limit exceeded"}
2026-06-08T22:45:12.462Z - FAILURE - sales@southwest-roofers-of-prescott-valley.com - Error: Status: 429, Body: {"name":"RateLimitError","message":"Daily send limit exceeded"}
2026-06-08T22:45:12.823Z - FAILURE - info@five-mechanicville-kitchen.com - Error: Status: 429, Body: {"name":"RateLimitError","message":"Daily send limit exceeded"}
2026-06-08T22:45:13.068Z - FAILURE - sales@alpine-roofing-co-of-mission.com - Error: Status: 429, Body: {"name":"RateLimitError","message":"Daily send limit exceeded"}
2026-06-08T22:45:13.306Z - FAILURE - sales@american-chino-valley-home-improvements.com - Error: Status: 429, Body: {"name":"RateLimitError","message":"Daily send limit exceeded"}
2026-06-08T22:45:13.883Z - FAILURE - contact@red-hvac-of-amsterdam.com - Error: Status: 429, Body: {"name":"RateLimitError","message":"Daily send limit exceeded"}
2026-06-08T22:45:14.101Z - FAILURE - contact@high-desert-climate-control-of-huntsville.com - Error: Status: 429, Body: {"name":"RateLimitError","message":"Daily send limit exceeded"}
2026-06-08T22:45:14.439Z - FAILURE - contact@sunrise-abilene-air-heating.com - Error: Status: 429, Body: {"name":"RateLimitError","message":"Daily send limit exceeded"}
2026-06-08T22:45:14.779Z - FAILURE - contact@silver-hvac-solutions.com - Error: Status: 429, Body: {"name":"RateLimitError","message":"Daily send limit exceeded"}
2026-06-08T22:45:15.001Z - FAILURE - info@triple-edinburg-bbq-grill.com - Error: Status: 429, Body: {"name":"RateLimitError","message":"Daily send limit exceeded"}
2026-06-08T22:45:15.243Z - FAILURE - sales@absolute-shingle-siding-of-cohoes.com - Error: Status: 429, Body: {"name":"RateLimitError","message":"Daily send limit exceeded"}
2026-06-08T22:45:15.499Z - FAILURE - contact@golden-cooling-solutions-of-rye.com - Error: Status: 429, Body: {"name":"RateLimitError","message":"Daily send limit exceeded"}
2026-06-08T22:45:15.738Z - FAILURE - contact@frontier-olean-air-systems.com - Error: Status: 429, Body: {"name":"RateLimitError","message":"Daily send limit exceeded"}
2026-06-08T22:45:15.958Z - FAILURE - info@valley-sushi-bar.com - Error: Status: 429, Body: {"name":"RateLimitError","message":"Daily send limit exceeded"}
2026-06-08T22:45:16.203Z - FAILURE - contact@prime-mechanical-of-mechanicville.com - Error: Status: 429, Body: {"name":"RateLimitError","message":"Daily send limit exceeded"}
2026-06-08T22:45:16.443Z - FAILURE - info@house-of-oro-valley-diner.com - Error: Status: 429, Body: {"name":"RateLimitError","message":"Daily send limit exceeded"}
2026-06-08T22:45:16.824Z - FAILURE - contact@top-hvac-solutions-of-rome.com - Error: Status: 429, Body: {"name":"RateLimitError","message":"Daily send limit exceeded"}
2026-06-08T22:45:17.162Z - FAILURE - sales@sky-albany-roofers.com - Error: Status: 429, Body: {"name":"RateLimitError","message":"Daily send limit exceeded"}
2026-06-08T22:45:17.498Z - FAILURE - contact@service-climate-control-of-southlake.com - Error: Status: 429, Body: {"name":"RateLimitError","message":"Daily send limit exceeded"}
2026-06-08T22:45:17.736Z - FAILURE - info@casa-big-spring-restaurant.com - Error: Status: 429, Body: {"name":"RateLimitError","message":"Daily send limit exceeded"}
2026-06-08T22:45:18.102Z - FAILURE - contact@express-climate-control-of-keller.com - Error: Status: 429, Body: {"name":"RateLimitError","message":"Daily send limit exceeded"}
2026-06-08T22:45:18.440Z - FAILURE - info@golden-kitchen.com - Error: Status: 429, Body: {"name":"RateLimitError","message":"Daily send limit exceeded"}
2026-06-08T22:45:18.660Z - FAILURE - contact@home-el-paso-hvac-solutions.com - Error: Status: 429, Body: {"name":"RateLimitError","message":"Daily send limit exceeded"}
2026-06-08T22:45:18.876Z - FAILURE - sales@guardian-roofing.com - Error: Status: 403, Body: {"name":"MessageRejectedError","message":"Message rejected: Recipient(s) blocked: sales@guardian-roofing.com (bounced)"}
2026-06-08T22:45:19.236Z - FAILURE - info@midtown-little-falls-italian-kitchen.com - Error: Status: 429, Body: {"name":"RateLimitError","message":"Daily send limit exceeded"}
2026-06-08T22:45:19.590Z - FAILURE - sales@noble-north-tonawanda-home-improvements.com - Error: Status: 429, Body: {"name":"RateLimitError","message":"Daily send limit exceeded"}
2026-06-08T22:45:19.942Z - FAILURE - contact@silver-service-experts-of-college-station.com - Error: Status: 429, Body: {"name":"RateLimitError","message":"Daily send limit exceeded"}
2026-06-08T22:45:20.304Z - FAILURE - info@little-dallas-bbq-grill.com - Error: Status: 429, Body: {"name":"RateLimitError","message":"Daily send limit exceeded"}
2026-06-08T22:45:20.605Z - FAILURE - contact@quality-chandler-air-conditioning.com - Error: Status: 429, Body: {"name":"RateLimitError","message":"Daily send limit exceeded"}
2026-06-08T22:45:20.965Z - FAILURE - info@santa-fe-jamestown-bbq-grill.com - Error: Status: 429, Body: {"name":"RateLimitError","message":"Daily send limit exceeded"}
2026-06-08T22:45:21.345Z - FAILURE - contact@west-air-systems-of-elmira.com - Error: Status: 429, Body: {"name":"RateLimitError","message":"Daily send limit exceeded"}
2026-06-08T22:45:21.586Z - FAILURE - contact@cool-hvac-of-peoria.com - Error: Status: 429, Body: {"name":"RateLimitError","message":"Daily send limit exceeded"}
2026-06-08T22:45:21.885Z - FAILURE - contact@green-air-conditioning-heating.com - Error: Status: 429, Body: {"name":"RateLimitError","message":"Daily send limit exceeded"}
2026-06-08T22:45:22.131Z - FAILURE - contact@reliable-new-york-city-temperature-control.com - Error: Status: 429, Body: {"name":"RateLimitError","message":"Daily send limit exceeded"}
2026-06-08T22:45:22.367Z - FAILURE - contact@national-hvac-of-carrollton.com - Error: Status: 429, Body: {"name":"RateLimitError","message":"Daily send limit exceeded"}
2026-06-08T22:45:22.593Z - FAILURE - info@bella-kitchen.com - Error: Status: 403, Body: {"name":"MessageRejectedError","message":"Message rejected: Recipient(s) blocked: info@bella-kitchen.com (bounced)"}
2026-06-08T22:45:22.935Z - FAILURE - sales@signature-metal-roofing-of-troy.com - Error: Status: 429, Body: {"name":"RateLimitError","message":"Daily send limit exceeded"}
2026-06-08T22:45:23.330Z - FAILURE - contact@southwest-hvac-solutions.com - Error: Status: 429, Body: {"name":"RateLimitError","message":"Daily send limit exceeded"}
2026-06-08T22:45:23.672Z - FAILURE - contact@heritage-climate-control.com - Error: Status: 429, Body: {"name":"RateLimitError","message":"Daily send limit exceeded"}
2026-06-08T22:45:24.045Z - FAILURE - contact@green-air-conditioning-heating.com - Error: Status: 429, Body: {"name":"RateLimitError","message":"Daily send limit exceeded"}
2026-06-08T22:45:24.390Z - FAILURE - contact@valley-service-experts-of-jamestown.com - Error: Status: 429, Body: {"name":"RateLimitError","message":"Daily send limit exceeded"}
2026-06-08T22:45:24.631Z - FAILURE - sales@silver-roof-gutter.com - Error: Status: 429, Body: {"name":"RateLimitError","message":"Daily send limit exceeded"}
2026-06-08T22:45:24.973Z - FAILURE - info@harvest-taqueria.com - Error: Status: 429, Body: {"name":"RateLimitError","message":"Daily send limit exceeded"}
2026-06-08T22:45:25.335Z - FAILURE - info@fork-mission-italian-kitchen.com - Error: Status: 429, Body: {"name":"RateLimitError","message":"Daily send limit exceeded"}
2026-06-08T22:45:25.672Z - FAILURE - sales@shield-roofing-of-wickenburg.com - Error: Status: 429, Body: {"name":"RateLimitError","message":"Daily send limit exceeded"}
2026-06-08T22:45:26.077Z - FAILURE - sales@royal-holbrook-roofing-company.com - Error: Status: 429, Body: {"name":"RateLimitError","message":"Daily send limit exceeded"}
2026-06-08T22:45:26.312Z - FAILURE - sales@victory-roofing-solutions-of-pflugerville.com - Error: Status: 429, Body: {"name":"RateLimitError","message":"Daily send limit exceeded"}
2026-06-08T22:45:26.533Z - FAILURE - contact@valley-temperature-control-of-conroe.com - Error: Status: 429, Body: {"name":"RateLimitError","message":"Daily send limit exceeded"}
2026-06-08T22:45:26.871Z - FAILURE - sales@gulf-home-improvements-of-pearland.com - Error: Status: 429, Body: {"name":"RateLimitError","message":"Daily send limit exceeded"}
2026-06-08T22:45:27.220Z - FAILURE - contact@gulf-mechanical-of-kyle.com - Error: Status: 429, Body: {"name":"RateLimitError","message":"Daily send limit exceeded"}
2026-06-08T22:45:27.456Z - FAILURE - info@olive-norwich-bbq-grill.com - Error: Status: 429, Body: {"name":"RateLimitError","message":"Daily send limit exceeded"}
2026-06-08T22:45:27.808Z - FAILURE - sales@central-roof-specialists-of-apache-junction.com - Error: Status: 429, Body: {"name":"RateLimitError","message":"Daily send limit exceeded"}
2026-06-08T22:45:28.138Z - FAILURE - sales@boss-tonawanda-roofing-services.com - Error: Status: 429, Body: {"name":"RateLimitError","message":"Daily send limit exceeded"}
2026-06-08T22:45:28.474Z - FAILURE - info@first-coppell-taqueria.com - Error: Status: 429, Body: {"name":"RateLimitError","message":"Daily send limit exceeded"}
2026-06-08T22:45:28.696Z - FAILURE - sales@tough-roofers.com - Error: Status: 429, Body: {"name":"RateLimitError","message":"Daily send limit exceeded"}
2026-06-08T22:45:29.039Z - FAILURE - info@la-bistro-bar.com - Error: Status: 429, Body: {"name":"RateLimitError","message":"Daily send limit exceeded"}
2026-06-08T22:45:29.385Z - FAILURE - info@piazza-diner.com - Error: Status: 429, Body: {"name":"RateLimitError","message":"Daily send limit exceeded"}
2026-06-08T22:45:29.617Z - FAILURE - sales@eagle-corpus-christi-roofing-services.com - Error: Status: 429, Body: {"name":"RateLimitError","message":"Daily send limit exceeded"}
2026-06-08T22:45:29.883Z - FAILURE - contact@american-bedford-cooling-heating.com - Error: Status: 429, Body: {"name":"RateLimitError","message":"Daily send limit exceeded"}
2026-06-08T22:45:30.128Z - FAILURE - contact@home-ac-heating-of-casa-grande.com - Error: Status: 429, Body: {"name":"RateLimitError","message":"Daily send limit exceeded"}
2026-06-08T22:45:30.389Z - FAILURE - info@red-fort-worth-grille.com - Error: Status: 429, Body: {"name":"RateLimitError","message":"Daily send limit exceeded"}
2026-06-08T22:45:30.756Z - FAILURE - info@valley-mexican-grill.com - Error: Status: 429, Body: {"name":"RateLimitError","message":"Daily send limit exceeded"}
2026-06-08T22:45:31.123Z - FAILURE - contact@national-climate-control.com - Error: Status: 429, Body: {"name":"RateLimitError","message":"Daily send limit exceeded"}
2026-06-08T22:45:31.526Z - FAILURE - contact@west-heating-cooling-of-amarillo.com - Error: Status: 429, Body: {"name":"RateLimitError","message":"Daily send limit exceeded"}
2026-06-08T22:45:31.861Z - FAILURE - sales@five-star-roofing-contractors-of-conroe.com - Error: Status: 429, Body: {"name":"RateLimitError","message":"Daily send limit exceeded"}
2026-06-08T22:45:32.117Z - FAILURE - info@royal-allen-sushi-bar.com - Error: Status: 429, Body: {"name":"RateLimitError","message":"Daily send limit exceeded"}
2026-06-08T22:45:32.487Z - FAILURE - sales@advanced-paris-roofing.com - Error: Status: 429, Body: {"name":"RateLimitError","message":"Daily send limit exceeded"}
2026-06-08T22:45:32.785Z - FAILURE - info@new-taqueria.com - Error: Status: 429, Body: {"name":"RateLimitError","message":"Daily send limit exceeded"}
2026-06-08T22:45:33.144Z - FAILURE - info@grand-greenville-diner.com - Error: Status: 429, Body: {"name":"RateLimitError","message":"Daily send limit exceeded"}
2026-06-08T22:45:33.509Z - FAILURE - sales@lone-star-roofing-construction-of-little-elm.com - Error: Status: 429, Body: {"name":"RateLimitError","message":"Daily send limit exceeded"}
2026-06-08T22:45:33.782Z - FAILURE - info@summit-missouri-city-steakhouse.com - Error: Status: 429, Body: {"name":"RateLimitError","message":"Daily send limit exceeded"}
2026-06-08T22:45:34.145Z - FAILURE - sales@rescue-roof-gutter-of-ogdensburg.com - Error: Status: 429, Body: {"name":"RateLimitError","message":"Daily send limit exceeded"}
2026-06-08T22:45:34.370Z - FAILURE - sales@secure-construction-roofing.com - Error: Status: 429, Body: {"name":"RateLimitError","message":"Daily send limit exceeded"}
2026-06-08T22:45:34.728Z - FAILURE - info@paradise-mount-vernon-bbq-grill.com - Error: Status: 429, Body: {"name":"RateLimitError","message":"Daily send limit exceeded"}
2026-06-08T22:45:34.948Z - FAILURE - info@seven-chino-valley-restaurant.com - Error: Status: 429, Body: {"name":"RateLimitError","message":"Daily send limit exceeded"}
2026-06-08T22:45:35.324Z - FAILURE - sales@absolute-exteriors-of-middletown.com - Error: Status: 429, Body: {"name":"RateLimitError","message":"Daily send limit exceeded"}
2026-06-08T22:45:35.552Z - FAILURE - info@salt-schenectady-sushi-bar.com - Error: Status: 429, Body: {"name":"RateLimitError","message":"Daily send limit exceeded"}
2026-06-08T22:45:35.786Z - FAILURE - contact@national-ac-heating-of-rochester.com - Error: Status: 429, Body: {"name":"RateLimitError","message":"Daily send limit exceeded"}
2026-06-08T22:45:36.142Z - FAILURE - sales@alpine-roofing-services.com - Error: Status: 429, Body: {"name":"RateLimitError","message":"Daily send limit exceeded"}
2026-06-08T22:45:36.362Z - FAILURE - sales@express-newburgh-shingle-siding.com - Error: Status: 429, Body: {"name":"RateLimitError","message":"Daily send limit exceeded"}
2026-06-08T22:45:36.587Z - FAILURE - sales@vista-metal-roofing.com - Error: Status: 429, Body: {"name":"RateLimitError","message":"Daily send limit exceeded"}
2026-06-08T22:45:36.943Z - FAILURE - info@union-grille.com - Error: Status: 429, Body: {"name":"RateLimitError","message":"Daily send limit exceeded"}
2026-06-08T22:45:37.210Z - FAILURE - contact@patriot-heating-cooling.com - Error: Status: 429, Body: {"name":"RateLimitError","message":"Daily send limit exceeded"}
2026-06-08T22:45:37.477Z - FAILURE - sales@five-star-roofing-contractors.com - Error: Status: 429, Body: {"name":"RateLimitError","message":"Daily send limit exceeded"}
2026-06-08T22:45:37.839Z - FAILURE - info@port-bakery-cafe.com - Error: Status: 429, Body: {"name":"RateLimitError","message":"Daily send limit exceeded"}
2026-06-08T22:45:38.178Z - FAILURE - contact@right-hvac-solutions.com - Error: Status: 429, Body: {"name":"RateLimitError","message":"Daily send limit exceeded"}
2026-06-08T22:45:38.401Z - FAILURE - sales@tough-roof-gutter-of-nogales.com - Error: Status: 429, Body: {"name":"RateLimitError","message":"Daily send limit exceeded"}
2026-06-08T22:45:39.044Z - FAILURE - info@market-bistro-bar.com - Error: Status: 429, Body: {"name":"RateLimitError","message":"Daily send limit exceeded"}
2026-06-08T22:45:39.401Z - FAILURE - contact@central-ac-heating.com - Error: Status: 429, Body: {"name":"RateLimitError","message":"Daily send limit exceeded"}
2026-06-08T22:45:39.760Z - FAILURE - info@town-carrollton-bakery-cafe.com - Error: Status: 429, Body: {"name":"RateLimitError","message":"Daily send limit exceeded"}
2026-06-08T22:45:39.978Z - FAILURE - info@first-harlingen-bbq-grill.com - Error: Status: 429, Body: {"name":"RateLimitError","message":"Daily send limit exceeded"}
2026-06-08T22:45:40.322Z - FAILURE - info@town-pizzeria.com - Error: Status: 429, Body: {"name":"RateLimitError","message":"Daily send limit exceeded"}
2026-06-08T22:45:40.680Z - FAILURE - contact@desert-allen-climate-control.com - Error: Status: 429, Body: {"name":"RateLimitError","message":"Daily send limit exceeded"}
2026-06-08T22:45:40.938Z - FAILURE - contact@elite-grand-prairie-air-conditioning-heating.com - Error: Status: 429, Body: {"name":"RateLimitError","message":"Daily send limit exceeded"}
2026-06-08T22:45:41.178Z - FAILURE - contact@patriot-air-conditioning.com - Error: Status: 429, Body: {"name":"RateLimitError","message":"Daily send limit exceeded"}
2026-06-08T22:45:41.399Z - FAILURE - contact@home-air-systems-of-mesquite.com - Error: Status: 429, Body: {"name":"RateLimitError","message":"Daily send limit exceeded"}
2026-06-08T22:45:41.640Z - FAILURE - sales@western-paradise-valley-roofing-co.com - Error: Status: 429, Body: {"name":"RateLimitError","message":"Daily send limit exceeded"}
2026-06-08T22:45:41.880Z - FAILURE - info@el-georgetown-steakhouse.com - Error: Status: 429, Body: {"name":"RateLimitError","message":"Daily send limit exceeded"}
2026-06-08T22:45:42.240Z - FAILURE - info@el-lancaster-eatery.com - Error: Status: 429, Body: {"name":"RateLimitError","message":"Daily send limit exceeded"}
2026-06-08T22:45:42.480Z - FAILURE - sales@pacific-roofers-of-sherman.com - Error: Status: 429, Body: {"name":"RateLimitError","message":"Daily send limit exceeded"}
2026-06-08T22:45:42.740Z - FAILURE - contact@west-lewisville-hvac-solutions.com - Error: Status: 429, Body: {"name":"RateLimitError","message":"Daily send limit exceeded"}
2026-06-08T22:45:43.001Z - FAILURE - info@sun-hurst-italian-kitchen.com - Error: Status: 429, Body: {"name":"RateLimitError","message":"Daily send limit exceeded"}
2026-06-08T22:45:43.425Z - FAILURE - contact@silver-comfort-systems-of-midland.com - Error: Status: 429, Body: {"name":"RateLimitError","message":"Daily send limit exceeded"}
2026-06-08T22:45:43.644Z - FAILURE - sales@king-roof-specialists-of-florence.com - Error: Status: 429, Body: {"name":"RateLimitError","message":"Daily send limit exceeded"}
2026-06-08T22:45:43.898Z - FAILURE - info@top-utica-eatery.com - Error: Status: 429, Body: {"name":"RateLimitError","message":"Daily send limit exceeded"}
2026-06-08T22:45:44.143Z - FAILURE - info@triple-plattsburgh-diner.com - Error: Status: 429, Body: {"name":"RateLimitError","message":"Daily send limit exceeded"}
2026-06-08T22:45:44.369Z - FAILURE - info@silver-casa-grande-bbq-grill.com - Error: Status: 429, Body: {"name":"RateLimitError","message":"Daily send limit exceeded"}
2026-06-08T22:45:44.759Z - FAILURE - contact@iron-new-rochelle-heating-air.com - Error: Status: 429, Body: {"name":"RateLimitError","message":"Daily send limit exceeded"}
2026-06-08T22:45:45.105Z - FAILURE - info@golden-bistro-bar.com - Error: Status: 429, Body: {"name":"RateLimitError","message":"Daily send limit exceeded"}
2026-06-08T22:45:45.460Z - FAILURE - sales@castle-amsterdam-roofing-construction.com - Error: Status: 429, Body: {"name":"RateLimitError","message":"Daily send limit exceeded"}
2026-06-08T22:45:45.802Z - FAILURE - contact@empire-mechanical.com - Error: Status: 429, Body: {"name":"RateLimitError","message":"Daily send limit exceeded"}
2026-06-08T22:45:46.042Z - FAILURE - sales@signature-huntsville-home-improvements.com - Error: Status: 429, Body: {"name":"RateLimitError","message":"Daily send limit exceeded"}
2026-06-08T22:45:46.381Z - FAILURE - info@southwest-kitchen.com - Error: Status: 429, Body: {"name":"RateLimitError","message":"Daily send limit exceeded"}
2026-06-08T22:45:46.741Z - FAILURE - sales@lifetime-show-low-shingle-siding.com - Error: Status: 429, Body: {"name":"RateLimitError","message":"Daily send limit exceeded"}
2026-06-08T22:45:47.075Z - FAILURE - sales@first-metal-roofing-of-rochester.com - Error: Status: 429, Body: {"name":"RateLimitError","message":"Daily send limit exceeded"}
2026-06-08T22:45:47.436Z - FAILURE - contact@climate-stephenville-heating-air.com - Error: Status: 429, Body: {"name":"RateLimitError","message":"Daily send limit exceeded"}
2026-06-08T22:45:47.675Z - FAILURE - info@market-corning-taqueria.com - Error: Status: 429, Body: {"name":"RateLimitError","message":"Daily send limit exceeded"}
2026-06-08T22:45:48.015Z - FAILURE - info@green-burleson-steakhouse.com - Error: Status: 429, Body: {"name":"RateLimitError","message":"Daily send limit exceeded"}
2026-06-08T22:45:48.242Z - FAILURE - sales@reliable-shingle-siding-of-arlington.com - Error: Status: 429, Body: {"name":"RateLimitError","message":"Daily send limit exceeded"}
2026-06-08T22:45:48.463Z - FAILURE - sales@western-roofing-contractors-of-lubbock.com - Error: Status: 429, Body: {"name":"RateLimitError","message":"Daily send limit exceeded"}
2026-06-08T22:45:48.678Z - FAILURE - info@golden-grapevine-italian-kitchen.com - Error: Status: 429, Body: {"name":"RateLimitError","message":"Daily send limit exceeded"}
2026-06-08T22:45:48.918Z - FAILURE - info@elite-diner.com - Error: Status: 429, Body: {"name":"RateLimitError","message":"Daily send limit exceeded"}
2026-06-08T22:45:49.142Z - FAILURE - contact@climate-service-experts-of-buckeye.com - Error: Status: 429, Body: {"name":"RateLimitError","message":"Daily send limit exceeded"}
2026-06-08T22:45:49.475Z - FAILURE - sales@pro-roofing-services-of-rye.com - Error: Status: 429, Body: {"name":"RateLimitError","message":"Daily send limit exceeded"}
2026-06-08T22:45:49.882Z - FAILURE - info@copper-haltom-city-steakhouse.com - Error: Status: 429, Body: {"name":"RateLimitError","message":"Daily send limit exceeded"}
2026-06-08T22:45:50.217Z - FAILURE - info@harbor-pizzeria.com - Error: Status: 429, Body: {"name":"RateLimitError","message":"Daily send limit exceeded"}
2026-06-08T22:45:50.445Z - FAILURE - contact@american-newburgh-heating-air.com - Error: Status: 429, Body: {"name":"RateLimitError","message":"Daily send limit exceeded"}
2026-06-08T22:45:50.801Z - FAILURE - contact@five-star-ac-heating-of-san-luis.com - Error: Status: 429, Body: {"name":"RateLimitError","message":"Daily send limit exceeded"}
2026-06-08T22:45:51.026Z - FAILURE - contact@payless-air-heating.com - Error: Status: 429, Body: {"name":"RateLimitError","message":"Daily send limit exceeded"}
2026-06-08T22:45:51.257Z - FAILURE - contact@desert-heating-air.com - Error: Status: 429, Body: {"name":"RateLimitError","message":"Daily send limit exceeded"}
2026-06-08T22:45:51.604Z - FAILURE - sales@desert-yuma-roof-gutter.com - Error: Status: 429, Body: {"name":"RateLimitError","message":"Daily send limit exceeded"}
2026-06-08T22:45:51.839Z - FAILURE - info@one-syracuse-bbq-grill.com - Error: Status: 429, Body: {"name":"RateLimitError","message":"Daily send limit exceeded"}
2026-06-08T22:45:52.176Z - FAILURE - info@sun-austin-cafe-grill.com - Error: Status: 429, Body: {"name":"RateLimitError","message":"Daily send limit exceeded"}
2026-06-08T22:45:52.517Z - FAILURE - info@traditions-elmira-bistro-bar.com - Error: Status: 429, Body: {"name":"RateLimitError","message":"Daily send limit exceeded"}
2026-06-08T22:45:52.774Z - FAILURE - sales@texas-roofing-company-of-tolleson.com - Error: Status: 429, Body: {"name":"RateLimitError","message":"Daily send limit exceeded"}
2026-06-08T22:45:53.135Z - FAILURE - info@olive-pizzeria.com - Error: Status: 429, Body: {"name":"RateLimitError","message":"Daily send limit exceeded"}
2026-06-08T22:45:53.358Z - FAILURE - info@southwest-corpus-christi-taqueria.com - Error: Status: 429, Body: {"name":"RateLimitError","message":"Daily send limit exceeded"}
2026-06-08T22:45:53.705Z - FAILURE - sales@metal-roofing-of-fort-worth.com - Error: Status: 429, Body: {"name":"RateLimitError","message":"Daily send limit exceeded"}
2026-06-08T22:45:53.937Z - FAILURE - contact@all-pro-air-heating.com - Error: Status: 429, Body: {"name":"RateLimitError","message":"Daily send limit exceeded"}
2026-06-08T22:45:54.174Z - FAILURE - info@port-pizza-pasta.com - Error: Status: 429, Body: {"name":"RateLimitError","message":"Daily send limit exceeded"}
2026-06-08T22:45:54.516Z - FAILURE - contact@sunrise-mechanical-of-ithaca.com - Error: Status: 429, Body: {"name":"RateLimitError","message":"Daily send limit exceeded"}
2026-06-08T22:45:54.746Z - FAILURE - info@union-newburgh-bistro-bar.com - Error: Status: 429, Body: {"name":"RateLimitError","message":"Daily send limit exceeded"}
2026-06-08T22:45:54.978Z - FAILURE - contact@total-hvac-services-of-san-marcos.com - Error: Status: 429, Body: {"name":"RateLimitError","message":"Daily send limit exceeded"}
2026-06-08T22:45:55.465Z - FAILURE - contact@arrow-hudson-heating-cooling.com - Error: Status: 429, Body: {"name":"RateLimitError","message":"Daily send limit exceeded"}
2026-06-08T22:45:55.800Z - FAILURE - sales@weather-brownsville-roofing-solutions.com - Error: Status: 429, Body: {"name":"RateLimitError","message":"Daily send limit exceeded"}
2026-06-08T22:45:56.164Z - FAILURE - contact@integrity-richardson-comfort-systems.com - Error: Status: 429, Body: {"name":"RateLimitError","message":"Daily send limit exceeded"}
2026-06-08T22:45:56.384Z - FAILURE - contact@atlas-heating-cooling.com - Error: Status: 429, Body: {"name":"RateLimitError","message":"Daily send limit exceeded"}
2026-06-08T22:45:56.717Z - FAILURE - info@main-brownsville-restaurant.com - Error: Status: 429, Body: {"name":"RateLimitError","message":"Daily send limit exceeded"}
2026-06-08T22:45:57.059Z - FAILURE - sales@master-roof-gutter-of-harlingen.com - Error: Status: 429, Body: {"name":"RateLimitError","message":"Daily send limit exceeded"}
2026-06-08T22:45:57.405Z - FAILURE - info@olive-socorro-grille.com - Error: Status: 429, Body: {"name":"RateLimitError","message":"Daily send limit exceeded"}
2026-06-08T22:45:57.777Z - FAILURE - contact@right-air-conditioning-heating-of-waco.com - Error: Status: 429, Body: {"name":"RateLimitError","message":"Daily send limit exceeded"}
2026-06-08T22:45:57.999Z - FAILURE - contact@norton-hvac.com - Error: Status: 429, Body: {"name":"RateLimitError","message":"Daily send limit exceeded"}
2026-06-08T22:45:58.220Z - FAILURE - info@el-glens-falls-mexican-grill.com - Error: Status: 429, Body: {"name":"RateLimitError","message":"Daily send limit exceeded"}
2026-06-08T22:45:58.561Z - FAILURE - sales@tough-roof-specialists-of-desoto.com - Error: Status: 429, Body: {"name":"RateLimitError","message":"Daily send limit exceeded"}
2026-06-08T22:45:58.783Z - FAILURE - info@state-apache-junction-diner.com - Error: Status: 429, Body: {"name":"RateLimitError","message":"Daily send limit exceeded"}
2026-06-08T22:45:59.144Z - FAILURE - contact@crown-ac-heating.com - Error: Status: 429, Body: {"name":"RateLimitError","message":"Daily send limit exceeded"}
2026-06-08T22:45:59.402Z - FAILURE - sales@ridge-nacogdoches-roofing-contractors.com - Error: Status: 429, Body: {"name":"RateLimitError","message":"Daily send limit exceeded"}
2026-06-08T22:45:59.644Z - FAILURE - contact@white-air-systems-of-tempe.com - Error: Status: 429, Body: {"name":"RateLimitError","message":"Daily send limit exceeded"}
2026-06-08T22:46:00.005Z - FAILURE - info@triple-plano-restaurant.com - Error: Status: 429, Body: {"name":"RateLimitError","message":"Daily send limit exceeded"}
2026-06-08T22:46:00.358Z - FAILURE - contact@united-service-experts-of-douglas.com - Error: Status: 429, Body: {"name":"RateLimitError","message":"Daily send limit exceeded"}
2026-06-08T22:46:00.601Z - FAILURE - sales@vista-abilene-roofing-company.com - Error: Status: 429, Body: {"name":"RateLimitError","message":"Daily send limit exceeded"}
2026-06-08T22:46:00.959Z - FAILURE - contact@mountain-hvac-services-of-new-braunfels.com - Error: Status: 429, Body: {"name":"RateLimitError","message":"Daily send limit exceeded"}
2026-06-08T22:46:01.359Z - FAILURE - info@embers-bbq-grill.com - Error: Status: 429, Body: {"name":"RateLimitError","message":"Daily send limit exceeded"}
2026-06-08T22:46:01.755Z - FAILURE - info@original-restaurant.com - Error: Status: 429, Body: {"name":"RateLimitError","message":"Daily send limit exceeded"}
2026-06-08T22:46:01.975Z - FAILURE - info@triple-houston-bbq-grill.com - Error: Status: 429, Body: {"name":"RateLimitError","message":"Daily send limit exceeded"}
2026-06-08T22:46:02.356Z - FAILURE - sales@best-shingle-siding-of-safford.com - Error: Status: 429, Body: {"name":"RateLimitError","message":"Daily send limit exceeded"}
2026-06-08T22:46:02.717Z - FAILURE - sales@master-hornell-roofers.com - Error: Status: 429, Body: {"name":"RateLimitError","message":"Daily send limit exceeded"}
2026-06-08T22:46:03.060Z - FAILURE - contact@american-batavia-ac-heating.com - Error: Status: 429, Body: {"name":"RateLimitError","message":"Daily send limit exceeded"}
2026-06-08T22:46:03.417Z - FAILURE - contact@universal-georgetown-hvac-services.com - Error: Status: 429, Body: {"name":"RateLimitError","message":"Daily send limit exceeded"}
2026-06-08T22:46:03.777Z - FAILURE - info@triple-cafe-grill.com - Error: Status: 429, Body: {"name":"RateLimitError","message":"Daily send limit exceeded"}
2026-06-08T22:46:04.136Z - FAILURE - contact@red-texas-city-temperature-control.com - Error: Status: 429, Body: {"name":"RateLimitError","message":"Daily send limit exceeded"}
2026-06-08T22:46:04.733Z - FAILURE - sales@pride-roofing-company-of-north-richland-hills.com - Error: Status: 429, Body: {"name":"RateLimitError","message":"Daily send limit exceeded"}
2026-06-08T22:46:05.122Z - FAILURE - contact@capital-climate-control-of-haltom-city.com - Error: Status: 429, Body: {"name":"RateLimitError","message":"Daily send limit exceeded"}
2026-06-08T22:46:05.513Z - FAILURE - contact@crown-holbrook-service-experts.com - Error: Status: 429, Body: {"name":"RateLimitError","message":"Daily send limit exceeded"}
2026-06-08T22:46:05.873Z - FAILURE - sales@empire-parker-exteriors.com - Error: Status: 429, Body: {"name":"RateLimitError","message":"Daily send limit exceeded"}
2026-06-08T22:46:06.245Z - FAILURE - contact@rapid-heating-air-of-denton.com - Error: Status: 429, Body: {"name":"RateLimitError","message":"Daily send limit exceeded"}
2026-06-08T22:46:06.615Z - FAILURE - info@three-olean-sushi-bar.com - Error: Status: 429, Body: {"name":"RateLimitError","message":"Daily send limit exceeded"}
2026-06-08T22:46:06.875Z - FAILURE - info@pine-bistro-bar.com - Error: Status: 429, Body: {"name":"RateLimitError","message":"Daily send limit exceeded"}
2026-06-08T22:46:07.197Z - FAILURE - info@main-youngtown-grille.com - Error: Status: 429, Body: {"name":"RateLimitError","message":"Daily send limit exceeded"}
2026-06-08T22:46:07.533Z - FAILURE - info@wild-el-paso-sushi-bar.com - Error: Status: 429, Body: {"name":"RateLimitError","message":"Daily send limit exceeded"}
2026-06-08T22:46:07.865Z - FAILURE - info@old-town-rensselaer-restaurant.com - Error: Status: 429, Body: {"name":"RateLimitError","message":"Daily send limit exceeded"}
2026-06-08T22:46:08.081Z - FAILURE - contact@right-massena-air-heating.com - Error: Status: 429, Body: {"name":"RateLimitError","message":"Daily send limit exceeded"}
2026-06-08T22:46:08.318Z - FAILURE - contact@high-desert-air-systems.com - Error: Status: 429, Body: {"name":"RateLimitError","message":"Daily send limit exceeded"}
2026-06-08T22:46:08.544Z - FAILURE - contact@universal-cooling-heating-of-irving.com - Error: Status: 429, Body: {"name":"RateLimitError","message":"Daily send limit exceeded"}
2026-06-08T22:46:08.918Z - FAILURE - contact@universal-mechanical-of-paris.com - Error: Status: 429, Body: {"name":"RateLimitError","message":"Daily send limit exceeded"}
2026-06-08T22:46:09.254Z - FAILURE - contact@clear-missouri-city-hvac.com - Error: Status: 429, Body: {"name":"RateLimitError","message":"Daily send limit exceeded"}
2026-06-08T22:46:09.598Z - FAILURE - contact@express-cooling-heating.com - Error: Status: 429, Body: {"name":"RateLimitError","message":"Daily send limit exceeded"}
2026-06-08T22:46:09.934Z - FAILURE - contact@royal-arlington-air-heating.com - Error: Status: 429, Body: {"name":"RateLimitError","message":"Daily send limit exceeded"}
2026-06-08T22:46:10.152Z - FAILURE - sales@economy-roofing-services.com - Error: Status: 429, Body: {"name":"RateLimitError","message":"Daily send limit exceeded"}
2026-06-08T22:46:10.513Z - FAILURE - contact@pro-hvac-services-of-victoria.com - Error: Status: 429, Body: {"name":"RateLimitError","message":"Daily send limit exceeded"}
2026-06-08T22:46:10.871Z - FAILURE - info@corner-johnstown-bakery-cafe.com - Error: Status: 429, Body: {"name":"RateLimitError","message":"Daily send limit exceeded"}
2026-06-08T22:46:11.307Z - FAILURE - contact@royal-temperature-control-of-mount-vernon.com - Error: Status: 429, Body: {"name":"RateLimitError","message":"Daily send limit exceeded"}
2026-06-08T22:46:11.659Z - FAILURE - sales@gulf-san-antonio-roofing.com - Error: Status: 429, Body: {"name":"RateLimitError","message":"Daily send limit exceeded"}
2026-06-08T22:46:12.152Z - FAILURE - sales@red-shingle-siding-of-garland.com - Error: Status: 429, Body: {"name":"RateLimitError","message":"Daily send limit exceeded"}
2026-06-08T22:46:12.374Z - FAILURE - sales@storm-greenville-roofing-services.com - Error: Status: 429, Body: {"name":"RateLimitError","message":"Daily send limit exceeded"}
2026-06-08T22:46:12.716Z - FAILURE - contact@quality-geneva-hvac-solutions.com - Error: Status: 429, Body: {"name":"RateLimitError","message":"Daily send limit exceeded"}
2026-06-08T22:46:13.055Z - FAILURE - contact@a1-harlingen-hvac-services.com - Error: Status: 429, Body: {"name":"RateLimitError","message":"Daily send limit exceeded"}
2026-06-08T22:46:13.412Z - FAILURE - contact@pioneer-heating-cooling-of-sedona.com - Error: Status: 429, Body: {"name":"RateLimitError","message":"Daily send limit exceeded"}
2026-06-08T22:46:13.754Z - FAILURE - sales@golden-roofers-of-keller.com - Error: Status: 429, Body: {"name":"RateLimitError","message":"Daily send limit exceeded"}
2026-06-08T22:46:14.119Z - FAILURE - info@river-goodyear-diner.com - Error: Status: 429, Body: {"name":"RateLimitError","message":"Daily send limit exceeded"}
2026-06-08T22:46:14.473Z - FAILURE - info@a-new-york-city-mexican-grill.com - Error: Status: 429, Body: {"name":"RateLimitError","message":"Daily send limit exceeded"}
2026-06-08T22:46:14.803Z - FAILURE - sales@fortress-gilbert-metal-roofing.com - Error: Status: 429, Body: {"name":"RateLimitError","message":"Daily send limit exceeded"}
2026-06-08T22:46:15.174Z - FAILURE - contact@total-hvac-solutions-of-oneida.com - Error: Status: 429, Body: {"name":"RateLimitError","message":"Daily send limit exceeded"}
2026-06-08T22:46:15.518Z - FAILURE - sales@empire-temple-roof-specialists.com - Error: Status: 429, Body: {"name":"RateLimitError","message":"Daily send limit exceeded"}
2026-06-08T22:46:15.740Z - FAILURE - info@original-wichita-falls-eatery.com - Error: Status: 429, Body: {"name":"RateLimitError","message":"Daily send limit exceeded"}
2026-06-08T22:46:15.978Z - FAILURE - contact@american-ac-heating-of-greenville.com - Error: Status: 429, Body: {"name":"RateLimitError","message":"Daily send limit exceeded"}
2026-06-08T22:46:16.321Z - FAILURE - contact@capital-hvac-solutions.com - Error: Status: 429, Body: {"name":"RateLimitError","message":"Daily send limit exceeded"}
2026-06-08T22:46:16.558Z - FAILURE - sales@silver-roofing-co-of-chandler.com - Error: Status: 429, Body: {"name":"RateLimitError","message":"Daily send limit exceeded"}
2026-06-08T22:46:16.961Z - FAILURE - info@bella-steakhouse.com - Error: Status: 429, Body: {"name":"RateLimitError","message":"Daily send limit exceeded"}
2026-06-08T22:46:17.181Z - FAILURE - sales@signature-kingston-roofing-company.com - Error: Status: 429, Body: {"name":"RateLimitError","message":"Daily send limit exceeded"}
2026-06-08T22:46:17.518Z - FAILURE - sales@elite-coolidge-home-improvements.com - Error: Status: 429, Body: {"name":"RateLimitError","message":"Daily send limit exceeded"}
2026-06-08T22:46:17.740Z - FAILURE - contact@desert-bullhead-city-comfort-systems.com - Error: Status: 429, Body: {"name":"RateLimitError","message":"Daily send limit exceeded"}
2026-06-08T22:46:17.962Z - FAILURE - contact@service-air-conditioning-heating.com - Error: Status: 429, Body: {"name":"RateLimitError","message":"Daily send limit exceeded"}
2026-06-08T22:46:18.302Z - FAILURE - contact@premier-service-experts-of-poughkeepsie.com - Error: Status: 429, Body: {"name":"RateLimitError","message":"Daily send limit exceeded"}
2026-06-08T22:46:18.539Z - FAILURE - contact@aa-clifton-hvac.com - Error: Status: 429, Body: {"name":"RateLimitError","message":"Daily send limit exceeded"}
2026-06-08T22:46:18.882Z - FAILURE - info@union-tonawanda-grille.com - Error: Status: 429, Body: {"name":"RateLimitError","message":"Daily send limit exceeded"}
2026-06-08T22:46:19.102Z - FAILURE - info@city-frisco-diner.com - Error: Status: 429, Body: {"name":"RateLimitError","message":"Daily send limit exceeded"}
2026-06-08T22:46:19.321Z - FAILURE - sales@rescue-elmira-roofing-contractors.com - Error: Status: 429, Body: {"name":"RateLimitError","message":"Daily send limit exceeded"}
2026-06-08T22:46:19.662Z - FAILURE - contact@aa-mechanical-of-gilbert.com - Error: Status: 429, Body: {"name":"RateLimitError","message":"Daily send limit exceeded"}
2026-06-08T22:46:19.998Z - FAILURE - info@midtown-pizzeria.com - Error: Status: 429, Body: {"name":"RateLimitError","message":"Daily send limit exceeded"}
2026-06-08T22:46:20.239Z - FAILURE - contact@southwest-mechanical-of-oswego.com - Error: Status: 429, Body: {"name":"RateLimitError","message":"Daily send limit exceeded"}
2026-06-08T22:46:20.579Z - FAILURE - info@olive-stephenville-diner.com - Error: Status: 429, Body: {"name":"RateLimitError","message":"Daily send limit exceeded"}
2026-06-08T22:46:20.914Z - FAILURE - sales@lone-star-roofing-co-of-socorro.com - Error: Status: 429, Body: {"name":"RateLimitError","message":"Daily send limit exceeded"}
2026-06-08T22:46:21.136Z - FAILURE - contact@central-prescott-valley-air-heating.com - Error: Status: 429, Body: {"name":"RateLimitError","message":"Daily send limit exceeded"}
2026-06-08T22:46:21.379Z - FAILURE - info@summit-diner.com - Error: Status: 429, Body: {"name":"RateLimitError","message":"Daily send limit exceeded"}
2026-06-08T22:46:21.725Z - FAILURE - sales@empire-roofing-co.com - Error: Status: 429, Body: {"name":"RateLimitError","message":"Daily send limit exceeded"}
2026-06-08T22:46:21.958Z - FAILURE - info@five-maricopa-steakhouse.com - Error: Status: 429, Body: {"name":"RateLimitError","message":"Daily send limit exceeded"}
2026-06-08T22:46:22.185Z - FAILURE - sales@metal-roofing-company.com - Error: Status: 429, Body: {"name":"RateLimitError","message":"Daily send limit exceeded"}
2026-06-08T22:46:22.552Z - FAILURE - sales@grand-new-york-city-home-improvements.com - Error: Status: 429, Body: {"name":"RateLimitError","message":"Daily send limit exceeded"}
2026-06-08T22:46:22.937Z - FAILURE - contact@gulf-sugar-land-hvac-services.com - Error: Status: 429, Body: {"name":"RateLimitError","message":"Daily send limit exceeded"}
2026-06-08T22:46:23.172Z - FAILURE - sales@aaa-cedar-park-roofing-remodeling.com - Error: Status: 429, Body: {"name":"RateLimitError","message":"Daily send limit exceeded"}
2026-06-08T22:46:23.533Z - FAILURE - sales@capital-marana-roof-specialists.com - Error: Status: 429, Body: {"name":"RateLimitError","message":"Daily send limit exceeded"}
2026-06-08T22:46:23.915Z - FAILURE - sales@noble-roofing-remodeling-of-beaumont.com - Error: Status: 429, Body: {"name":"RateLimitError","message":"Daily send limit exceeded"}
2026-06-08T22:46:24.212Z - FAILURE - contact@tri-state-hvac-services-of-rosenberg.com - Error: Status: 429, Body: {"name":"RateLimitError","message":"Daily send limit exceeded"}
2026-06-08T22:46:24.554Z - FAILURE - contact@tri-state-service-experts-of-lackawanna.com - Error: Status: 429, Body: {"name":"RateLimitError","message":"Daily send limit exceeded"}
2026-06-08T22:46:24.880Z - FAILURE - sales@big-roofing-solutions-of-mount-vernon.com - Error: Status: 429, Body: {"name":"RateLimitError","message":"Daily send limit exceeded"}
2026-06-08T22:46:25.202Z - FAILURE - contact@right-hvac-solutions.com - Error: Status: 429, Body: {"name":"RateLimitError","message":"Daily send limit exceeded"}
2026-06-08T22:46:25.548Z - FAILURE - sales@vista-roofing-company-of-binghamton.com - Error: Status: 429, Body: {"name":"RateLimitError","message":"Daily send limit exceeded"}
2026-06-08T22:46:25.894Z - FAILURE - info@piazza-paradise-valley-diner.com - Error: Status: 429, Body: {"name":"RateLimitError","message":"Daily send limit exceeded"}
2026-06-08T22:46:26.133Z - FAILURE - sales@eagle-coppell-construction-roofing.com - Error: Status: 429, Body: {"name":"RateLimitError","message":"Daily send limit exceeded"}
2026-06-08T22:46:26.355Z - FAILURE - contact@united-comfort-systems.com - Error: Status: 429, Body: {"name":"RateLimitError","message":"Daily send limit exceeded"}
2026-06-08T22:46:26.693Z - FAILURE - info@triple-kitchen.com - Error: Status: 429, Body: {"name":"RateLimitError","message":"Daily send limit exceeded"}
2026-06-08T22:46:27.032Z - FAILURE - contact@desert-climate-control-of-plattsburgh.com - Error: Status: 429, Body: {"name":"RateLimitError","message":"Daily send limit exceeded"}
2026-06-08T22:46:27.458Z - FAILURE - sales@first-mechanicville-construction-roofing.com - Error: Status: 429, Body: {"name":"RateLimitError","message":"Daily send limit exceeded"}
2026-06-08T22:46:27.793Z - FAILURE - sales@vista-duncanville-roofing-contractors.com - Error: Status: 429, Body: {"name":"RateLimitError","message":"Daily send limit exceeded"}
2026-06-08T22:46:28.011Z - FAILURE - info@el-sedona-mexican-grill.com - Error: Status: 429, Body: {"name":"RateLimitError","message":"Daily send limit exceeded"}
2026-06-08T22:46:28.236Z - FAILURE - contact@precision-mechanical-of-nacogdoches.com - Error: Status: 429, Body: {"name":"RateLimitError","message":"Daily send limit exceeded"}
2026-06-08T22:46:28.480Z - FAILURE - contact@best-hvac-solutions-of-show-low.com - Error: Status: 429, Body: {"name":"RateLimitError","message":"Daily send limit exceeded"}
2026-06-08T22:46:28.694Z - FAILURE - contact@diamond-hvac-of-kingman.com - Error: Status: 429, Body: {"name":"RateLimitError","message":"Daily send limit exceeded"}
2026-06-08T22:46:29.057Z - FAILURE - sales@shield-round-rock-roofing-solutions.com - Error: Status: 429, Body: {"name":"RateLimitError","message":"Daily send limit exceeded"}
2026-06-08T22:46:29.280Z - FAILURE - sales@keystone-roofing-contractors-of-ilion.com - Error: Status: 429, Body: {"name":"RateLimitError","message":"Daily send limit exceeded"}
2026-06-08T22:46:29.518Z - FAILURE - info@piazza-taqueria.com - Error: Status: 429, Body: {"name":"RateLimitError","message":"Daily send limit exceeded"}
2026-06-08T22:46:29.731Z - FAILURE - sales@blue-roof-gutter.com - Error: Status: 429, Body: {"name":"RateLimitError","message":"Daily send limit exceeded"}
2026-06-08T22:46:29.933Z - FAILURE - sales@family-roofing-construction-of-sedona.com - Error: Status: 429, Body: {"name":"RateLimitError","message":"Daily send limit exceeded"}
2026-06-08T22:46:30.274Z - FAILURE - sales@tower-roofing-of-mamaroneck.com - Error: Status: 429, Body: {"name":"RateLimitError","message":"Daily send limit exceeded"}
2026-06-08T22:46:30.503Z - FAILURE - info@port-bullhead-city-bakery-cafe.com - Error: Status: 429, Body: {"name":"RateLimitError","message":"Daily send limit exceeded"}
2026-06-08T22:46:30.733Z - FAILURE - sales@big-roofing-co-of-youngtown.com - Error: Status: 429, Body: {"name":"RateLimitError","message":"Daily send limit exceeded"}
2026-06-08T22:46:31.060Z - FAILURE - sales@southwest-roofers-of-grapevine.com - Error: Status: 429, Body: {"name":"RateLimitError","message":"Daily send limit exceeded"}
2026-06-08T22:46:31.280Z - FAILURE - info@heritage-steakhouse.com - Error: Status: 429, Body: {"name":"RateLimitError","message":"Daily send limit exceeded"}
2026-06-08T22:46:31.619Z - FAILURE - contact@heritage-oro-valley-air-conditioning.com - Error: Status: 429, Body: {"name":"RateLimitError","message":"Daily send limit exceeded"}
2026-06-08T22:46:31.852Z - FAILURE - info@famous-eatery.com - Error: Status: 429, Body: {"name":"RateLimitError","message":"Daily send limit exceeded"}
2026-06-08T22:46:32.197Z - FAILURE - contact@silver-cooling-solutions-of-winslow.com - Error: Status: 429, Body: {"name":"RateLimitError","message":"Daily send limit exceeded"}
2026-06-08T22:46:32.537Z - FAILURE - contact@service-tyler-heating-air.com - Error: Status: 429, Body: {"name":"RateLimitError","message":"Daily send limit exceeded"}
2026-06-08T22:46:32.761Z - FAILURE - sales@atlas-roofers.com - Error: Status: 429, Body: {"name":"RateLimitError","message":"Daily send limit exceeded"}
2026-06-08T22:46:33.123Z - FAILURE - info@valley-lockport-pizza-pasta.com - Error: Status: 429, Body: {"name":"RateLimitError","message":"Daily send limit exceeded"}
2026-06-08T22:46:33.340Z - FAILURE - sales@liberty-exteriors-of-university-park.com - Error: Status: 429, Body: {"name":"RateLimitError","message":"Daily send limit exceeded"}
2026-06-08T22:46:33.684Z - FAILURE - info@red-kingston-grille.com - Error: Status: 429, Body: {"name":"RateLimitError","message":"Daily send limit exceeded"}
2026-06-08T22:46:33.918Z - FAILURE - info@main-mexican-grill.com - Error: Status: 429, Body: {"name":"RateLimitError","message":"Daily send limit exceeded"}
2026-06-08T22:46:34.237Z - FAILURE - info@santa-fe-college-station-restaurant.com - Error: Status: 429, Body: {"name":"RateLimitError","message":"Daily send limit exceeded"}
2026-06-08T22:46:34.573Z - FAILURE - info@lone-star-north-tonawanda-bbq-grill.com - Error: Status: 429, Body: {"name":"RateLimitError","message":"Daily send limit exceeded"}
2026-06-08T22:46:34.900Z - FAILURE - sales@integrity-roofing-construction-of-killeen.com - Error: Status: 429, Body: {"name":"RateLimitError","message":"Daily send limit exceeded"}
2026-06-08T22:46:35.240Z - FAILURE - info@brick-bistro-bar.com - Error: Status: 429, Body: {"name":"RateLimitError","message":"Daily send limit exceeded"}
2026-06-08T22:46:35.480Z - FAILURE - info@el-duncanville-pizzeria.com - Error: Status: 429, Body: {"name":"RateLimitError","message":"Daily send limit exceeded"}
2026-06-08T22:46:35.701Z - FAILURE - sales@master-laredo-roofing-services.com - Error: Status: 429, Body: {"name":"RateLimitError","message":"Daily send limit exceeded"}
2026-06-08T22:46:36.034Z - FAILURE - info@sun-mckinney-deli-market.com - Error: Status: 429, Body: {"name":"RateLimitError","message":"Daily send limit exceeded"}
2026-06-08T22:46:36.262Z - FAILURE - contact@golden-cooling-solutions-of-marana.com - Error: Status: 429, Body: {"name":"RateLimitError","message":"Daily send limit exceeded"}
2026-06-08T22:46:36.505Z - FAILURE - sales@capital-construction-roofing-of-oro-valley.com - Error: Status: 429, Body: {"name":"RateLimitError","message":"Daily send limit exceeded"}
2026-06-08T22:46:36.838Z - FAILURE - sales@a1-metal-roofing.com - Error: Status: 429, Body: {"name":"RateLimitError","message":"Daily send limit exceeded"}
2026-06-08T22:46:37.063Z - FAILURE - sales@atlas-roofing-solutions-of-saratoga-springs.com - Error: Status: 429, Body: {"name":"RateLimitError","message":"Daily send limit exceeded"}
2026-06-08T22:46:37.474Z - FAILURE - contact@national-hvac-solutions.com - Error: Status: 429, Body: {"name":"RateLimitError","message":"Daily send limit exceeded"}
2026-06-08T22:46:37.836Z - FAILURE - info@triple-tolleson-sushi-bar.com - Error: Status: 429, Body: {"name":"RateLimitError","message":"Daily send limit exceeded"}
2026-06-08T22:46:38.224Z - FAILURE - sales@pride-roofing-co.com - Error: Status: 429, Body: {"name":"RateLimitError","message":"Daily send limit exceeded"}
2026-06-08T22:46:38.586Z - FAILURE - info@pine-oneida-cafe-grill.com - Error: Status: 429, Body: {"name":"RateLimitError","message":"Daily send limit exceeded"}
2026-06-08T22:46:38.953Z - FAILURE - contact@north-star-temperature-control.com - Error: Status: 429, Body: {"name":"RateLimitError","message":"Daily send limit exceeded"}
2026-06-08T22:46:39.314Z - FAILURE - sales@central-mckinney-roofers.com - Error: Status: 429, Body: {"name":"RateLimitError","message":"Daily send limit exceeded"}
2026-06-08T22:46:40.074Z - FAILURE - contact@total-temperature-control.com - Error: Status: 429, Body: {"name":"RateLimitError","message":"Daily send limit exceeded"}
2026-06-08T22:46:40.328Z - FAILURE - sales@western-roof-gutter-of-college-station.com - Error: Status: 429, Body: {"name":"RateLimitError","message":"Daily send limit exceeded"}
2026-06-08T22:46:40.676Z - FAILURE - sales@weather-southlake-roofing-services.com - Error: Status: 429, Body: {"name":"RateLimitError","message":"Daily send limit exceeded"}
2026-06-08T22:46:40.982Z - FAILURE - contact@valley-service-experts-of-nogales.com - Error: Status: 429, Body: {"name":"RateLimitError","message":"Daily send limit exceeded"}
2026-06-08T22:46:41.313Z - FAILURE - sales@silver-roofing-remodeling.com - Error: Status: 429, Body: {"name":"RateLimitError","message":"Daily send limit exceeded"}
2026-06-08T22:46:41.524Z - FAILURE - info@mountain-galveston-bistro-bar.com - Error: Status: 429, Body: {"name":"RateLimitError","message":"Daily send limit exceeded"}
2026-06-08T22:46:41.868Z - FAILURE - sales@western-roof-specialists.com - Error: Status: 429, Body: {"name":"RateLimitError","message":"Daily send limit exceeded"}
2026-06-08T22:46:42.122Z - FAILURE - sales@noble-tempe-roofers.com - Error: Status: 429, Body: {"name":"RateLimitError","message":"Daily send limit exceeded"}
2026-06-08T22:54:05.964Z - SUCCESS - sales@everest-dunkirk-roof-gutter.com - MsgId: 48502020-0a0a-470c-a6a0-b9693683e7c2
2026-06-08T22:54:06.625Z - SUCCESS - contact@city-hvac-solutions.com - MsgId: 6643af92-0b62-4202-b477-415a2db86afb
2026-06-08T22:54:07.292Z - SUCCESS - sales@quality-roofing-solutions.com - MsgId: 790b9768-78cf-4e29-9829-87831776971e
2026-06-08T22:54:07.974Z - SUCCESS - sales@victory-clifton-construction-roofing.com - MsgId: 46683828-fc8e-4bd0-85b0-9e00963da026
2026-06-08T22:54:08.642Z - SUCCESS - contact@tri-state-cooling-solutions-of-el-mirage.com - MsgId: 694b3810-fb0a-4be6-88a8-4d22727374f4
2026-06-08T22:54:09.295Z - SUCCESS - contact@lone-star-air-conditioning-of-corning.com - MsgId: eac86648-827f-4a2e-80ac-05eb9489ba39
2026-06-08T22:54:09.961Z - SUCCESS - sales@king-roof-gutter-of-bryan.com - MsgId: 1354960d-b77b-4d60-8267-67a7d61ce1e7
2026-06-08T22:54:10.619Z - SUCCESS - info@casa-restaurant.com - MsgId: c3d9d194-d83e-42b4-8eb0-22d198cc8c85
2026-06-08T22:54:11.293Z - SUCCESS - sales@dura-roofing-services-of-payson.com - MsgId: fa644ed8-fb12-4fa0-97d1-967f23c7781d
2026-06-08T22:54:11.944Z - SUCCESS - sales@desert-roofing-co-of-kyle.com - MsgId: ff2f5949-7c8f-476a-99a9-098df9258380
2026-06-08T22:54:32.477Z - SUCCESS - sales@best-roofing-remodeling-of-el-paso.com - MsgId: b467de17-7845-4cf7-8acd-4207aa969fd0
2026-06-08T22:54:33.161Z - SUCCESS - sales@empire-home-improvements-of-irving.com - MsgId: 5b5d8e03-52b4-41cb-ab86-cf52beec7fa9
2026-06-08T22:54:33.843Z - SUCCESS - info@house-of-grille.com - MsgId: d88d3519-fc62-452d-bfef-706992960804
2026-06-08T22:54:34.550Z - SUCCESS - contact@high-desert-cooling-solutions-of-watervliet.com - MsgId: cafcc49c-b7ca-4abf-b82d-5eb490f75442
2026-06-08T22:54:35.242Z - SUCCESS - sales@crown-roofing-of-fulton.com - MsgId: d95b1213-9912-4151-b6b6-b89ccccd57b5
2026-06-08T22:54:35.938Z - SUCCESS - info@famous-show-low-steakhouse.com - MsgId: 2d254e1e-3acb-4ea9-9ef4-3575c025ebbb
2026-06-08T22:54:36.660Z - SUCCESS - contact@golden-temperature-control-of-garland.com - MsgId: e87e1d99-91c5-4209-8a37-23bdc7558e66
2026-06-08T22:54:37.320Z - SUCCESS - contact@central-air-heating-of-san-antonio.com - MsgId: e3806a6e-6455-4958-a073-dcf25a56d467
2026-06-08T22:54:38.083Z - SUCCESS - contact@climate-temperature-control.com - MsgId: e55272d5-26e5-4df6-9868-70168328be63
2026-06-08T22:54:38.772Z - SUCCESS - info@southwest-ilion-steakhouse.com - MsgId: 668af0ea-a8c5-47ed-8d26-24e21722d4c1
2026-06-08T22:54:39.492Z - SUCCESS - contact@norton-mission-hvac.com - MsgId: 9be685cf-5fa3-4390-82a5-604f29a76c3b
2026-06-08T22:54:40.166Z - SUCCESS - sales@blue-roofers.com - MsgId: b626e487-050e-4f71-ae08-9a96abf7f9b7
2026-06-08T22:54:40.837Z - SUCCESS - sales@sun-roofing-co.com - MsgId: 4b04d949-b43b-432c-be34-2976c150cbc4
2026-06-08T22:54:41.501Z - SUCCESS - sales@classic-austin-roofing.com - MsgId: 7935a25f-e2a9-4c11-929d-b1d60a93de16
2026-06-08T22:54:42.192Z - SUCCESS - info@copper-pflugerville-pizzeria.com - MsgId: 83fd4868-f67b-4b48-8745-a2be710e563e
2026-06-08T22:54:42.893Z - SUCCESS - info@royal-italian-kitchen.com - MsgId: 15c8360b-4e89-4a62-b0c2-a1f2327da65c
2026-06-08T22:54:43.697Z - SUCCESS - sales@mountain-edinburg-roofing-co.com - MsgId: a8a23d86-b1c1-4743-b517-06a777fb0ff6
2026-06-08T22:54:44.399Z - SUCCESS - contact@universal-air-heating.com - MsgId: 8653a69e-f4b4-4a8e-b494-789e1a2c01e5
2026-06-08T22:54:45.153Z - SUCCESS - sales@sun-roofing-remodeling.com - MsgId: 7acd9738-a456-4e24-bd25-abb911899422
2026-06-08T22:54:45.842Z - SUCCESS - contact@pro-benbrook-air-conditioning-heating.com - MsgId: 7ae9d714-8cc2-4285-93cd-3512e47062c5
2026-06-08T22:54:46.534Z - SUCCESS - contact@imperial-lancaster-temperature-control.com - MsgId: 47df54fd-84c0-4a60-b08b-ea3835faf69f
2026-06-08T22:54:47.217Z - SUCCESS - contact@gulf-air-systems.com - MsgId: 9bce5afa-357b-407a-842e-067569a574f8
2026-06-08T22:54:47.917Z - SUCCESS - info@corner-yonkers-eatery.com - MsgId: d7185629-8efe-4fa1-898f-783f1cb1e01c
2026-06-08T22:54:48.670Z - SUCCESS - info@old-town-geneva-mexican-grill.com - MsgId: d0d5f254-ad8f-480e-8f34-70d1bd303915
2026-06-08T22:54:49.363Z - SUCCESS - sales@american-exteriors-of-el-mirage.com - MsgId: c6a497b1-ba8c-41b9-835c-4ca6c190df04
2026-06-08T22:54:50.048Z - SUCCESS - info@embers-auburn-bakery-cafe.com - MsgId: f2ea3a56-038a-4c8e-8485-cc46a1c65bf8
2026-06-08T22:54:50.742Z - SUCCESS - contact@sunset-air-heating-of-oneonta.com - MsgId: dccf8439-7505-474d-96af-b1a0d7277883
2026-06-08T22:54:51.413Z - SUCCESS - info@bella-safford-grille.com - MsgId: 8b648ba7-b43d-4bd1-bfc2-c8374ad135b9
2026-06-08T22:54:52.195Z - SUCCESS - contact@blue-air-heating-of-san-angelo.com - MsgId: 74dead48-d042-4c67-9ac5-d5b01d7871b3
2026-06-08T22:54:53.160Z - SUCCESS - info@river-grille.com - MsgId: d86db1fc-e8d6-47b3-af85-247d17fe5d97
2026-06-08T22:54:53.821Z - SUCCESS - sales@reliable-exteriors-of-johnstown.com - MsgId: 484d3d2a-5962-43f5-ad9f-219b954f2db9
2026-06-08T22:54:54.488Z - SUCCESS - sales@national-roofing-of-jamestown.com - MsgId: a406e632-78eb-4bd8-8065-bb731a403198
2026-06-08T22:54:55.182Z - SUCCESS - info@seven-bbq-grill.com - MsgId: 3031abef-3768-4541-9a6b-9b6106e68226
2026-06-08T22:54:55.855Z - SUCCESS - contact@diamond-hvac-services.com - MsgId: 76e00251-8baf-4c82-ae40-cdf520b371af
2026-06-08T22:54:56.529Z - SUCCESS - sales@fortress-roof-specialists-of-long-beach.com - MsgId: 51ea1fc7-347a-4d77-afa7-477c80979458
2026-06-08T22:54:57.187Z - SUCCESS - sales@blue-construction-roofing.com - MsgId: 14a6afb3-0ba7-4dee-b97d-a6f28ecf270b
2026-06-08T22:54:57.876Z - SUCCESS - contact@silver-hvac-solutions-of-saratoga-springs.com - MsgId: 02f363e4-4cf1-4c4a-8153-db35b5678c33
2026-06-08T22:54:58.541Z - SUCCESS - contact@valley-comfort-systems-of-flower-mound.com - MsgId: ff3d76a9-4009-4ca6-93c6-987d4772b38d
2026-06-08T22:54:59.231Z - SUCCESS - contact@new-temperature-control.com - MsgId: 06bc4a82-4361-4c37-965b-6b773fc28cde
2026-06-08T22:54:59.926Z - SUCCESS - contact@aa-hvac.com - MsgId: a12a6001-547e-492b-aca3-a9a9b20f1c52
2026-06-08T22:55:00.608Z - SUCCESS - contact@crown-ac-heating-of-socorro.com - MsgId: 2317a385-6e2b-4c2f-a75e-adb72a5c7fe7
2026-06-08T22:55:01.289Z - SUCCESS - sales@lifetime-bullhead-city-roofing-co.com - MsgId: 86f2c4aa-8dfd-4055-a0ed-bf3023434c15
2026-06-08T22:55:01.982Z - SUCCESS - info@traditions-bbq-grill.com - MsgId: 2009d4d9-63cb-4754-979c-cc2949c9b615
2026-06-08T22:55:02.642Z - SUCCESS - sales@liberty-roof-specialists-of-midland.com - MsgId: 39041edd-7d74-4ff6-8760-75ffa1a6bf1f
2026-06-08T22:55:03.331Z - SUCCESS - info@west-florence-deli-market.com - MsgId: 5933721e-84e5-4fc6-b5b2-392036c5a247
2026-06-08T22:55:04.005Z - SUCCESS - info@silver-phoenix-pizzeria.com - MsgId: a3d8732c-9eb0-4baa-afa6-7ebc203e9bb1
2026-06-08T22:55:04.735Z - SUCCESS - sales@total-roofers-of-lackawanna.com - MsgId: e0e43a2e-e03a-4581-a042-a09fc0e252c7
2026-06-08T22:55:05.867Z - SUCCESS - info@union-irving-eatery.com - MsgId: c99d2446-4247-4436-b10a-454a00ff6209
2026-06-08T22:55:06.582Z - SUCCESS - info@embers-nacogdoches-sushi-bar.com - MsgId: 81d793cf-92fb-4888-87af-6d3560c3eaf8
2026-06-08T22:55:07.266Z - SUCCESS - sales@certified-roofing-contractors-of-amarillo.com - MsgId: f072740c-faf5-43cd-a760-f92e25373f8b
2026-06-08T22:55:15.917Z - SUCCESS - sales@pinnacle-frisco-metal-roofing.com - MsgId: 2b4e1b8f-02c4-42ca-aebc-1a1e6a445219
2026-06-08T22:55:16.614Z - SUCCESS - info@triple-pizzeria.com - MsgId: 351f1ff7-8ea7-4101-8327-e15d05f869d8
2026-06-08T22:55:17.316Z - SUCCESS - contact@superior-pharr-comfort-systems.com - MsgId: dd797efb-719c-4825-b9d3-11c0f8677138
2026-06-08T22:55:18.024Z - SUCCESS - info@village-lubbock-sushi-bar.com - MsgId: 7e44bae2-ccd1-42b9-bf37-dcea85af1d2e
2026-06-08T22:55:18.714Z - SUCCESS - info@green-bryan-italian-kitchen.com - MsgId: b0bf678f-487d-46ee-a7a5-4741bf14d8a2
2026-06-08T22:55:19.403Z - SUCCESS - sales@total-georgetown-roofing-construction.com - MsgId: ac63ed40-f16d-43d0-9e1c-4f4d77462a0b
2026-06-08T22:55:20.077Z - SUCCESS - sales@gulf-auburn-roofing-construction.com - MsgId: d5fd1a84-306e-40f8-ac10-9c5866db6138
2026-06-08T22:55:20.751Z - SUCCESS - contact@sunrise-air-conditioning-of-austin.com - MsgId: 5e484489-76fd-4bca-9094-84608ee498ac
2026-06-08T22:55:21.430Z - SUCCESS - info@island-hornell-kitchen.com - MsgId: fd425613-a6bd-42bf-8305-4fff935abe83
2026-06-08T22:55:22.136Z - SUCCESS - contact@cactus-hutto-hvac-services.com - MsgId: 0aba075b-6b41-46f0-8b12-28dfe89861e0
2026-06-08T22:55:22.823Z - SUCCESS - contact@iron-avondale-temperature-control.com - MsgId: e44ba072-80e7-41e5-838a-fbfee369bf1a
2026-06-08T22:55:23.513Z - SUCCESS - contact@five-star-heating-cooling-of-houston.com - MsgId: 654063c9-ef90-4eb3-bd7a-7481d17de0ac
2026-06-08T22:55:24.196Z - SUCCESS - info@the-beacon-sushi-bar.com - MsgId: 229689a2-5039-4fab-8590-941ec96bbc2a
2026-06-08T22:55:24.887Z - SUCCESS - info@top-payson-pizza-pasta.com - MsgId: 387f5e8c-3e39-4bfb-adef-40bb9fc60f55
2026-06-08T22:55:25.574Z - SUCCESS - sales@classic-roof-gutter-of-glens-falls.com - MsgId: 598e3a5d-037a-44f3-a518-7d61004ae6ac
2026-06-08T22:55:26.248Z - SUCCESS - sales@arch-roofing-co-of-odessa.com - MsgId: 56aa2773-81c6-4bf1-acc2-091de0def981
2026-06-08T22:55:27.068Z - SUCCESS - contact@desert-white-plains-air-systems.com - MsgId: d290c26d-c762-4064-8ce9-71e1ba4d8225
2026-06-08T22:55:27.957Z - SUCCESS - info@river-desoto-deli-market.com - MsgId: 8dda7e62-058b-4d3e-af28-b3c659a1e542
2026-06-08T22:55:28.670Z - SUCCESS - contact@pinnacle-air-conditioning.com - MsgId: 5d98c9a2-a9e7-4517-a207-8b97abeb5e27
2026-06-08T22:55:29.354Z - SUCCESS - info@downtown-bbq-grill.com - MsgId: 5051986a-d3af-497c-8bbb-9815f272e038
2026-06-08T22:55:30.043Z - SUCCESS - info@city-buckeye-kitchen.com - MsgId: 82695671-6033-44ad-ad57-752ba96ef706
2026-06-08T22:55:30.747Z - SUCCESS - sales@rescue-roofing-remodeling-of-niagara-falls.com - MsgId: 9358b21f-e618-4d58-8d66-3df244b86a7c
2026-06-08T22:55:31.446Z - SUCCESS - contact@city-sierra-vista-hvac.com - MsgId: 6ff732a7-b2dd-41ba-9db2-d5f0ad1f4f90
2026-06-08T22:55:32.117Z - SUCCESS - sales@family-syracuse-roofing-co.com - MsgId: 577a88b4-dbe8-4255-8cc9-b76bfad6c284
2026-06-08T22:55:32.789Z - SUCCESS - info@green-cafe-grill.com - MsgId: 85dcbd4e-d981-43b9-9a3a-c3b163f7cd83
2026-06-08T22:55:33.481Z - SUCCESS - info@traditions-prescott-valley-sushi-bar.com - MsgId: 9eb232a4-311c-484c-9b7e-3e4988340c8d
2026-06-08T22:55:34.175Z - SUCCESS - sales@secure-roofing-solutions.com - MsgId: 6407d38e-9874-42f5-b7c6-47a3c99812c3
2026-06-08T22:55:34.842Z - SUCCESS - contact@elite-air-conditioning-of-killeen.com - MsgId: 3412bef8-d80a-4bce-b8ad-ab1829fbfdad
2026-06-08T22:55:35.517Z - SUCCESS - sales@pro-roofing-solutions.com - MsgId: b02fd313-92e9-421f-b7ef-52462518dce7
2026-06-08T22:55:36.206Z - SUCCESS - sales@heritage-roofing-services-of-lewisville.com - MsgId: 1a1a6fd6-e2d5-40c0-8ccd-114a391fe236
2026-06-08T22:55:36.878Z - SUCCESS - contact@pioneer-air-conditioning-heating-of-florence.com - MsgId: 1a43d70b-8a82-4aba-a2b0-febf5c412f72
2026-06-08T22:55:37.548Z - SUCCESS - sales@atlas-stephenville-roofing-solutions.com - MsgId: 431eea3a-d3c3-4a90-b35a-f5842cff77aa
2026-06-08T22:55:38.222Z - SUCCESS - info@vista-steakhouse.com - MsgId: 2f4ffbc1-1c03-43cb-9f53-aa9a88f514d0
2026-06-08T22:55:38.939Z - SUCCESS - info@port-douglas-taqueria.com - MsgId: 517c2704-28c2-4fab-9538-7463ed3c7732
2026-06-08T22:55:39.626Z - SUCCESS - sales@big-roofing-construction-of-utica.com - MsgId: 635847ef-3253-496c-a3aa-4305ce907b21
2026-06-08T22:55:40.323Z - SUCCESS - contact@pioneer-heating-air-of-middletown.com - MsgId: e6773f93-c988-4e7a-b8e6-ffa1db635229
2026-06-08T22:55:41.110Z - SUCCESS - sales@royal-exteriors.com - MsgId: 95acc5af-7061-47f2-898b-28afffa35aec
2026-06-08T22:55:41.811Z - SUCCESS - sales@steadfast-roofing-company-of-benbrook.com - MsgId: 54724408-2852-4e84-9f1b-ac04c49cf0f0
2026-06-08T22:55:42.502Z - SUCCESS - contact@home-north-tonawanda-air-heating.com - MsgId: 931b5ce6-8cd4-495a-bf2e-a9798ef6b3c2
2026-06-08T22:55:43.170Z - SUCCESS - contact@heritage-cooling-solutions.com - MsgId: b179148f-2e7b-4da9-a4fa-b30f1ed30b37
2026-06-08T22:55:43.849Z - SUCCESS - contact@tri-state-service-experts.com - MsgId: 66a61059-e6ec-430a-89eb-3a29e1db4ac9
2026-06-08T22:55:44.525Z - SUCCESS - sales@express-roofing-construction.com - MsgId: 4a7d6108-9785-4ec5-afad-03a45b46ce8d
2026-06-08T22:55:45.206Z - SUCCESS - contact@right-burleson-cooling-heating.com - MsgId: d1153eea-9a92-4eb1-abf3-a0005544817a
2026-06-08T22:55:45.897Z - SUCCESS - sales@dura-roofing-solutions-of-sierra-vista.com - MsgId: 1a4b75ce-ef62-4763-bd10-f3cb8cdddb3c
2026-06-08T22:55:46.618Z - SUCCESS - contact@desert-chino-valley-temperature-control.com - MsgId: d89ee17a-20cc-4ea1-9730-71b70bb3b134
2026-06-08T22:55:47.305Z - SUCCESS - sales@express-flower-mound-construction-roofing.com - MsgId: ea7283a7-b3ae-412c-920a-81df623163a5
2026-06-08T22:55:48.003Z - SUCCESS - contact@climate-coolidge-service-experts.com - MsgId: ded71098-1324-413e-8302-c4e772f81cac
2026-06-08T22:55:48.676Z - SUCCESS - info@original-kitchen.com - MsgId: 552c3e40-ba75-403a-bf5a-1081b4fa86c5
2026-06-08T22:55:49.368Z - SUCCESS - contact@north-star-hvac-services-of-niagara-falls.com - MsgId: f7ef78e5-d20a-467e-9f28-6f9f28bd9788
2026-06-08T22:55:50.047Z - SUCCESS - sales@western-exteriors-of-fountain-hills.com - MsgId: 417f0898-bf37-46d8-afc7-a0aca36f3b02
2026-06-08T22:55:50.749Z - SUCCESS - sales@fortress-pasadena-roofing.com - MsgId: d3e21894-4f29-4677-a29f-bdd7e757df74
2026-06-08T22:55:51.469Z - SUCCESS - contact@elite-heating-cooling.com - MsgId: 1abe3fd2-e91c-4520-81a5-eb78a4f29061
2026-06-08T22:55:52.251Z - SUCCESS - info@harbor-kitchen.com - MsgId: e4c2b470-28cb-4dbf-a8cf-c8b1d1bf25d2
2026-06-08T22:55:52.972Z - SUCCESS - info@city-cafe-grill.com - MsgId: 86229b80-0e7b-40fe-a9b2-b2a69bbddcc3
2026-06-08T22:55:53.645Z - SUCCESS - info@wild-cafe-grill.com - MsgId: 24eac879-a3ef-4b2f-8f94-406020955590
2026-06-08T22:55:54.327Z - SUCCESS - sales@guardian-glendale-shingle-siding.com - MsgId: 238a1dcb-100a-46ee-b483-cbeb85294bb9
2026-06-08T22:55:55.026Z - SUCCESS - info@harbor-baytown-grille.com - MsgId: 8d30bca7-c6eb-4a97-a0a8-3bb169dfd872
2026-06-08T22:55:55.729Z - SUCCESS - contact@atlas-climate-control.com - MsgId: f062f3a1-1bf8-405a-8773-ad39425a2448
2026-06-08T22:55:56.410Z - SUCCESS - info@bella-euless-bistro-bar.com - MsgId: fe619b81-a662-4045-9598-464c37403910
2026-06-08T22:55:57.141Z - SUCCESS - contact@desert-cooling-heating.com - MsgId: e89c7177-fb8f-42d4-bfa4-1e22642b020c
2026-06-08T22:55:57.832Z - SUCCESS - contact@tri-state-cooling-solutions-of-cedar-hill.com - MsgId: c58adc5f-9da1-4a96-8602-6f9ec65555df
2026-06-08T22:55:58.506Z - SUCCESS - info@traditions-grille.com - MsgId: 846a2966-dc5e-4b39-a82b-4f7f84ba5df1
2026-06-08T22:55:59.203Z - SUCCESS - info@new-bakery-cafe.com - MsgId: 5264f100-29d3-4580-9d62-ebc5581bfe7f
2026-06-08T22:55:59.887Z - SUCCESS - info@sun-flagstaff-italian-kitchen.com - MsgId: ca4f81fe-e65e-4773-b8e7-eff99b5b74a6
2026-06-08T22:56:00.579Z - SUCCESS - contact@frontier-cooling-heating-of-dunkirk.com - MsgId: dc42a9a2-a7f8-4d04-9da4-055758995a53
2026-06-08T22:56:01.267Z - SUCCESS - info@grand-oneonta-restaurant.com - MsgId: ad465242-03e5-431a-8e8b-f2c8716a4c9f
2026-06-08T22:56:01.956Z - SUCCESS - info@embers-cohoes-taqueria.com - MsgId: 3114c81d-6146-4a92-b9b6-2480c04b32b6
2026-06-08T22:56:02.640Z - SUCCESS - sales@pioneer-little-falls-roofing-construction.com - MsgId: f5d0e5b6-d0ef-41bd-9ed4-ea7a03eca4a8
2026-06-08T22:56:04.541Z - SUCCESS - contact@valley-air-conditioning-of-lake-havasu-city.com - MsgId: 560495df-720e-4f68-96bd-63dc6f9d67ad
2026-06-08T22:56:05.247Z - SUCCESS - contact@cool-service-experts-of-beaumont.com - MsgId: 9f4e059f-bac7-4850-9088-b508af56d804
2026-06-08T22:56:05.921Z - SUCCESS - info@downtown-killeen-bistro-bar.com - MsgId: af5c3d36-8072-49c5-a949-686f9ee6fef4
2026-06-08T22:56:06.604Z - SUCCESS - info@main-new-rochelle-steakhouse.com - MsgId: 9932c9f3-c44d-4599-bb80-504e6cc5d973
2026-06-08T22:56:07.344Z - SUCCESS - contact@national-air-systems-of-plano.com - MsgId: 57535730-c9a2-4f7a-b9b1-ee8dcd35460b
2026-06-08T22:56:08.104Z - SUCCESS - info@embers-steakhouse.com - MsgId: 8e396ff9-7646-4e32-871b-d08d6f1ec3b4
2026-06-08T22:56:08.802Z - SUCCESS - sales@liberty-lockport-roofing-construction.com - MsgId: cccb0e71-a34b-4dff-979e-de19f3d35c26
2026-06-08T22:56:09.492Z - SUCCESS - contact@blue-big-spring-climate-control.com - MsgId: d8c2c71b-f2cf-4ba1-8c80-0878afafd9f5
2026-06-08T22:56:10.180Z - SUCCESS - info@famous-del-rio-restaurant.com - MsgId: 14409ca8-9726-4c96-9070-53a4d34fc7b3
2026-06-08T22:56:10.953Z - SUCCESS - sales@liberty-waco-roof-specialists.com - MsgId: 3d2613db-236d-463c-bac7-992d7a25f57a
2026-06-08T22:56:11.625Z - SUCCESS - sales@certified-sugar-land-roof-specialists.com - MsgId: 2ee8b6da-4b0d-4e93-98cc-ed9d33da3ac2
2026-06-08T22:56:12.327Z - SUCCESS - info@new-sherman-kitchen.com - MsgId: ce9b9f2d-b35f-4353-922e-95f9a3fdef36
2026-06-08T22:56:13.018Z - SUCCESS - contact@best-duncanville-climate-control.com - MsgId: 30ab1138-1e90-4827-a1b2-24a15a481a08
2026-06-08T22:56:13.706Z - SUCCESS - sales@desert-roofing-co-of-surprise.com - MsgId: b87417d5-c9de-49b7-8de4-150e7ce4518e
2026-06-08T22:56:14.377Z - SUCCESS - sales@eagle-shingle-siding-of-rensselaer.com - MsgId: 97c1300e-2c63-4732-a8e6-65390b8fd522
2026-06-08T22:56:15.070Z - SUCCESS - contact@pioneer-air-conditioning-heating.com - MsgId: f74dc06f-a4b3-4982-997e-460991aee4f5
2026-06-08T22:56:15.736Z - SUCCESS - info@new-surprise-bakery-cafe.com - MsgId: a42b5e97-9cde-4c1c-8a9f-146d240d8b8e
2026-06-08T22:56:16.438Z - SUCCESS - sales@weather-shingle-siding-of-bisbee.com - MsgId: 9a79c7ea-a4dc-4964-92a6-fb77fc593b15
2026-06-08T22:56:17.120Z - SUCCESS - info@corner-pizzeria.com - MsgId: 857e8c34-f364-43e2-b658-993994dfdf47
2026-06-08T22:56:17.849Z - SUCCESS - info@el-tucson-pizza-pasta.com - MsgId: 2531bf08-e612-43f7-aa38-514256ec57fd
2026-06-08T22:56:18.546Z - SUCCESS - info@state-scottsdale-bakery-cafe.com - MsgId: 16d49801-df95-417d-a8fe-997e54459cd9
2026-06-08T22:56:19.236Z - SUCCESS - contact@family-bisbee-service-experts.com - MsgId: 589f98e4-8c3a-4b76-b39d-66da51b1d130
2026-06-08T22:56:19.911Z - SUCCESS - contact@prime-service-experts-of-baytown.com - MsgId: 6758ca78-d287-4179-8c0f-57157423fcc0
2026-06-08T22:56:20.613Z - SUCCESS - contact@universal-haverstraw-mechanical.com - MsgId: 72741bd1-5e62-47aa-bf6c-b4e0122433c4
2026-06-08T22:56:21.299Z - SUCCESS - sales@top-roofing-company-of-phoenix.com - MsgId: 83f77132-ff27-40ba-aa90-c2bc8b0cdb05
2026-06-08T22:56:21.979Z - SUCCESS - info@summit-sushi-bar.com - MsgId: 9cce8c19-552d-4a2d-a531-05b81fc5572a
2026-06-08T22:56:22.672Z - SUCCESS - sales@royal-roofing-co.com - MsgId: 02f13dad-d132-4237-8de0-1a04ce1f5a4a
2026-06-08T22:56:23.355Z - SUCCESS - contact@red-mechanical-of-youngtown.com - MsgId: 65f81cde-8538-4a38-b771-c1ebbd7e22d0
2026-06-08T22:56:24.061Z - SUCCESS - sales@express-beacon-roofing.com - MsgId: 44edbeeb-eaf9-4047-acea-68f97b429db3
2026-06-08T22:56:24.737Z - SUCCESS - sales@gulf-roofing.com - MsgId: 6b1dde36-168c-427a-95b5-c1947671656b
2026-06-08T22:56:25.428Z - SUCCESS - sales@keystone-lake-havasu-city-roofing-contractors.com - MsgId: ae176fc8-4c4c-48b5-8d43-aee167fb43c5
2026-06-08T22:56:26.231Z - SUCCESS - contact@valley-hvac.com - MsgId: 88073a61-198f-41ce-ac7c-84e5061a34de
2026-06-08T22:56:40.771Z - SUCCESS - sales@home-shingle-siding.com - MsgId: a63f6917-cd6a-44ac-ba77-1935ac10584a
2026-06-08T22:56:41.446Z - SUCCESS - sales@right-tucson-roof-specialists.com - MsgId: 4c989e66-51be-4453-ac42-9035f700c722
2026-06-08T22:56:42.115Z - SUCCESS - info@mountain-wickenburg-cafe-grill.com - MsgId: e4c40283-c9c6-4db1-b0a6-1e6616e33f2d
2026-06-08T22:56:42.787Z - SUCCESS - info@triple-lake-havasu-city-bbq-grill.com - MsgId: 5cad432c-9d1b-443e-bf15-20b6d453e6f1
2026-06-08T22:56:43.458Z - SUCCESS - sales@everest-roofing-company.com - MsgId: 6b5585ad-ea68-487a-b639-4894b1892f24
2026-06-08T22:56:44.125Z - SUCCESS - contact@precision-port-arthur-hvac.com - MsgId: f900b0de-341d-47c6-8b54-5934263314b5
2026-06-08T22:56:44.780Z - SUCCESS - contact@one-hour-heating-air.com - MsgId: aa35fd4c-a6c3-4e9c-ba69-af8286b0d2bc
2026-06-08T22:56:45.460Z - SUCCESS - info@village-eatery.com - MsgId: f3be9928-a3b8-414c-b924-d2494564c6ac
2026-06-08T22:56:46.127Z - SUCCESS - info@valley-wylie-steakhouse.com - MsgId: 270fdfa6-8783-408f-8356-b7477be94a8c
2026-06-08T22:56:46.777Z - SUCCESS - contact@mountain-air-conditioning-of-mesa.com - MsgId: 69a76f91-055c-4257-acd8-a0d8f30963b9
2026-06-08T22:56:47.429Z - SUCCESS - sales@frontier-eloy-metal-roofing.com - MsgId: 15763830-2da5-47ee-b04e-9311ac45298d
2026-06-08T22:56:48.094Z - SUCCESS - info@famous-bakery-cafe.com - MsgId: b8ed68eb-5915-4640-a83d-26e9fbd9e01b
2026-06-08T22:56:48.743Z - SUCCESS - info@paradise-pizza-pasta.com - MsgId: 554c380b-53c5-4dc1-b494-f4feff9f7686
2026-06-08T22:56:50.067Z - SUCCESS - info@port-haverstraw-deli-market.com - MsgId: 60968be7-fd96-456b-a385-30f79b325198
2026-06-08T22:56:50.748Z - SUCCESS - sales@guardian-roofing-of-burleson.com - MsgId: 75335020-2590-461f-81c0-b08d67624ec1
2026-06-08T22:56:51.427Z - SUCCESS - sales@capital-roofing-of-denton.com - MsgId: 4b5b6ec5-35c7-475c-815f-b41126cb8e28
2026-06-08T22:56:52.087Z - SUCCESS - contact@green-tucson-hvac-solutions.com - MsgId: 14108901-4bb0-4d39-9ab1-bbaacecb9191
2026-06-08T22:56:52.770Z - SUCCESS - sales@supreme-home-improvements.com - MsgId: 9ebec203-dd39-4f8c-9a85-61d018d2cc55
2026-06-08T22:56:53.435Z - SUCCESS - contact@total-temperature-control-of-safford.com - MsgId: 11906141-ad66-4d78-8273-c85b7112866c
2026-06-08T22:56:54.093Z - SUCCESS - sales@champion-page-roofing.com - MsgId: 7c6ff133-7820-4bf1-a6ff-5f276143293e
2026-06-08T22:56:54.757Z - SUCCESS - sales@steadfast-metal-roofing-of-hutto.com - MsgId: 63d1157b-d7a7-4d4c-92a1-66ab4ddb736e
2026-06-08T22:56:55.418Z - SUCCESS - sales@superior-roofing.com - MsgId: f8eaa876-9262-419e-9c0c-40b27a455326
2026-06-08T22:56:56.086Z - SUCCESS - info@top-rome-bbq-grill.com - MsgId: 1cf553d4-0aa7-4f52-9868-3c9a43f69a45
2026-06-08T22:56:56.753Z - SUCCESS - sales@advanced-roofing-co-of-oneonta.com - MsgId: 048c5bb0-fd78-4b98-8019-f206750f77ce
2026-06-08T22:56:57.428Z - SUCCESS - sales@victory-olean-metal-roofing.com - MsgId: 7b4a84a1-6f62-4e4a-84a4-1bcf1981c0eb
2026-06-08T22:56:58.091Z - SUCCESS - sales@right-exteriors-of-san-angelo.com - MsgId: cd157b79-ebde-4803-b101-376423ed7504
2026-06-08T22:56:58.752Z - SUCCESS - contact@texas-tonawanda-ac-heating.com - MsgId: 860aa467-7b51-49f3-a723-50aea60fa606
2026-06-08T22:56:59.437Z - SUCCESS - contact@green-service-experts.com - MsgId: 5b8e9da0-74d1-4934-b270-2160343a526c
2026-06-08T22:57:00.123Z - SUCCESS - info@lone-star-peoria-bbq-grill.com - MsgId: 9c71443e-8ef8-42a9-a1e5-edf07545cd3e
2026-06-08T22:57:00.791Z - SUCCESS - info@corner-benbrook-italian-kitchen.com - MsgId: 4338a543-b4c5-4cac-8b4c-27d8b438e2e1
2026-06-08T22:57:01.466Z - SUCCESS - sales@vista-roofing-remodeling-of-grand-prairie.com - MsgId: 0f450b8f-de11-4b3f-a186-7085efa68c14
2026-06-08T22:57:02.133Z - SUCCESS - info@bella-waco-bistro-bar.com - MsgId: c6d62256-bafe-44bb-84a4-023d56505e2c
2026-06-08T22:57:02.826Z - SUCCESS - sales@royal-shingle-siding.com - MsgId: 851ee60f-c696-4178-8688-0f52448480e4
2026-06-08T22:57:03.538Z - SUCCESS - sales@desert-roofing-company.com - MsgId: b84ef49c-8f80-47eb-8294-0fabe8ee9219
2026-06-08T22:57:04.187Z - SUCCESS - contact@family-air-heating.com - MsgId: 00f0975f-da32-4b2a-91be-b3c6d4c49426
2026-06-08T22:57:04.856Z - SUCCESS - info@blue-beaumont-taqueria.com - MsgId: 34f63dfb-a488-42f6-98bb-b228e7171b73
2026-06-08T22:57:05.595Z - FAILURE - contact@smart-cooling-solutions.com - Error: You have reached your daily email sending quota.
2026-06-08T22:57:06.245Z - FAILURE - sales@five-star-roofing-construction.com - Error: You have reached your daily email sending quota.
2026-06-08T22:57:06.867Z - FAILURE - contact@cactus-comfort-systems-of-lockport.com - Error: You have reached your daily email sending quota.
2026-06-08T22:57:07.478Z - FAILURE - info@one-poughkeepsie-bakery-cafe.com - Error: You have reached your daily email sending quota.
2026-06-08T22:57:08.082Z - FAILURE - info@silver-grille.com - Error: You have reached your daily email sending quota.
2026-06-08T22:57:08.690Z - FAILURE - contact@aa-comfort-systems-of-phoenix.com - Error: You have reached your daily email sending quota.
2026-06-08T22:57:09.291Z - FAILURE - sales@iron-kingman-roofing-solutions.com - Error: You have reached your daily email sending quota.
2026-06-08T22:57:09.910Z - FAILURE - sales@guardian-douglas-metal-roofing.com - Error: You have reached your daily email sending quota.
2026-06-08T22:57:10.518Z - FAILURE - contact@integrity-pearland-cooling-heating.com - Error: You have reached your daily email sending quota.
2026-06-08T22:57:11.145Z - FAILURE - info@river-eloy-deli-market.com - Error: You have reached your daily email sending quota.
2026-06-08T22:57:11.753Z - FAILURE - sales@castle-tyler-roof-specialists.com - Error: You have reached your daily email sending quota.
2026-06-08T22:57:12.352Z - FAILURE - info@island-bistro-bar.com - Error: You have reached your daily email sending quota.
2026-06-08T22:57:12.957Z - FAILURE - info@copper-el-mirage-sushi-bar.com - Error: You have reached your daily email sending quota.
2026-06-08T22:57:13.571Z - FAILURE - sales@supreme-roof-gutter-of-hurst.com - Error: You have reached your daily email sending quota.
2026-06-08T22:57:14.186Z - FAILURE - contact@five-star-cooling-solutions-of-wichita-falls.com - Error: You have reached your daily email sending quota.
2026-06-08T22:57:14.802Z - FAILURE - contact@universal-hvac-solutions.com - Error: You have reached your daily email sending quota.
2026-06-08T22:57:15.403Z - FAILURE - contact@clear-air-conditioning-of-fountain-hills.com - Error: You have reached your daily email sending quota.
2026-06-08T22:57:16.016Z - FAILURE - info@santa-fe-watervliet-restaurant.com - Error: You have reached your daily email sending quota.
2026-06-08T22:57:16.843Z - FAILURE - sales@empire-roofing-contractors.com - Error: You have reached your daily email sending quota.
2026-06-08T22:57:17.441Z - FAILURE - contact@blue-climate-control.com - Error: You have reached your daily email sending quota.
2026-06-08T22:57:18.042Z - FAILURE - info@old-glendale-diner.com - Error: You have reached your daily email sending quota.
2026-06-08T22:57:18.657Z - FAILURE - contact@all-pro-hvac-services-of-troy.com - Error: You have reached your daily email sending quota.
2026-06-08T22:57:19.267Z - FAILURE - contact@payless-grapevine-hvac-services.com - Error: You have reached your daily email sending quota.
2026-06-08T22:57:19.881Z - FAILURE - contact@capital-heating-cooling.com - Error: You have reached your daily email sending quota.
2026-06-08T22:57:20.489Z - FAILURE - sales@eagle-massena-roofers.com - Error: You have reached your daily email sending quota.
2026-06-08T22:57:21.097Z - FAILURE - info@house-of-keller-restaurant.com - Error: You have reached your daily email sending quota.
2026-06-08T22:57:21.707Z - FAILURE - sales@tough-oswego-roofing-solutions.com - Error: You have reached your daily email sending quota.
2026-06-08T22:57:22.316Z - FAILURE - contact@town-hvac-services-of-lubbock.com - Error: You have reached your daily email sending quota.
2026-06-08T22:57:22.918Z - FAILURE - sales@arch-roofing-remodeling-of-corning.com - Error: You have reached your daily email sending quota.
2026-06-08T22:57:23.520Z - FAILURE - sales@king-roofing-co-of-euless.com - Error: You have reached your daily email sending quota.
2026-06-08T22:57:24.126Z - FAILURE - sales@advanced-construction-roofing.com - Error: You have reached your daily email sending quota.
2026-06-08T22:57:24.742Z - FAILURE - info@elite-mexican-grill.com - Error: You have reached your daily email sending quota.
2026-06-08T22:57:25.358Z - FAILURE - contact@premier-laredo-air-heating.com - Error: You have reached your daily email sending quota.
2026-06-08T22:57:25.970Z - FAILURE - info@salt-laredo-bistro-bar.com - Error: You have reached your daily email sending quota.
2026-06-08T22:57:26.585Z - FAILURE - contact@iron-albany-temperature-control.com - Error: You have reached your daily email sending quota.
2026-06-08T22:57:27.212Z - FAILURE - info@union-bistro-bar.com - Error: You have reached your daily email sending quota.
2026-06-08T22:57:27.817Z - FAILURE - contact@central-heating-cooling.com - Error: You have reached your daily email sending quota.
2026-06-08T22:57:28.421Z - FAILURE - info@elite-bakery-cafe.com - Error: You have reached your daily email sending quota.
2026-06-08T22:57:29.027Z - FAILURE - sales@west-roofing-construction.com - Error: You have reached your daily email sending quota.
2026-06-08T22:57:29.639Z - FAILURE - contact@western-hvac-services-of-university-park.com - Error: You have reached your daily email sending quota.
2026-06-08T22:57:30.248Z - FAILURE - sales@royal-rosenberg-roofing-company.com - Error: You have reached your daily email sending quota.
2026-06-08T22:57:31.136Z - FAILURE - info@main-chandler-steakhouse.com - Error: You have reached your daily email sending quota.
2026-06-08T22:57:31.744Z - FAILURE - sales@integrity-exteriors-of-plano.com - Error: You have reached your daily email sending quota.
2026-06-08T22:57:32.338Z - FAILURE - contact@texas-hvac.com - Error: You have reached your daily email sending quota.
2026-06-08T22:57:32.935Z - FAILURE - info@silver-hudson-italian-kitchen.com - Error: You have reached your daily email sending quota.
2026-06-08T22:57:33.557Z - FAILURE - info@grand-mamaroneck-deli-market.com - Error: You have reached your daily email sending quota.
2026-06-08T22:57:34.162Z - FAILURE - info@royal-bistro-bar.com - Error: You have reached your daily email sending quota.
2026-06-08T22:57:34.788Z - FAILURE - sales@aaa-buffalo-roofing-remodeling.com - Error: You have reached your daily email sending quota.
2026-06-08T22:57:35.390Z - FAILURE - contact@valley-heating-air-of-flagstaff.com - Error: You have reached your daily email sending quota.
2026-06-08T22:57:36.007Z - FAILURE - contact@texas-kingston-hvac.com - Error: You have reached your daily email sending quota.
2026-06-08T22:57:36.605Z - FAILURE - sales@atlas-roofers-of-missouri-city.com - Error: You have reached your daily email sending quota.
2026-06-08T22:57:37.207Z - FAILURE - info@wild-farmers-branch-pizza-pasta.com - Error: You have reached your daily email sending quota.
2026-06-08T22:57:37.827Z - FAILURE - info@corner-ithaca-diner.com - Error: You have reached your daily email sending quota.
2026-06-08T22:57:38.442Z - FAILURE - info@three-taqueria.com - Error: You have reached your daily email sending quota.
2026-06-08T22:57:39.044Z - FAILURE - info@pine-deli-market.com - Error: You have reached your daily email sending quota.
2026-06-08T22:57:39.784Z - FAILURE - sales@everest-shingle-siding-of-lancaster.com - Error: You have reached your daily email sending quota.
2026-06-08T22:57:40.404Z - FAILURE - info@southwest-mexican-grill.com - Error: You have reached your daily email sending quota.
2026-06-08T22:57:41.011Z - FAILURE - contact@national-air-conditioning.com - Error: You have reached your daily email sending quota.
2026-06-08T22:57:41.627Z - FAILURE - sales@royal-roof-specialists.com - Error: You have reached your daily email sending quota.
2026-06-08T22:57:42.232Z - FAILURE - info@great-mexican-grill.com - Error: You have reached your daily email sending quota.
2026-06-08T22:57:42.830Z - FAILURE - sales@heritage-new-rochelle-roofing-company.com - Error: You have reached your daily email sending quota.
2026-06-08T22:57:43.425Z - FAILURE - contact@cactus-payson-hvac-solutions.com - Error: You have reached your daily email sending quota.
2026-06-08T22:57:44.034Z - FAILURE - contact@united-air-conditioning-heating.com - Error: You have reached your daily email sending quota.
2026-06-08T22:57:45.977Z - FAILURE - sales@silver-roofing-services-of-maricopa.com - Error: You have reached your daily email sending quota.
2026-06-08T22:57:46.593Z - FAILURE - sales@elite-metal-roofing.com - Error: You have reached your daily email sending quota.
2026-06-08T22:57:47.190Z - FAILURE - info@three-buffalo-bistro-bar.com - Error: You have reached your daily email sending quota.
2026-06-08T22:57:47.794Z - FAILURE - sales@metal-casa-grande-roofing-services.com - Error: You have reached your daily email sending quota.
2026-06-08T22:57:48.397Z - FAILURE - sales@all-american-roofing-services-of-glen-cove.com - Error: You have reached your daily email sending quota.
2026-06-08T22:57:49.011Z - FAILURE - info@southwest-mesa-eatery.com - Error: You have reached your daily email sending quota.
2026-06-08T22:57:49.630Z - FAILURE - info@lone-star-bakery-cafe.com - Error: You have reached your daily email sending quota.
2026-06-08T22:57:50.244Z - FAILURE - info@santa-fe-rye-taqueria.com - Error: You have reached your daily email sending quota.
2026-06-08T22:57:50.861Z - FAILURE - contact@southwest-cooling-heating-of-apache-junction.com - Error: You have reached your daily email sending quota.
2026-06-08T22:57:51.506Z - FAILURE - info@harvest-mexican-grill.com - Error: You have reached your daily email sending quota.
2026-06-08T22:57:52.127Z - FAILURE - info@wild-pasadena-sushi-bar.com - Error: You have reached your daily email sending quota.
2026-06-08T22:57:52.733Z - FAILURE - sales@atlas-roofing-co-of-prescott.com - Error: You have reached your daily email sending quota.
2026-06-08T22:57:53.343Z - FAILURE - sales@tower-roof-gutter.com - Error: You have reached your daily email sending quota.
2026-06-08T22:57:53.961Z - FAILURE - sales@express-exteriors.com - Error: You have reached your daily email sending quota.
2026-06-08T22:57:54.570Z - FAILURE - sales@home-roofing-services-of-big-spring.com - Error: You have reached your daily email sending quota.
2026-06-08T22:57:55.177Z - FAILURE - contact@red-cooling-solutions.com - Error: You have reached your daily email sending quota.
2026-06-08T22:57:55.796Z - FAILURE - info@mountain-cottonwood-eatery.com - Error: You have reached your daily email sending quota.
2026-06-08T22:57:56.408Z - FAILURE - contact@norton-mechanical-of-maricopa.com - Error: You have reached your daily email sending quota.
2026-06-08T22:57:57.016Z - FAILURE - sales@north-metal-roofing.com - Error: You have reached your daily email sending quota.
2026-06-08T22:57:57.612Z - FAILURE - contact@capital-schenectady-temperature-control.com - Error: You have reached your daily email sending quota.
2026-06-08T22:57:58.225Z - FAILURE - contact@elite-cooling-solutions.com - Error: You have reached your daily email sending quota.
2026-06-08T22:57:58.831Z - FAILURE - contact@lone-star-service-experts-of-north-richland-hills.com - Error: You have reached your daily email sending quota.
2026-06-08T22:57:59.543Z - FAILURE - contact@valley-yonkers-cooling-heating.com - Error: You have reached your daily email sending quota.
2026-06-08T22:58:00.146Z - FAILURE - sales@victory-roofing-remodeling-of-richardson.com - Error: You have reached your daily email sending quota.
2026-06-08T22:58:00.760Z - FAILURE - contact@first-buffalo-mechanical.com - Error: You have reached your daily email sending quota.
2026-06-08T22:58:01.370Z - FAILURE - info@state-sushi-bar.com - Error: You have reached your daily email sending quota.
2026-06-08T22:58:01.993Z - FAILURE - sales@guardian-roof-specialists-of-victoria.com - Error: You have reached your daily email sending quota.
2026-06-08T22:58:02.598Z - FAILURE - contact@desert-temple-cooling-solutions.com - Error: You have reached your daily email sending quota.
2026-06-08T22:58:03.205Z - FAILURE - info@village-sierra-vista-taqueria.com - Error: You have reached your daily email sending quota.
2026-06-08T22:58:03.808Z - FAILURE - contact@state-air-conditioning-heating.com - Error: You have reached your daily email sending quota.
2026-06-08T22:58:04.425Z - FAILURE - sales@certified-avondale-roofing.com - Error: You have reached your daily email sending quota.
2026-06-08T22:58:05.043Z - FAILURE - sales@blue-yonkers-roof-gutter.com - Error: You have reached your daily email sending quota.
2026-06-08T22:58:05.651Z - FAILURE - contact@patriot-air-systems-of-galveston.com - Error: You have reached your daily email sending quota.
2026-06-08T22:58:06.248Z - FAILURE - contact@pioneer-parker-comfort-systems.com - Error: You have reached your daily email sending quota.
2026-06-08T22:58:06.854Z - FAILURE - contact@johnson-surprise-heating-air.com - Error: You have reached your daily email sending quota.
2026-06-08T22:58:07.476Z - FAILURE - info@mesa-texas-city-italian-kitchen.com - Error: You have reached your daily email sending quota.
2026-06-08T22:58:08.076Z - FAILURE - info@famous-the-colony-mexican-grill.com - Error: You have reached your daily email sending quota.
2026-06-08T22:58:08.686Z - FAILURE - sales@fortress-roofing-of-san-luis.com - Error: You have reached your daily email sending quota.
2026-06-08T22:58:09.281Z - FAILURE - info@main-tempe-eatery.com - Error: You have reached your daily email sending quota.
2026-06-08T22:58:09.891Z - FAILURE - info@great-pizza-pasta.com - Error: You have reached your daily email sending quota.
2026-06-08T22:58:10.509Z - FAILURE - sales@summit-prescott-valley-roofing-company.com - Error: You have reached your daily email sending quota.
2026-06-08T22:58:11.110Z - FAILURE - info@lake-mechanicville-bakery-cafe.com - Error: You have reached your daily email sending quota.
2026-06-08T22:58:11.730Z - FAILURE - sales@family-roofing-services-of-mission.com - Error: You have reached your daily email sending quota.
2026-06-08T22:58:12.330Z - FAILURE - sales@texas-shingle-siding-of-chino-valley.com - Error: You have reached your daily email sending quota.
2026-06-08T22:58:12.950Z - FAILURE - contact@precision-cooling-heating-of-amsterdam.com - Error: You have reached your daily email sending quota.
2026-06-08T22:58:13.559Z - FAILURE - contact@cactus-huntsville-service-experts.com - Error: You have reached your daily email sending quota.
2026-06-08T22:58:14.164Z - FAILURE - contact@crown-cooling-solutions-of-abilene.com - Error: You have reached your daily email sending quota.
2026-06-08T22:58:14.774Z - FAILURE - contact@sunrise-page-heating-air.com - Error: You have reached your daily email sending quota.
2026-06-08T22:58:15.377Z - FAILURE - info@pine-edinburg-pizzeria.com - Error: You have reached your daily email sending quota.
2026-06-08T22:58:15.985Z - FAILURE - sales@guardian-roofing-services-of-cohoes.com - Error: You have reached your daily email sending quota.
2026-06-08T22:58:16.588Z - FAILURE - contact@imperial-heating-cooling-of-rye.com - Error: You have reached your daily email sending quota.
2026-06-08T22:58:17.209Z - FAILURE - contact@rapid-hvac-solutions.com - Error: You have reached your daily email sending quota.
2026-06-08T22:58:17.810Z - FAILURE - info@three-ogdensburg-bakery-cafe.com - Error: You have reached your daily email sending quota.
2026-06-08T22:58:18.409Z - FAILURE - contact@patriot-ac-heating.com - Error: You have reached your daily email sending quota.
2026-06-08T22:58:19.021Z - FAILURE - info@vista-oro-valley-taqueria.com - Error: You have reached your daily email sending quota.
2026-06-08T22:58:19.626Z - FAILURE - contact@iron-rome-air-conditioning.com - Error: You have reached your daily email sending quota.
2026-06-08T22:58:20.223Z - FAILURE - sales@north-albany-exteriors.com - Error: You have reached your daily email sending quota.
2026-06-08T22:58:20.829Z - FAILURE - contact@royal-mechanical-of-southlake.com - Error: You have reached your daily email sending quota.
2026-06-08T22:58:21.434Z - FAILURE - info@union-big-spring-italian-kitchen.com - Error: You have reached your daily email sending quota.
2026-06-08T22:58:22.140Z - FAILURE - contact@red-comfort-systems-of-keller.com - Error: You have reached your daily email sending quota.
2026-06-08T22:58:22.765Z - FAILURE - info@downtown-little-elm-eatery.com - Error: You have reached your daily email sending quota.
2026-06-08T22:58:23.370Z - FAILURE - contact@tri-state-el-paso-hvac-solutions.com - Error: You have reached your daily email sending quota.
2026-06-08T22:58:24.572Z - FAILURE - sales@pioneer-shingle-siding-of-allen.com - Error: You have reached your daily email sending quota.
2026-06-08T22:58:25.167Z - FAILURE - info@salt-little-falls-bakery-cafe.com - Error: You have reached your daily email sending quota.
2026-06-08T22:58:25.768Z - FAILURE - sales@valley-north-tonawanda-roofing-company.com - Error: You have reached your daily email sending quota.
2026-06-08T22:58:26.370Z - FAILURE - contact@west-mechanical-of-college-station.com - Error: You have reached your daily email sending quota.
2026-06-08T22:58:26.996Z - FAILURE - info@old-town-bistro-bar.com - Error: You have reached your daily email sending quota.
2026-06-08T22:58:27.616Z - FAILURE - contact@quality-chandler-comfort-systems.com - Error: You have reached your daily email sending quota.
2026-06-08T22:58:28.236Z - FAILURE - info@five-kitchen.com - Error: You have reached your daily email sending quota.
2026-06-08T22:58:28.876Z - FAILURE - contact@universal-elmira-ac-heating.com - Error: You have reached your daily email sending quota.
2026-06-08T22:58:29.481Z - FAILURE - contact@pinnacle-hvac-solutions-of-peoria.com - Error: You have reached your daily email sending quota.
2026-06-08T22:58:30.088Z - FAILURE - contact@tri-state-yuma-heating-cooling.com - Error: You have reached your daily email sending quota.
2026-06-08T22:58:30.736Z - FAILURE - contact@payless-heating-air-of-new-york-city.com - Error: You have reached your daily email sending quota.
2026-06-08T22:58:31.336Z - FAILURE - contact@jd-service-experts.com - Error: You have reached your daily email sending quota.
2026-06-08T22:58:31.951Z - FAILURE - info@sun-saratoga-springs-italian-kitchen.com - Error: You have reached your daily email sending quota.
2026-06-08T22:58:32.549Z - FAILURE - sales@champion-troy-construction-roofing.com - Error: You have reached your daily email sending quota.
2026-06-08T22:58:33.163Z - FAILURE - contact@aa-coppell-cooling-solutions.com - Error: You have reached your daily email sending quota.
2026-06-08T22:58:33.773Z - FAILURE - contact@one-hour-hornell-service-experts.com - Error: You have reached your daily email sending quota.
2026-06-08T22:58:34.374Z - FAILURE - contact@service-mechanical-of-pflugerville.com - Error: You have reached your daily email sending quota.
2026-06-08T22:58:34.977Z - FAILURE - contact@empire-cooling-heating-of-jamestown.com - Error: You have reached your daily email sending quota.
2026-06-08T22:58:35.888Z - FAILURE - sales@economy-hudson-roof-specialists.com - Error: You have reached your daily email sending quota.
2026-06-08T22:58:36.486Z - FAILURE - info@southwest-pizzeria.com - Error: You have reached your daily email sending quota.
2026-06-08T22:58:37.091Z - FAILURE - info@one-kitchen.com - Error: You have reached your daily email sending quota.
2026-06-08T22:58:37.686Z - FAILURE - sales@silver-wickenburg-roofing-contractors.com - Error: You have reached your daily email sending quota.
2026-06-08T22:58:38.290Z - FAILURE - sales@western-roofing-services.com - Error: You have reached your daily email sending quota.
2026-06-08T22:58:38.917Z - FAILURE - sales@big-exteriors-of-pflugerville.com - Error: You have reached your daily email sending quota.
2026-06-08T22:58:39.514Z - FAILURE - contact@pacific-cooling-heating-of-conroe.com - Error: You have reached your daily email sending quota.
2026-06-08T22:58:40.548Z - FAILURE - sales@noble-roofing-solutions-of-pearland.com - Error: You have reached your daily email sending quota.
2026-06-08T22:58:41.158Z - FAILURE - contact@total-kyle-air-heating.com - Error: You have reached your daily email sending quota.
2026-06-08T22:58:41.757Z - FAILURE - info@great-bbq-grill.com - Error: You have reached your daily email sending quota.
2026-06-08T22:58:42.358Z - FAILURE - sales@iron-apache-junction-home-improvements.com - Error: You have reached your daily email sending quota.
2026-06-08T22:58:42.960Z - FAILURE - sales@right-roofing-construction.com - Error: You have reached your daily email sending quota.
2026-06-08T22:58:43.578Z - FAILURE - info@seven-kitchen.com - Error: You have reached your daily email sending quota.
2026-06-08T22:58:44.338Z - FAILURE - sales@elite-metal-roofing-of-white-plains.com - Error: You have reached your daily email sending quota.
2026-06-08T22:58:45.059Z - FAILURE - info@lone-star-bbq-grill.com - Error: You have reached your daily email sending quota.
2026-06-08T22:58:45.669Z - FAILURE - info@royal-denton-diner.com - Error: You have reached your daily email sending quota.
2026-06-08T22:58:46.281Z - FAILURE - sales@crown-corpus-christi-roofing-construction.com - Error: You have reached your daily email sending quota.
2026-06-08T22:58:46.901Z - FAILURE - contact@king-hvac-of-bedford.com - Error: You have reached your daily email sending quota.
2026-06-08T22:58:47.510Z - FAILURE - contact@valley-casa-grande-ac-heating.com - Error: You have reached your daily email sending quota.
2026-06-08T22:58:48.115Z - FAILURE - info@west-fort-worth-cafe-grill.com - Error: You have reached your daily email sending quota.
2026-06-08T22:58:48.736Z - FAILURE - info@santa-fe-clifton-eatery.com - Error: You have reached your daily email sending quota.
2026-06-08T22:58:49.349Z - FAILURE - contact@desert-del-rio-air-heating.com - Error: You have reached your daily email sending quota.
2026-06-08T22:58:49.963Z - FAILURE - sales@iron-construction-roofing-of-conroe.com - Error: You have reached your daily email sending quota.
2026-06-08T22:58:50.579Z - FAILURE - info@sun-bakery-cafe.com - Error: You have reached your daily email sending quota.
2026-06-08T22:58:51.192Z - FAILURE - info@famous-round-rock-sushi-bar.com - Error: You have reached your daily email sending quota.
2026-06-08T22:58:51.794Z - FAILURE - info@royal-greenville-sushi-bar.com - Error: You have reached your daily email sending quota.
2026-06-08T22:58:52.402Z - FAILURE - sales@texas-roofers-of-little-elm.com - Error: You have reached your daily email sending quota.
2026-06-08T22:58:53.014Z - FAILURE - info@mountain-missouri-city-pizzeria.com - Error: You have reached your daily email sending quota.
2026-06-08T22:58:53.629Z - FAILURE - sales@champion-roofing-contractors.com - Error: You have reached your daily email sending quota.
2026-06-08T22:58:54.238Z - FAILURE - sales@city-rome-roofing-contractors.com - Error: You have reached your daily email sending quota.
2026-06-08T22:58:54.865Z - FAILURE - info@harbor-mount-vernon-pizza-pasta.com - Error: You have reached your daily email sending quota.
2026-06-08T22:58:55.478Z - FAILURE - info@top-chino-valley-pizza-pasta.com - Error: You have reached your daily email sending quota.
2026-06-08T22:58:56.085Z - FAILURE - sales@sun-middletown-exteriors.com - Error: You have reached your daily email sending quota.
2026-06-08T22:58:56.696Z - FAILURE - info@first-steakhouse.com - Error: You have reached your daily email sending quota.
2026-06-08T22:58:57.308Z - FAILURE - contact@express-hvac-services-of-rochester.com - Error: You have reached your daily email sending quota.
2026-06-08T22:58:57.925Z - FAILURE - sales@total-norwich-construction-roofing.com - Error: You have reached your daily email sending quota.
2026-06-08T22:58:59.187Z - FAILURE - sales@total-newburgh-construction-roofing.com - Error: You have reached your daily email sending quota.
2026-06-08T22:58:59.792Z - FAILURE - sales@express-scottsdale-roofing-company.com - Error: You have reached your daily email sending quota.
2026-06-08T22:59:00.403Z - FAILURE - info@the-kitchen.com - Error: You have reached your daily email sending quota.
2026-06-08T22:59:01.012Z - FAILURE - contact@smart-brownsville-ac-heating.com - Error: You have reached your daily email sending quota.
2026-06-08T22:59:01.630Z - FAILURE - sales@steadfast-roofing-remodeling-of-watertown.com - Error: You have reached your daily email sending quota.
2026-06-08T22:59:02.235Z - FAILURE - info@harbor-prescott-kitchen.com - Error: You have reached your daily email sending quota.
2026-06-08T22:59:02.835Z - FAILURE - contact@empire-ac-heating-of-little-elm.com - Error: You have reached your daily email sending quota.
2026-06-08T22:59:03.443Z - FAILURE - sales@lone-star-roofing-services.com - Error: You have reached your daily email sending quota.
2026-06-08T22:59:04.062Z - FAILURE - info@highland-bbq-grill.com - Error: You have reached your daily email sending quota.
2026-06-08T22:59:04.671Z - FAILURE - contact@high-desert-hvac-solutions.com - Error: You have reached your daily email sending quota.
2026-06-08T22:59:05.291Z - FAILURE - info@port-carrollton-taqueria.com - Error: You have reached your daily email sending quota.
2026-06-08T22:59:05.894Z - FAILURE - info@highland-san-marcos-restaurant.com - Error: You have reached your daily email sending quota.
2026-06-08T22:59:06.507Z - FAILURE - sales@aaa-farmers-branch-roofers.com - Error: You have reached your daily email sending quota.
2026-06-08T22:59:07.114Z - FAILURE - sales@top-roofing-remodeling-of-bedford.com - Error: You have reached your daily email sending quota.
2026-06-08T22:59:07.727Z - FAILURE - info@top-harlingen-diner.com - Error: You have reached your daily email sending quota.
2026-06-08T22:59:08.345Z - FAILURE - info@town-oswego-bistro-bar.com - Error: You have reached your daily email sending quota.
2026-06-08T22:59:08.955Z - FAILURE - contact@united-allen-service-experts.com - Error: You have reached your daily email sending quota.
2026-06-08T22:59:09.551Z - FAILURE - contact@national-grand-prairie-cooling-heating.com - Error: You have reached your daily email sending quota.
2026-06-08T22:59:10.150Z - FAILURE - contact@arrow-ac-heating-of-desoto.com - Error: You have reached your daily email sending quota.
2026-06-08T22:59:10.749Z - FAILURE - contact@king-mesquite-ac-heating.com - Error: You have reached your daily email sending quota.
2026-06-08T22:59:11.344Z - FAILURE - sales@capital-roofing-of-paradise-valley.com - Error: You have reached your daily email sending quota.
2026-06-08T22:59:11.949Z - FAILURE - info@city-eatery.com - Error: You have reached your daily email sending quota.
2026-06-08T22:59:12.562Z - FAILURE - info@fork-mexican-grill.com - Error: You have reached your daily email sending quota.
2026-06-08T22:59:13.166Z - FAILURE - sales@supreme-roofing-services.com - Error: You have reached your daily email sending quota.
2026-06-08T22:59:13.787Z - FAILURE - contact@texas-lewisville-air-systems.com - Error: You have reached your daily email sending quota.
2026-06-08T22:59:14.386Z - FAILURE - info@downtown-pizzeria.com - Error: You have reached your daily email sending quota.
2026-06-08T22:59:14.997Z - FAILURE - contact@tri-state-cooling-heating-of-midland.com - Error: You have reached your daily email sending quota.
2026-06-08T22:59:15.602Z - FAILURE - sales@victory-exteriors-of-florence.com - Error: You have reached your daily email sending quota.
2026-06-08T22:59:16.207Z - FAILURE - info@old-utica-bbq-grill.com - Error: You have reached your daily email sending quota.
2026-06-08T22:59:16.813Z - FAILURE - info@five-plattsburgh-mexican-grill.com - Error: You have reached your daily email sending quota.
2026-06-08T22:59:17.422Z - FAILURE - info@great-casa-grande-italian-kitchen.com - Error: You have reached your daily email sending quota.
2026-06-08T22:59:18.040Z - FAILURE - contact@reliable-air-heating-of-new-rochelle.com - Error: You have reached your daily email sending quota.
2026-06-08T22:59:18.653Z - FAILURE - info@little-kitchen.com - Error: You have reached your daily email sending quota.
2026-06-08T22:59:19.249Z - FAILURE - sales@red-amsterdam-roofing-company.com - Error: You have reached your daily email sending quota.
2026-06-08T22:59:19.845Z - FAILURE - info@olive-league-city-steakhouse.com - Error: You have reached your daily email sending quota.
2026-06-08T22:59:20.449Z - FAILURE - contact@atlas-scottsdale-hvac.com - Error: You have reached your daily email sending quota.
2026-06-08T22:59:21.064Z - FAILURE - sales@american-shingle-siding.com - Error: You have reached your daily email sending quota.
2026-06-08T22:59:21.679Z - FAILURE - info@river-conroe-taqueria.com - Error: You have reached your daily email sending quota.
2026-06-08T22:59:22.277Z - FAILURE - sales@keystone-roofing-contractors.com - Error: You have reached your daily email sending quota.
2026-06-08T22:59:22.889Z - FAILURE - sales@silver-rochester-roofing-co.com - Error: You have reached your daily email sending quota.
2026-06-08T22:59:23.497Z - FAILURE - contact@cool-stephenville-ac-heating.com - Error: You have reached your daily email sending quota.
2026-06-08T22:59:24.107Z - FAILURE - info@mountain-mexican-grill.com - Error: You have reached your daily email sending quota.
2026-06-08T22:59:24.729Z - FAILURE - info@union-burleson-pizzeria.com - Error: You have reached your daily email sending quota.
2026-06-08T22:59:25.336Z - FAILURE - sales@pride-arlington-roof-gutter.com - Error: You have reached your daily email sending quota.
2026-06-08T22:59:25.947Z - FAILURE - sales@guardian-lubbock-construction-roofing.com - Error: You have reached your daily email sending quota.
2026-06-08T22:59:26.548Z - FAILURE - info@top-grapevine-italian-kitchen.com - Error: You have reached your daily email sending quota.
2026-06-08T22:59:27.159Z - FAILURE - info@el-new-braunfels-pizzeria.com - Error: You have reached your daily email sending quota.
2026-06-08T22:59:27.767Z - FAILURE - contact@best-buckeye-cooling-solutions.com - Error: You have reached your daily email sending quota.
2026-06-08T22:59:28.396Z - FAILURE - sales@liberty-roofing-remodeling-of-rye.com - Error: You have reached your daily email sending quota.
2026-06-08T22:59:29.003Z - FAILURE - info@lone-star-haltom-city-mexican-grill.com - Error: You have reached your daily email sending quota.
2026-06-08T22:59:29.624Z - FAILURE - info@royal-deli-market.com - Error: You have reached your daily email sending quota.
2026-06-08T22:59:30.230Z - FAILURE - contact@gulf-ac-heating-of-newburgh.com - Error: You have reached your daily email sending quota.
2026-06-08T22:59:30.847Z - FAILURE - contact@sun-san-luis-hvac.com - Error: You have reached your daily email sending quota.
2026-06-08T22:59:31.459Z - FAILURE - contact@integrity-salamanca-temperature-control.com - Error: You have reached your daily email sending quota.
2026-06-08T22:59:32.069Z - FAILURE - contact@empire-air-conditioning.com - Error: You have reached your daily email sending quota.
2026-06-08T22:59:32.682Z - FAILURE - sales@valley-yuma-roofing-co.com - Error: You have reached your daily email sending quota.
2026-06-08T22:59:33.285Z - FAILURE - info@seven-syracuse-eatery.com - Error: You have reached your daily email sending quota.
2026-06-08T22:59:33.899Z - FAILURE - info@station-austin-italian-kitchen.com - Error: You have reached your daily email sending quota.
2026-06-08T22:59:34.512Z - FAILURE - info@mesa-elmira-taqueria.com - Error: You have reached your daily email sending quota.
2026-06-08T22:59:35.121Z - FAILURE - sales@home-home-improvements.com - Error: You have reached your daily email sending quota.
2026-06-08T22:59:35.741Z - FAILURE - info@pine-avondale-kitchen.com - Error: You have reached your daily email sending quota.
2026-06-08T22:59:36.356Z - FAILURE - info@silver-corpus-christi-cafe-grill.com - Error: You have reached your daily email sending quota.
2026-06-08T22:59:36.959Z - FAILURE - sales@pro-fort-worth-roofing.com - Error: You have reached your daily email sending quota.
2026-06-08T22:59:37.554Z - FAILURE - contact@veteran-hvac.com - Error: You have reached your daily email sending quota.
2026-06-08T22:59:38.167Z - FAILURE - info@embers-bistro-bar.com - Error: You have reached your daily email sending quota.
2026-06-08T22:59:38.783Z - FAILURE - contact@top-ithaca-heating-air.com - Error: You have reached your daily email sending quota.
2026-06-08T22:59:39.398Z - FAILURE - info@island-eatery.com - Error: You have reached your daily email sending quota.
2026-06-08T22:59:40.113Z - FAILURE - contact@veteran-hvac-services-of-san-marcos.com - Error: You have reached your daily email sending quota.
2026-06-08T22:59:40.721Z - FAILURE - contact@best-hudson-cooling-heating.com - Error: You have reached your daily email sending quota.
2026-06-08T22:59:41.321Z - FAILURE - sales@grand-roofing-of-brownsville.com - Error: You have reached your daily email sending quota.
2026-06-08T22:59:41.929Z - FAILURE - contact@golden-richardson-hvac-solutions.com - Error: You have reached your daily email sending quota.
2026-06-08T22:59:42.538Z - FAILURE - contact@sunset-air-conditioning-heating-of-sherman.com - Error: You have reached your daily email sending quota.
2026-06-08T22:59:43.194Z - FAILURE - info@embers-eatery.com - Error: You have reached your daily email sending quota.
2026-06-08T22:59:43.790Z - FAILURE - sales@storm-exteriors-of-harlingen.com - Error: You have reached your daily email sending quota.
2026-06-08T22:59:44.415Z - FAILURE - info@casa-steakhouse.com - Error: You have reached your daily email sending quota.
2026-06-08T22:59:45.024Z - FAILURE - contact@pacific-ac-heating.com - Error: You have reached your daily email sending quota.
2026-06-08T22:59:45.637Z - FAILURE - contact@central-frisco-cooling-solutions.com - Error: You have reached your daily email sending quota.
2026-06-08T22:59:46.236Z - FAILURE - info@first-glens-falls-deli-market.com - Error: You have reached your daily email sending quota.
2026-06-08T22:59:46.840Z - FAILURE - sales@storm-desoto-roof-gutter.com - Error: You have reached your daily email sending quota.
2026-06-08T22:59:47.437Z - FAILURE - info@market-bakery-cafe.com - Error: You have reached your daily email sending quota.
2026-06-08T22:59:48.037Z - FAILURE - contact@cactus-glendale-cooling-solutions.com - Error: You have reached your daily email sending quota.
2026-06-08T22:59:48.641Z - FAILURE - sales@armor-roofing-services-of-nacogdoches.com - Error: You have reached your daily email sending quota.
2026-06-08T22:59:49.261Z - FAILURE - contact@prime-cooling-solutions-of-tempe.com - Error: You have reached your daily email sending quota.
2026-06-08T22:59:49.921Z - FAILURE - info@casa-pizzeria.com - Error: You have reached your daily email sending quota.
2026-06-08T22:59:50.519Z - FAILURE - contact@united-heating-cooling-of-douglas.com - Error: You have reached your daily email sending quota.
2026-06-08T22:59:51.130Z - FAILURE - sales@storm-roofing-solutions-of-abilene.com - Error: You have reached your daily email sending quota.
2026-06-08T22:59:51.754Z - FAILURE - contact@aa-climate-control.com - Error: You have reached your daily email sending quota.
2026-06-08T22:59:52.358Z - FAILURE - info@village-southlake-pizzeria.com - Error: You have reached your daily email sending quota.
2026-06-08T22:59:53.041Z - FAILURE - info@southwest-kyle-mexican-grill.com - Error: You have reached your daily email sending quota.
2026-06-08T22:59:53.658Z - FAILURE - info@highland-houston-kitchen.com - Error: You have reached your daily email sending quota.
2026-06-08T22:59:54.264Z - FAILURE - sales@western-roofers-of-safford.com - Error: You have reached your daily email sending quota.
2026-06-08T22:59:54.871Z - FAILURE - sales@boss-hornell-metal-roofing.com - Error: You have reached your daily email sending quota.
2026-06-08T22:59:55.487Z - FAILURE - contact@smart-batavia-comfort-systems.com - Error: You have reached your daily email sending quota.
2026-06-08T22:59:56.090Z - FAILURE - contact@city-heating-air.com - Error: You have reached your daily email sending quota.
2026-06-08T22:59:56.696Z - FAILURE - info@one-abilene-restaurant.com - Error: You have reached your daily email sending quota.
2026-06-08T22:59:57.303Z - FAILURE - contact@service-mechanical.com - Error: You have reached your daily email sending quota.
2026-06-08T22:59:57.920Z - FAILURE - sales@vista-exteriors.com - Error: You have reached your daily email sending quota.
2026-06-08T22:59:58.536Z - FAILURE - contact@heritage-climate-control-of-haltom-city.com - Error: You have reached your daily email sending quota.
2026-06-08T22:59:59.155Z - FAILURE - contact@clear-comfort-systems-of-holbrook.com - Error: You have reached your daily email sending quota.
2026-06-08T22:59:59.765Z - FAILURE - sales@alpine-parker-shingle-siding.com - Error: You have reached your daily email sending quota.
2026-06-08T23:00:00.404Z - FAILURE - contact@aa-denton-heating-air.com - Error: You have reached your daily email sending quota.
2026-06-08T23:00:01.047Z - FAILURE - info@sun-restaurant.com - Error: You have reached your daily email sending quota.
2026-06-08T23:00:01.660Z - FAILURE - info@old-town-steakhouse.com - Error: You have reached your daily email sending quota.
2026-06-08T23:00:02.264Z - FAILURE - info@one-youngtown-pizzeria.com - Error: You have reached your daily email sending quota.
2026-06-08T23:00:02.867Z - FAILURE - info@west-el-paso-italian-kitchen.com - Error: You have reached your daily email sending quota.
2026-06-08T23:00:03.495Z - FAILURE - contact@premier-cooling-heating-of-massena.com - Error: You have reached your daily email sending quota.
2026-06-08T23:00:04.135Z - FAILURE - contact@smart-air-heating-of-little-falls.com - Error: You have reached your daily email sending quota.
2026-06-08T23:00:04.796Z - FAILURE - contact@frontier-hvac-services-of-irving.com - Error: You have reached your daily email sending quota.
2026-06-08T23:00:05.737Z - FAILURE - contact@cactus-cooling-solutions-of-paris.com - Error: You have reached your daily email sending quota.
2026-06-08T23:00:06.362Z - FAILURE - contact@city-missouri-city-ac-heating.com - Error: You have reached your daily email sending quota.
2026-06-08T23:00:06.980Z - FAILURE - contact@precision-mechanical-of-utica.com - Error: You have reached your daily email sending quota.
2026-06-08T23:00:07.593Z - FAILURE - info@fork-restaurant.com - Error: You have reached your daily email sending quota.
2026-06-08T23:00:08.254Z - FAILURE - contact@norton-cooling-heating-of-arlington.com - Error: You have reached your daily email sending quota.
2026-06-08T23:00:08.858Z - FAILURE - sales@north-batavia-roofing-services.com - Error: You have reached your daily email sending quota.
2026-06-08T23:00:09.484Z - FAILURE - contact@right-climate-control-of-victoria.com - Error: You have reached your daily email sending quota.
2026-06-08T23:00:10.113Z - FAILURE - info@vista-johnstown-mexican-grill.com - Error: You have reached your daily email sending quota.
2026-06-08T23:00:10.755Z - FAILURE - contact@best-mount-vernon-cooling-heating.com - Error: You have reached your daily email sending quota.
2026-06-08T23:00:11.372Z - FAILURE - sales@west-roofing-contractors.com - Error: You have reached your daily email sending quota.
2026-06-08T23:00:11.988Z - FAILURE - sales@atlas-garland-roofing-remodeling.com - Error: You have reached your daily email sending quota.
2026-06-08T23:00:12.615Z - FAILURE - sales@master-construction-roofing-of-greenville.com - Error: You have reached your daily email sending quota.
2026-06-08T23:00:13.256Z - FAILURE - contact@service-comfort-systems.com - Error: You have reached your daily email sending quota.
2026-06-08T23:00:13.890Z - FAILURE - contact@elite-harlingen-climate-control.com - Error: You have reached your daily email sending quota.
2026-06-08T23:00:14.497Z - FAILURE - contact@aa-sedona-air-systems.com - Error: You have reached your daily email sending quota.
2026-06-08T23:00:15.484Z - FAILURE - sales@right-roofing-services-of-keller.com - Error: You have reached your daily email sending quota.
2026-06-08T23:00:16.090Z - FAILURE - info@one-steakhouse.com - Error: You have reached your daily email sending quota.
2026-06-08T23:00:16.718Z - FAILURE - info@new-new-york-city-taqueria.com - Error: You have reached your daily email sending quota.
2026-06-08T23:00:17.370Z - FAILURE - sales@atlas-gilbert-roofing.com - Error: You have reached your daily email sending quota.
2026-06-08T23:00:17.982Z - FAILURE - contact@arrow-oneida-air-conditioning.com - Error: You have reached your daily email sending quota.
2026-06-08T23:00:18.618Z - FAILURE - sales@grand-temple-roofing-construction.com - Error: You have reached your daily email sending quota.
2026-06-08T23:00:19.322Z - FAILURE - info@island-wichita-falls-pizza-pasta.com - Error: You have reached your daily email sending quota.
2026-06-08T23:00:19.941Z - FAILURE - contact@united-hvac-solutions-of-greenville.com - Error: You have reached your daily email sending quota.
2026-06-08T23:00:20.576Z - FAILURE - contact@top-ac-heating-of-ilion.com - Error: You have reached your daily email sending quota.
2026-06-08T23:00:21.178Z - FAILURE - sales@empire-chandler-roofing-construction.com - Error: You have reached your daily email sending quota.
2026-06-08T23:00:21.791Z - FAILURE - info@little-kitchen.com - Error: You have reached your daily email sending quota.
2026-06-08T23:00:22.395Z - FAILURE - sales@peak-kingston-roofing.com - Error: You have reached your daily email sending quota.
2026-06-08T23:00:23.007Z - FAILURE - sales@aaa-coolidge-roof-specialists.com - Error: You have reached your daily email sending quota.
2026-06-08T23:00:23.627Z - FAILURE - contact@united-bullhead-city-air-heating.com - Error: You have reached your daily email sending quota.
2026-06-08T23:00:24.222Z - FAILURE - contact@capital-bryan-air-heating.com - Error: You have reached your daily email sending quota.
2026-06-08T23:00:24.844Z - FAILURE - contact@american-poughkeepsie-air-systems.com - Error: You have reached your daily email sending quota.
2026-06-08T23:00:27.157Z - FAILURE - contact@state-clifton-climate-control.com - Error: You have reached your daily email sending quota.
2026-06-08T23:00:27.775Z - FAILURE - info@highland-tonawanda-bakery-cafe.com - Error: You have reached your daily email sending quota.
2026-06-08T23:00:28.388Z - FAILURE - info@green-frisco-kitchen.com - Error: You have reached your daily email sending quota.
2026-06-08T23:00:28.993Z - FAILURE - sales@top-roofing-remodeling.com - Error: You have reached your daily email sending quota.
2026-06-08T23:00:29.636Z - FAILURE - contact@payless-heating-cooling.com - Error: You have reached your daily email sending quota.
2026-06-08T23:00:30.249Z - FAILURE - info@elite-mexican-grill.com - Error: You have reached your daily email sending quota.
2026-06-08T23:00:30.854Z - FAILURE - contact@southwest-heating-cooling-of-oswego.com - Error: You have reached your daily email sending quota.
2026-06-08T23:00:31.462Z - FAILURE - info@triple-restaurant.com - Error: You have reached your daily email sending quota.
2026-06-08T23:00:32.090Z - FAILURE - sales@pro-socorro-metal-roofing.com - Error: You have reached your daily email sending quota.
2026-06-08T23:00:32.691Z - FAILURE - contact@johnson-prescott-valley-cooling-solutions.com - Error: You have reached your daily email sending quota.
2026-06-08T23:00:33.310Z - FAILURE - info@santa-fe-nogales-mexican-grill.com - Error: You have reached your daily email sending quota.
2026-06-08T23:00:33.920Z - FAILURE - sales@family-wichita-falls-metal-roofing.com - Error: You have reached your daily email sending quota.
2026-06-08T23:00:34.522Z - FAILURE - info@wild-maricopa-sushi-bar.com - Error: You have reached your daily email sending quota.
2026-06-08T23:00:35.143Z - FAILURE - sales@a1-mesa-roofing-co.com - Error: You have reached your daily email sending quota.
2026-06-08T23:00:35.752Z - FAILURE - sales@everest-construction-roofing.com - Error: You have reached your daily email sending quota.
2026-06-08T23:00:36.365Z - FAILURE - contact@heritage-service-experts-of-sugar-land.com - Error: You have reached your daily email sending quota.
2026-06-08T23:00:36.980Z - FAILURE - sales@economy-cedar-park-roofing-solutions.com - Error: You have reached your daily email sending quota.
2026-06-08T23:00:37.587Z - FAILURE - sales@alpine-marana-roofers.com - Error: You have reached your daily email sending quota.
2026-06-08T23:00:38.355Z - FAILURE - sales@liberty-roofing-co-of-beaumont.com - Error: You have reached your daily email sending quota.
2026-06-08T23:00:38.968Z - FAILURE - contact@gulf-climate-control-of-rosenberg.com - Error: You have reached your daily email sending quota.
2026-06-08T23:00:39.593Z - FAILURE - contact@rapid-air-conditioning-heating-of-lackawanna.com - Error: You have reached your daily email sending quota.
2026-06-08T23:00:40.201Z - FAILURE - sales@superior-metal-roofing.com - Error: You have reached your daily email sending quota.
2026-06-08T23:00:40.816Z - FAILURE - contact@north-star-ac-heating-of-cohoes.com - Error: You have reached your daily email sending quota.
2026-06-08T23:00:41.428Z - FAILURE - sales@arch-binghamton-roofing-contractors.com - Error: You have reached your daily email sending quota.
2026-06-08T23:00:42.043Z - FAILURE - info@a-paradise-valley-steakhouse.com - Error: You have reached your daily email sending quota.
2026-06-08T23:00:42.649Z - FAILURE - sales@signature-coppell-roof-specialists.com - Error: You have reached your daily email sending quota.
2026-06-08T23:00:43.254Z - FAILURE - contact@elite-air-conditioning.com - Error: You have reached your daily email sending quota.
2026-06-08T23:00:43.878Z - FAILURE - info@the-bedford-italian-kitchen.com - Error: You have reached your daily email sending quota.
2026-06-08T23:00:44.477Z - FAILURE - contact@american-plattsburgh-climate-control.com - Error: You have reached your daily email sending quota.
2026-06-08T23:00:45.093Z - FAILURE - sales@tower-roofing-solutions.com - Error: You have reached your daily email sending quota.
2026-06-08T23:00:45.692Z - FAILURE - sales@rescue-duncanville-roofing-remodeling.com - Error: You have reached your daily email sending quota.
2026-06-08T23:00:46.312Z - FAILURE - contact@red-nacogdoches-air-conditioning-heating.com - Error: You have reached your daily email sending quota.
2026-06-08T23:00:46.912Z - FAILURE - contact@united-show-low-ac-heating.com - Error: You have reached your daily email sending quota.
2026-06-08T23:00:47.519Z - FAILURE - contact@desert-kingman-hvac.com - Error: You have reached your daily email sending quota.
2026-06-08T23:00:48.131Z - FAILURE - sales@noble-metal-roofing-of-round-rock.com - Error: You have reached your daily email sending quota.
2026-06-08T23:00:48.753Z - FAILURE - sales@central-roofing-contractors-of-ilion.com - Error: You have reached your daily email sending quota.
2026-06-08T23:00:49.369Z - FAILURE - info@the-grand-prairie-grille.com - Error: You have reached your daily email sending quota.
2026-06-08T23:00:49.980Z - FAILURE - sales@pacific-roofing-solutions.com - Error: You have reached your daily email sending quota.
2026-06-08T23:00:50.584Z - FAILURE - sales@eagle-roofing-solutions.com - Error: You have reached your daily email sending quota.
2026-06-08T23:00:51.211Z - FAILURE - sales@iron-mamaroneck-roofing-co.com - Error: You have reached your daily email sending quota.
2026-06-08T23:00:51.824Z - FAILURE - info@a-bullhead-city-deli-market.com - Error: You have reached your daily email sending quota.
2026-06-08T23:00:52.437Z - FAILURE - sales@sun-youngtown-construction-roofing.com - Error: You have reached your daily email sending quota.
2026-06-08T23:00:53.042Z - FAILURE - sales@royal-roofing-contractors-of-grapevine.com - Error: You have reached your daily email sending quota.
2026-06-08T23:00:53.656Z - FAILURE - info@crown-diner.com - Error: You have reached your daily email sending quota.
2026-06-08T23:00:54.260Z - FAILURE - contact@imperial-oro-valley-cooling-heating.com - Error: You have reached your daily email sending quota.
2026-06-08T23:00:54.862Z - FAILURE - info@seven-taqueria.com - Error: You have reached your daily email sending quota.
2026-06-08T23:00:55.476Z - FAILURE - contact@smart-winslow-mechanical.com - Error: You have reached your daily email sending quota.
2026-06-08T23:00:56.088Z - FAILURE - contact@empire-tyler-air-conditioning.com - Error: You have reached your daily email sending quota.
2026-06-08T23:00:56.708Z - FAILURE - sales@advanced-roofing-solutions-of-oneida.com - Error: You have reached your daily email sending quota.
2026-06-08T23:00:57.300Z - FAILURE - info@royal-lockport-pizza-pasta.com - Error: You have reached your daily email sending quota.
2026-06-08T23:00:57.921Z - FAILURE - sales@pro-university-park-metal-roofing.com - Error: You have reached your daily email sending quota.
2026-06-08T23:00:58.531Z - FAILURE - info@market-bakery-cafe.com - Error: You have reached your daily email sending quota.
2026-06-08T23:00:59.138Z - FAILURE - info@traditions-fountain-hills-kitchen.com - Error: You have reached your daily email sending quota.
2026-06-08T23:00:59.795Z - FAILURE - info@copper-grille.com - Error: You have reached your daily email sending quota.
2026-06-08T23:01:00.407Z - FAILURE - info@triple-north-tonawanda-bbq-grill.com - Error: You have reached your daily email sending quota.
2026-06-08T23:01:01.012Z - FAILURE - sales@home-construction-roofing-of-killeen.com - Error: You have reached your daily email sending quota.
2026-06-08T23:01:01.634Z - FAILURE - info@old-batavia-deli-market.com - Error: You have reached your daily email sending quota.
2026-06-08T23:01:02.260Z - FAILURE - info@summit-duncanville-mexican-grill.com - Error: You have reached your daily email sending quota.
2026-06-08T23:01:03.052Z - FAILURE - sales@family-roofing.com - Error: You have reached your daily email sending quota.
2026-06-08T23:01:03.656Z - FAILURE - info@house-of-mckinney-deli-market.com - Error: You have reached your daily email sending quota.
2026-06-08T23:01:04.268Z - FAILURE - contact@patriot-hvac-services.com - Error: You have reached your daily email sending quota.
2026-06-08T23:01:04.868Z - FAILURE - sales@city-roofing-construction-of-oro-valley.com - Error: You have reached your daily email sending quota.
2026-06-08T23:01:05.505Z - FAILURE - sales@home-construction-roofing-of-salamanca.com - Error: You have reached your daily email sending quota.
2026-06-08T23:01:06.108Z - FAILURE - sales@silver-roofing-contractors-of-saratoga-springs.com - Error: You have reached your daily email sending quota.
2026-06-08T23:01:06.711Z - FAILURE - contact@sunrise-farmers-branch-comfort-systems.com - Error: You have reached your daily email sending quota.
2026-06-08T23:01:07.311Z - FAILURE - info@golden-restaurant.com - Error: You have reached your daily email sending quota.
2026-06-08T23:01:07.932Z - FAILURE - sales@supreme-texas-city-roofing-services.com - Error: You have reached your daily email sending quota.
2026-06-08T23:01:08.562Z - FAILURE - info@mesa-cafe-grill.com - Error: You have reached your daily email sending quota.
2026-06-08T23:01:09.172Z - FAILURE - contact@sahara-wickenburg-comfort-systems.com - Error: You have reached your daily email sending quota.
2026-06-08T23:01:09.785Z - FAILURE - sales@supreme-roofing-of-mckinney.com - Error: You have reached your daily email sending quota.
2026-06-08T23:01:10.409Z - FAILURE - contact@premier-hvac-of-mckinney.com - Error: You have reached your daily email sending quota.
2026-06-08T23:01:11.033Z - FAILURE - sales@fortress-college-station-roof-gutter.com - Error: You have reached your daily email sending quota.
2026-06-08T23:01:11.631Z - FAILURE - sales@armor-roofing-contractors-of-southlake.com - Error: You have reached your daily email sending quota.
2026-06-08T23:01:12.239Z - FAILURE - contact@a1-nogales-heating-air.com - Error: You have reached your daily email sending quota.
2026-06-08T23:01:12.994Z - FAILURE - sales@first-roofing-company-of-pharr.com - Error: You have reached your daily email sending quota.
2026-06-08T23:01:13.606Z - FAILURE - info@station-restaurant.com - Error: You have reached your daily email sending quota.
2026-06-08T23:01:14.207Z - FAILURE - sales@signature-peoria-construction-roofing.com - Error: You have reached your daily email sending quota.
2026-06-08T23:01:14.821Z - FAILURE - sales@advanced-construction-roofing.com - Error: You have reached your daily email sending quota.
2026-06-08T23:01:15.435Z - FAILURE - sales@reliable-roofers-of-dunkirk.com - Error: You have reached your daily email sending quota.
2026-06-08T23:01:16.039Z - FAILURE - contact@payless-tolleson-hvac-solutions.com - Error: You have reached your daily email sending quota.
2026-06-08T23:01:16.640Z - FAILURE - sales@storm-league-city-shingle-siding.com - Error: You have reached your daily email sending quota.
2026-06-08T23:01:17.255Z - FAILURE - sales@total-clifton-roofing-remodeling.com - Error: You have reached your daily email sending quota.
2026-06-08T23:01:17.899Z - FAILURE - contact@quality-climate-control.com - Error: You have reached your daily email sending quota.
2026-06-08T23:01:18.498Z - FAILURE - contact@city-mechanical.com - Error: You have reached your daily email sending quota.
2026-06-08T23:01:19.121Z - FAILURE - sales@five-star-roof-gutter-of-bryan.com - Error: You have reached your daily email sending quota.
2026-06-08T23:01:19.724Z - FAILURE - info@one-paris-eatery.com - Error: You have reached your daily email sending quota.
2026-06-08T23:01:20.325Z - FAILURE - sales@gulf-home-improvements-of-payson.com - Error: You have reached your daily email sending quota.
2026-06-08T23:01:21.316Z - FAILURE - sales@vista-roofing-co-of-kyle.com - Error: You have reached your daily email sending quota.
2026-06-08T23:01:21.933Z - FAILURE - sales@arch-roofing.com - Error: You have reached your daily email sending quota.
2026-06-08T23:01:22.549Z - FAILURE - sales@north-metal-roofing-of-irving.com - Error: You have reached your daily email sending quota.
2026-06-08T23:01:23.166Z - FAILURE - info@crown-holbrook-bistro-bar.com - Error: You have reached your daily email sending quota.
2026-06-08T23:01:23.771Z - FAILURE - contact@cactus-watervliet-comfort-systems.com - Error: You have reached your daily email sending quota.
2026-06-08T23:01:24.391Z - FAILURE - sales@right-roofing-remodeling-of-fulton.com - Error: You have reached your daily email sending quota.
2026-06-08T23:01:24.999Z - FAILURE - info@the-show-low-pizzeria.com - Error: You have reached your daily email sending quota.
2026-06-08T23:01:25.603Z - FAILURE - contact@pacific-garland-air-conditioning.com - Error: You have reached your daily email sending quota.
2026-06-08T23:01:26.212Z - FAILURE - contact@texas-heating-cooling.com - Error: You have reached your daily email sending quota.
2026-06-08T23:01:26.808Z - FAILURE - contact@atlas-auburn-hvac-services.com - Error: You have reached your daily email sending quota.
2026-06-08T23:01:27.416Z - FAILURE - info@mesa-ilion-italian-kitchen.com - Error: You have reached your daily email sending quota.
2026-06-08T23:01:28.024Z - FAILURE - contact@pinnacle-mission-cooling-heating.com - Error: You have reached your daily email sending quota.
2026-06-08T23:01:28.635Z - FAILURE - sales@classic-exteriors.com - Error: You have reached your daily email sending quota.
2026-06-08T23:01:29.245Z - FAILURE - sales@aaa-goodyear-home-improvements.com - Error: You have reached your daily email sending quota.
2026-06-08T23:01:29.854Z - FAILURE - sales@everest-roofing-remodeling.com - Error: You have reached your daily email sending quota.
2026-06-08T23:01:30.459Z - FAILURE - info@green-pflugerville-pizzeria.com - Error: You have reached your daily email sending quota.
2026-06-08T23:01:31.078Z - FAILURE - info@the-glen-cove-bbq-grill.com - Error: You have reached your daily email sending quota.
2026-06-08T23:01:31.695Z - FAILURE - sales@best-edinburg-exteriors.com - Error: You have reached your daily email sending quota.
2026-06-08T23:01:32.307Z - FAILURE - contact@united-temperature-control-of-beacon.com - Error: You have reached your daily email sending quota.
2026-06-08T23:01:32.929Z - FAILURE - sales@sky-mesquite-home-improvements.com - Error: You have reached your daily email sending quota.
2026-06-08T23:01:33.536Z - FAILURE - contact@diamond-temperature-control.com - Error: You have reached your daily email sending quota.
2026-06-08T23:01:34.155Z - FAILURE - contact@iron-ac-heating-of-lancaster.com - Error: You have reached your daily email sending quota.
2026-06-08T23:01:34.762Z - FAILURE - contact@state-mechanical-of-glens-falls.com - Error: You have reached your daily email sending quota.
2026-06-08T23:01:35.369Z - FAILURE - info@valley-yonkers-steakhouse.com - Error: You have reached your daily email sending quota.
2026-06-08T23:01:35.989Z - FAILURE - info@green-geneva-restaurant.com - Error: You have reached your daily email sending quota.
2026-06-08T23:01:36.600Z - FAILURE - sales@peak-el-mirage-roofers.com - Error: You have reached your daily email sending quota.
2026-06-08T23:01:37.214Z - FAILURE - info@main-auburn-steakhouse.com - Error: You have reached your daily email sending quota.
2026-06-08T23:01:37.815Z - FAILURE - contact@integrity-temperature-control.com - Error: You have reached your daily email sending quota.
2026-06-08T23:01:38.426Z - FAILURE - info@traditions-safford-italian-kitchen.com - Error: You have reached your daily email sending quota.
2026-06-08T23:01:39.032Z - FAILURE - contact@cool-san-angelo-air-systems.com - Error: You have reached your daily email sending quota.
2026-06-08T23:01:39.636Z - FAILURE - info@heritage-kingman-deli-market.com - Error: You have reached your daily email sending quota.
2026-06-08T23:01:40.253Z - FAILURE - sales@all-american-roofing-of-johnstown.com - Error: You have reached your daily email sending quota.
2026-06-08T23:01:41.026Z - FAILURE - sales@five-star-metal-roofing-of-jamestown.com - Error: You have reached your daily email sending quota.
2026-06-08T23:01:41.850Z - FAILURE - info@mountain-albany-pizza-pasta.com - Error: You have reached your daily email sending quota.
2026-06-08T23:01:42.458Z - FAILURE - contact@king-mechanical-of-league-city.com - Error: You have reached your daily email sending quota.
2026-06-08T23:01:43.080Z - FAILURE - sales@superior-roof-gutter-of-long-beach.com - Error: You have reached your daily email sending quota.
2026-06-08T23:01:43.686Z - FAILURE - sales@family-shingle-siding.com - Error: You have reached your daily email sending quota.
2026-06-08T23:01:44.290Z - FAILURE - contact@home-saratoga-springs-service-experts.com - Error: You have reached your daily email sending quota.
2026-06-08T23:01:44.914Z - FAILURE - contact@atlas-flower-mound-comfort-systems.com - Error: You have reached your daily email sending quota.
2026-06-08T23:01:45.540Z - FAILURE - contact@right-service-experts.com - Error: You have reached your daily email sending quota.
2026-06-08T23:01:46.161Z - FAILURE - contact@sun-mamaroneck-hvac-services.com - Error: You have reached your daily email sending quota.
2026-06-08T23:01:46.791Z - FAILURE - contact@a1-comfort-systems-of-socorro.com - Error: You have reached your daily email sending quota.
2026-06-08T23:01:47.388Z - FAILURE - sales@gulf-bullhead-city-roof-gutter.com - Error: You have reached your daily email sending quota.
2026-06-08T23:01:47.989Z - FAILURE - info@heritage-midland-pizza-pasta.com - Error: You have reached your daily email sending quota.
2026-06-08T23:01:48.586Z - FAILURE - sales@master-exteriors-of-midland.com - Error: You have reached your daily email sending quota.
2026-06-08T23:01:49.209Z - FAILURE - info@red-florence-bakery-cafe.com - Error: You have reached your daily email sending quota.
2026-06-08T23:01:49.825Z - FAILURE - info@original-phoenix-deli-market.com - Error: You have reached your daily email sending quota.
2026-06-08T23:01:50.437Z - FAILURE - sales@texas-roofing-of-lackawanna.com - Error: You have reached your daily email sending quota.
2026-06-08T23:01:51.075Z - FAILURE - info@golden-pizzeria.com - Error: You have reached your daily email sending quota.
2026-06-08T23:01:51.675Z - FAILURE - info@three-nacogdoches-mexican-grill.com - Error: You have reached your daily email sending quota.
2026-06-08T23:01:52.293Z - FAILURE - info@lake-pizza-pasta.com - Error: You have reached your daily email sending quota.
2026-06-08T23:01:52.921Z - FAILURE - sales@national-roofing-remodeling-of-amarillo.com - Error: You have reached your daily email sending quota.
2026-06-08T23:01:53.532Z - FAILURE - sales@integrity-roofing-remodeling-of-frisco.com - Error: You have reached your daily email sending quota.
2026-06-08T23:01:54.142Z - FAILURE - info@one-bbq-grill.com - Error: You have reached your daily email sending quota.
2026-06-08T23:01:54.750Z - FAILURE - contact@red-pharr-hvac.com - Error: You have reached your daily email sending quota.
2026-06-08T23:01:55.356Z - FAILURE - info@one-lubbock-eatery.com - Error: You have reached your daily email sending quota.
2026-06-08T23:01:55.968Z - FAILURE - info@brick-mexican-grill.com - Error: You have reached your daily email sending quota.
2026-06-08T23:01:56.772Z - FAILURE - sales@dura-roofers-of-georgetown.com - Error: You have reached your daily email sending quota.
2026-06-08T23:01:57.391Z - FAILURE - info@pine-san-luis-deli-market.com - Error: You have reached your daily email sending quota.
2026-06-08T23:01:57.993Z - FAILURE - sales@united-roofing.com - Error: You have reached your daily email sending quota.
2026-06-08T23:01:58.608Z - FAILURE - contact@patriot-comfort-systems-of-austin.com - Error: You have reached your daily email sending quota.
2026-06-08T23:01:59.218Z - FAILURE - info@red-pizza-pasta.com - Error: You have reached your daily email sending quota.
2026-06-08T23:01:59.834Z - FAILURE - contact@western-hvac-services.com - Error: You have reached your daily email sending quota.
2026-06-08T23:02:00.448Z - FAILURE - contact@golden-hvac.com - Error: You have reached your daily email sending quota.
2026-06-08T23:02:01.058Z - FAILURE - contact@pinnacle-hvac-services-of-houston.com - Error: You have reached your daily email sending quota.
2026-06-08T23:02:01.962Z - FAILURE - info@harbor-pizza-pasta.com - Error: You have reached your daily email sending quota.
2026-06-08T23:02:02.574Z - FAILURE - info@market-payson-restaurant.com - Error: You have reached your daily email sending quota.
2026-06-08T23:02:03.202Z - FAILURE - sales@sun-roofing-co-of-glens-falls.com - Error: You have reached your daily email sending quota.
2026-06-08T23:02:03.814Z - FAILURE - sales@iron-roofing-company-of-odessa.com - Error: You have reached your daily email sending quota.
2026-06-08T23:02:04.424Z - FAILURE - info@golden-desoto-kitchen.com - Error: You have reached your daily email sending quota.
2026-06-08T23:02:05.038Z - FAILURE - contact@north-star-comfort-systems-of-watertown.com - Error: You have reached your daily email sending quota.
2026-06-08T23:02:05.637Z - FAILURE - info@triple-pearland-grille.com - Error: You have reached your daily email sending quota.
2026-06-08T23:02:06.254Z - FAILURE - info@three-buckeye-mexican-grill.com - Error: You have reached your daily email sending quota.
2026-06-08T23:02:06.859Z - FAILURE - sales@noble-roofers.com - Error: You have reached your daily email sending quota.
2026-06-08T23:02:07.468Z - FAILURE - contact@quality-cooling-heating-of-sierra-vista.com - Error: You have reached your daily email sending quota.
2026-06-08T23:02:08.068Z - FAILURE - sales@big-home-improvements.com - Error: You have reached your daily email sending quota.
2026-06-08T23:02:08.682Z - FAILURE - info@piazza-cedar-park-taqueria.com - Error: You have reached your daily email sending quota.
2026-06-08T23:02:09.293Z - FAILURE - info@red-prescott-valley-restaurant.com - Error: You have reached your daily email sending quota.
2026-06-08T23:02:09.916Z - FAILURE - sales@iron-shingle-siding.com - Error: You have reached your daily email sending quota.
2026-06-08T23:02:10.543Z - FAILURE - contact@royal-killeen-hvac-services.com - Error: You have reached your daily email sending quota.
2026-06-08T23:02:11.151Z - FAILURE - sales@superior-del-rio-roofing-construction.com - Error: You have reached your daily email sending quota.
2026-06-08T23:02:11.764Z - FAILURE - sales@sky-shingle-siding-of-lewisville.com - Error: You have reached your daily email sending quota.
2026-06-08T23:02:12.378Z - FAILURE - contact@smart-florence-air-heating.com - Error: You have reached your daily email sending quota.
2026-06-08T23:02:13.000Z - FAILURE - sales@city-shingle-siding.com - Error: You have reached your daily email sending quota.
2026-06-08T23:02:13.594Z - FAILURE - info@embers-amsterdam-diner.com - Error: You have reached your daily email sending quota.
2026-06-08T23:02:14.216Z - FAILURE - info@santa-fe-douglas-deli-market.com - Error: You have reached your daily email sending quota.
2026-06-08T23:02:14.827Z - FAILURE - sales@family-roofing-contractors.com - Error: You have reached your daily email sending quota.
2026-06-08T23:02:15.431Z - FAILURE - sales@diamond-roofing-of-houston.com - Error: You have reached your daily email sending quota.
2026-06-08T23:02:16.053Z - FAILURE - sales@mountain-roofing-solutions-of-benbrook.com - Error: You have reached your daily email sending quota.
2026-06-08T23:02:16.663Z - FAILURE - contact@patriot-cooling-solutions.com - Error: You have reached your daily email sending quota.
2026-06-08T23:02:17.271Z - FAILURE - contact@climate-climate-control.com - Error: You have reached your daily email sending quota.
2026-06-08T23:02:17.889Z - FAILURE - contact@express-air-conditioning-of-cedar-park.com - Error: You have reached your daily email sending quota.
2026-06-08T23:02:18.497Z - FAILURE - sales@big-roofing-remodeling.com - Error: You have reached your daily email sending quota.
2026-06-08T23:02:19.118Z - FAILURE - contact@johnson-burleson-air-heating.com - Error: You have reached your daily email sending quota.
2026-06-08T23:02:19.793Z - FAILURE - sales@signature-roofing-solutions.com - Error: You have reached your daily email sending quota.
2026-06-08T23:02:20.409Z - FAILURE - contact@silver-chino-valley-mechanical.com - Error: You have reached your daily email sending quota.
2026-06-08T23:02:21.013Z - FAILURE - sales@valley-roofing-solutions.com - Error: You have reached your daily email sending quota.
2026-06-08T23:02:21.622Z - FAILURE - contact@north-star-coolidge-hvac-services.com - Error: You have reached your daily email sending quota.
2026-06-08T23:02:22.239Z - FAILURE - info@five-dunkirk-sushi-bar.com - Error: You have reached your daily email sending quota.
2026-06-08T23:02:22.857Z - FAILURE - contact@sahara-climate-control.com - Error: You have reached your daily email sending quota.
2026-06-08T23:02:23.466Z - FAILURE - sales@weather-exteriors.com - Error: You have reached your daily email sending quota.
2026-06-08T23:02:24.068Z - FAILURE - sales@absolute-roof-gutter-of-pasadena.com - Error: You have reached your daily email sending quota.
2026-06-08T23:02:24.679Z - FAILURE - contact@crown-hvac-services-of-cottonwood.com - Error: You have reached your daily email sending quota.
2026-06-08T23:02:25.302Z - FAILURE - info@pine-long-beach-bistro-bar.com - Error: You have reached your daily email sending quota.
2026-06-08T23:02:25.912Z - FAILURE - info@lone-star-san-antonio-cafe-grill.com - Error: You have reached your daily email sending quota.
2026-06-08T23:02:26.511Z - FAILURE - info@the-watertown-italian-kitchen.com - Error: You have reached your daily email sending quota.
2026-06-08T23:02:27.128Z - FAILURE - sales@capital-glendale-roofing-solutions.com - Error: You have reached your daily email sending quota.
2026-06-08T23:02:27.749Z - FAILURE - info@new-baytown-pizzeria.com - Error: You have reached your daily email sending quota.
2026-06-08T23:02:28.379Z - FAILURE - contact@tri-state-ogdensburg-cooling-solutions.com - Error: You have reached your daily email sending quota.
2026-06-08T23:02:28.988Z - FAILURE - info@market-mexican-grill.com - Error: You have reached your daily email sending quota.
2026-06-08T23:02:29.604Z - FAILURE - contact@premier-hvac-solutions-of-long-beach.com - Error: You have reached your daily email sending quota.
2026-06-08T23:02:30.228Z - FAILURE - contact@payless-air-systems.com - Error: You have reached your daily email sending quota.
2026-06-08T23:02:30.841Z - FAILURE - info@original-cedar-hill-eatery.com - Error: You have reached your daily email sending quota.
2026-06-08T23:02:31.445Z - FAILURE - info@pine-fulton-bakery-cafe.com - Error: You have reached your daily email sending quota.
2026-06-08T23:02:32.056Z - FAILURE - info@town-flagstaff-sushi-bar.com - Error: You have reached your daily email sending quota.
2026-06-08T23:02:32.666Z - FAILURE - contact@west-dunkirk-air-conditioning.com - Error: You have reached your daily email sending quota.
2026-06-08T23:02:33.279Z - FAILURE - info@salt-oneonta-cafe-grill.com - Error: You have reached your daily email sending quota.
2026-06-08T23:02:33.877Z - FAILURE - info@union-pizzeria.com - Error: You have reached your daily email sending quota.
2026-06-08T23:02:34.481Z - FAILURE - sales@diamond-roofing-remodeling.com - Error: You have reached your daily email sending quota.
2026-06-08T23:02:35.083Z - FAILURE - contact@service-service-experts-of-lake-havasu-city.com - Error: You have reached your daily email sending quota.
2026-06-08T23:02:35.697Z - FAILURE - contact@arrow-cooling-heating-of-beaumont.com - Error: You have reached your daily email sending quota.
2026-06-08T23:02:36.302Z - FAILURE - info@station-killeen-cafe-grill.com - Error: You have reached your daily email sending quota.
2026-06-08T23:02:36.907Z - FAILURE - info@mesa-new-rochelle-eatery.com - Error: You have reached your daily email sending quota.
2026-06-08T23:02:37.534Z - FAILURE - contact@crown-comfort-systems-of-plano.com - Error: You have reached your daily email sending quota.
2026-06-08T23:02:38.135Z - FAILURE - sales@king-construction-roofing-of-lockport.com - Error: You have reached your daily email sending quota.
2026-06-08T23:02:38.748Z - FAILURE - contact@iron-service-experts.com - Error: You have reached your daily email sending quota.
2026-06-08T23:02:39.363Z - FAILURE - info@heritage-del-rio-eatery.com - Error: You have reached your daily email sending quota.
2026-06-08T23:02:39.974Z - FAILURE - sales@family-waco-roofing-services.com - Error: You have reached your daily email sending quota.
2026-06-08T23:02:40.594Z - FAILURE - sales@empire-sugar-land-roofing-contractors.com - Error: You have reached your daily email sending quota.
2026-06-08T23:02:41.205Z - FAILURE - info@city-sherman-sushi-bar.com - Error: You have reached your daily email sending quota.
2026-06-08T23:02:41.813Z - FAILURE - contact@frontier-duncanville-mechanical.com - Error: You have reached your daily email sending quota.
2026-06-08T23:02:42.434Z - FAILURE - sales@united-roofing.com - Error: You have reached your daily email sending quota.
2026-06-08T23:02:43.043Z - FAILURE - sales@liberty-rensselaer-roofing-services.com - Error: You have reached your daily email sending quota.
2026-06-08T23:02:43.663Z - FAILURE - contact@north-star-temperature-control-of-hurst.com - Error: You have reached your daily email sending quota.
2026-06-08T23:02:44.269Z - FAILURE - info@silver-surprise-deli-market.com - Error: You have reached your daily email sending quota.
2026-06-08T23:02:44.878Z - FAILURE - sales@armor-bisbee-roofing.com - Error: You have reached your daily email sending quota.
2026-06-08T23:02:45.481Z - FAILURE - info@corner-pizza-pasta.com - Error: You have reached your daily email sending quota.
2026-06-08T23:02:46.090Z - FAILURE - info@village-tucson-italian-kitchen.com - Error: You have reached your daily email sending quota.
2026-06-08T23:02:46.707Z - FAILURE - info@midtown-kitchen.com - Error: You have reached your daily email sending quota.
2026-06-08T23:02:47.308Z - FAILURE - contact@gulf-bisbee-mechanical.com - Error: You have reached your daily email sending quota.
2026-06-08T23:02:47.905Z - FAILURE - contact@family-baytown-cooling-heating.com - Error: You have reached your daily email sending quota.
2026-06-08T23:02:48.532Z - FAILURE - contact@iron-air-systems.com - Error: You have reached your daily email sending quota.
2026-06-08T23:02:49.152Z - FAILURE - sales@economy-roofing-remodeling-of-phoenix.com - Error: You have reached your daily email sending quota.
2026-06-08T23:02:49.750Z - FAILURE - info@famous-victoria-pizza-pasta.com - Error: You have reached your daily email sending quota.
2026-06-08T23:02:50.358Z - FAILURE - sales@lone-star-home-improvements-of-poughkeepsie.com - Error: You have reached your daily email sending quota.
2026-06-08T23:02:50.974Z - FAILURE - contact@top-hvac-solutions.com - Error: You have reached your daily email sending quota.
2026-06-08T23:02:51.578Z - FAILURE - sales@atlas-roof-specialists.com - Error: You have reached your daily email sending quota.
2026-06-08T23:02:52.187Z - FAILURE - sales@castle-roofing-company-of-the-colony.com - Error: You have reached your daily email sending quota.
2026-06-08T23:02:52.793Z - FAILURE - sales@lifetime-lake-havasu-city-construction-roofing.com - Error: You have reached your daily email sending quota.
2026-06-08T23:02:53.399Z - FAILURE - contact@mountain-the-colony-hvac-services.com - Error: You have reached your daily email sending quota.
2026-06-08T23:02:54.005Z - FAILURE - sales@arch-carrollton-roofing-company.com - Error: You have reached your daily email sending quota.
2026-06-08T23:02:54.603Z - FAILURE - sales@pinnacle-shingle-siding-of-tucson.com - Error: You have reached your daily email sending quota.
2026-06-08T23:02:55.202Z - FAILURE - info@salt-cafe-grill.com - Error: You have reached your daily email sending quota.
2026-06-08T23:02:55.819Z - FAILURE - info@lake-lake-havasu-city-deli-market.com - Error: You have reached your daily email sending quota.
2026-06-08T23:02:56.449Z - FAILURE - sales@sun-roofing-services-of-watervliet.com - Error: You have reached your daily email sending quota.
2026-06-08T23:02:57.059Z - FAILURE - contact@southwest-heating-air-of-port-arthur.com - Error: You have reached your daily email sending quota.
2026-06-08T23:02:57.679Z - FAILURE - contact@gulf-pasadena-ac-heating.com - Error: You have reached your daily email sending quota.
2026-06-08T23:02:58.277Z - FAILURE - info@blue-deli-market.com - Error: You have reached your daily email sending quota.
2026-06-08T23:02:58.890Z - FAILURE - contact@service-heating-air-of-mesa.com - Error: You have reached your daily email sending quota.
2026-06-08T23:02:59.495Z - FAILURE - sales@shield-eloy-roofing-contractors.com - Error: You have reached your daily email sending quota.
2026-06-08T23:03:00.092Z - FAILURE - info@grand-middletown-italian-kitchen.com - Error: You have reached your daily email sending quota.
2026-06-08T23:03:00.713Z - FAILURE - info@copper-hutto-sushi-bar.com - Error: You have reached your daily email sending quota.
2026-06-08T23:03:01.322Z - FAILURE - info@state-haverstraw-steakhouse.com - Error: You have reached your daily email sending quota.
2026-06-08T23:03:01.935Z - FAILURE - sales@economy-roofing-contractors-of-burleson.com - Error: You have reached your daily email sending quota.
2026-06-08T23:03:02.538Z - FAILURE - sales@ridge-denton-metal-roofing.com - Error: You have reached your daily email sending quota.
2026-06-08T23:03:03.161Z - FAILURE - contact@patriot-hvac-services.com - Error: You have reached your daily email sending quota.
2026-06-08T23:03:03.783Z - FAILURE - sales@sky-roofing-services-of-haltom-city.com - Error: You have reached your daily email sending quota.
2026-06-08T23:03:04.407Z - FAILURE - contact@royal-safford-air-heating.com - Error: You have reached your daily email sending quota.
2026-06-08T23:03:05.042Z - FAILURE - sales@noble-page-roofing-company.com - Error: You have reached your daily email sending quota.
2026-06-08T23:03:05.638Z - FAILURE - sales@west-roof-gutter-of-hutto.com - Error: You have reached your daily email sending quota.
2026-06-08T23:03:06.248Z - FAILURE - sales@pride-construction-roofing.com - Error: You have reached your daily email sending quota.
2026-06-08T23:03:06.869Z - FAILURE - info@red-rome-italian-kitchen.com - Error: You have reached your daily email sending quota.
2026-06-08T23:03:07.487Z - FAILURE - sales@frontier-roofing-of-oneonta.com - Error: You have reached your daily email sending quota.
2026-06-08T23:03:08.265Z - FAILURE - sales@economy-roof-gutter-of-olean.com - Error: You have reached your daily email sending quota.
2026-06-08T23:03:08.907Z - FAILURE - sales@city-roofing-co-of-san-angelo.com - Error: You have reached your daily email sending quota.
2026-06-08T23:03:09.523Z - FAILURE - contact@imperial-hvac-of-tonawanda.com - Error: You have reached your daily email sending quota.
2026-06-08T23:03:10.128Z - FAILURE - contact@rapid-temperature-control.com - Error: You have reached your daily email sending quota.
2026-06-08T23:03:10.744Z - FAILURE - info@bella-diner.com - Error: You have reached your daily email sending quota.
2026-06-08T23:03:11.343Z - FAILURE - info@wild-benbrook-eatery.com - Error: You have reached your daily email sending quota.
2026-06-08T23:03:11.941Z - FAILURE - sales@diamond-home-improvements-of-grand-prairie.com - Error: You have reached your daily email sending quota.
2026-06-08T23:03:12.542Z - FAILURE - info@red-bakery-cafe.com - Error: You have reached your daily email sending quota.
2026-06-08T23:03:13.167Z - FAILURE - sales@liberty-roofing-construction-of-cedar-hill.com - Error: You have reached your daily email sending quota.
2026-06-08T23:03:13.817Z - FAILURE - sales@capital-cottonwood-roofing-construction.com - Error: You have reached your daily email sending quota.
2026-06-08T23:03:14.426Z - FAILURE - contact@mountain-temperature-control-of-goodyear.com - Error: You have reached your daily email sending quota.
2026-06-08T23:03:15.038Z - FAILURE - contact@cool-eloy-cooling-heating.com - Error: You have reached your daily email sending quota.
2026-06-08T23:03:15.643Z - FAILURE - sales@big-baytown-roofing-company.com - Error: You have reached your daily email sending quota.
2026-06-08T23:03:16.261Z - FAILURE - contact@central-air-conditioning-heating-of-lockport.com - Error: You have reached your daily email sending quota.
2026-06-08T23:03:16.879Z - FAILURE - info@one-poughkeepsie-grille.com - Error: You have reached your daily email sending quota.
2026-06-08T23:03:17.537Z - FAILURE - info@highland-amarillo-deli-market.com - Error: You have reached your daily email sending quota.
2026-06-08T23:03:18.142Z - FAILURE - contact@cool-air-systems.com - Error: You have reached your daily email sending quota.
2026-06-08T23:03:18.740Z - FAILURE - sales@economy-exteriors.com - Error: You have reached your daily email sending quota.
2026-06-08T23:03:19.536Z - FAILURE - sales@liberty-douglas-exteriors.com - Error: You have reached your daily email sending quota.
2026-06-08T23:03:20.142Z - FAILURE - contact@sunrise-pearland-mechanical.com - Error: You have reached your daily email sending quota.
2026-06-08T23:03:20.746Z - FAILURE - info@sun-eloy-sushi-bar.com - Error: You have reached your daily email sending quota.
2026-06-08T23:03:21.387Z - FAILURE - sales@expert-roofing-of-tyler.com - Error: You have reached your daily email sending quota.
2026-06-08T23:03:21.998Z - FAILURE - info@green-massena-grille.com - Error: You have reached your daily email sending quota.
2026-06-08T23:03:22.609Z - FAILURE - info@island-el-mirage-bbq-grill.com - Error: You have reached your daily email sending quota.
2026-06-08T23:03:23.215Z - FAILURE - sales@five-star-roofing-solutions-of-hurst.com - Error: You have reached your daily email sending quota.
2026-06-08T23:03:23.807Z - FAILURE - contact@a1-heating-cooling-of-wichita-falls.com - Error: You have reached your daily email sending quota.
2026-06-08T23:03:24.449Z - FAILURE - contact@tri-state-rensselaer-hvac-solutions.com - Error: You have reached your daily email sending quota.
2026-06-08T23:03:25.051Z - FAILURE - contact@atlas-climate-control-of-fountain-hills.com - Error: You have reached your daily email sending quota.
2026-06-08T23:03:25.646Z - FAILURE - info@town-watervliet-taqueria.com - Error: You have reached your daily email sending quota.
2026-06-08T23:03:26.271Z - FAILURE - sales@storm-roofers-of-san-marcos.com - Error: You have reached your daily email sending quota.
2026-06-08T23:03:26.880Z - FAILURE - contact@heritage-heating-cooling.com - Error: You have reached your daily email sending quota.
2026-06-08T23:03:27.479Z - FAILURE - info@piazza-glendale-diner.com - Error: You have reached your daily email sending quota.
2026-06-08T23:03:28.096Z - FAILURE - contact@pinnacle-ac-heating-of-troy.com - Error: You have reached your daily email sending quota.
2026-06-08T23:03:28.704Z - FAILURE - contact@payless-comfort-systems.com - Error: You have reached your daily email sending quota.
2026-06-08T23:03:29.312Z - FAILURE - contact@crown-syracuse-ac-heating.com - Error: You have reached your daily email sending quota.
2026-06-08T23:03:29.947Z - FAILURE - sales@right-massena-roofing-company.com - Error: You have reached your daily email sending quota.
2026-06-08T23:03:30.563Z - FAILURE - sales@heritage-oswego-roofing-company.com - Error: You have reached your daily email sending quota.
2026-06-08T23:03:31.187Z - FAILURE - contact@smart-hvac.com - Error: You have reached your daily email sending quota.
2026-06-08T23:03:31.802Z - FAILURE - sales@secure-metal-roofing-of-corning.com - Error: You have reached your daily email sending quota.
2026-06-08T23:03:32.416Z - FAILURE - sales@reliable-roofing-co-of-wylie.com - Error: You have reached your daily email sending quota.
2026-06-08T23:03:33.036Z - FAILURE - info@top-bbq-grill.com - Error: You have reached your daily email sending quota.
2026-06-08T23:03:33.638Z - FAILURE - contact@state-laredo-mechanical.com - Error: You have reached your daily email sending quota.
2026-06-08T23:03:34.246Z - FAILURE - info@elite-laredo-mexican-grill.com - Error: You have reached your daily email sending quota.
2026-06-08T23:03:34.860Z - FAILURE - contact@west-albany-air-conditioning-heating.com - Error: You have reached your daily email sending quota.
2026-06-08T23:03:35.463Z - FAILURE - info@sunset-richardson-mexican-grill.com - Error: You have reached your daily email sending quota.
2026-06-08T23:03:36.063Z - FAILURE - contact@west-cooling-solutions.com - Error: You have reached your daily email sending quota.
2026-06-08T23:03:36.680Z - FAILURE - info@olive-san-angelo-pizzeria.com - Error: You have reached your daily email sending quota.
2026-06-08T23:03:37.278Z - FAILURE - sales@red-construction-roofing-of-new-braunfels.com - Error: You have reached your daily email sending quota.
2026-06-08T23:03:37.894Z - FAILURE - contact@home-university-park-air-conditioning.com - Error: You have reached your daily email sending quota.
2026-06-08T23:03:38.493Z - FAILURE - sales@north-roofing-remodeling-of-rosenberg.com - Error: You have reached your daily email sending quota.
2026-06-08T23:03:39.098Z - FAILURE - info@copper-chandler-taqueria.com - Error: You have reached your daily email sending quota.
2026-06-08T23:03:39.707Z - FAILURE - sales@keystone-roofing.com - Error: You have reached your daily email sending quota.
2026-06-08T23:03:40.326Z - FAILURE - contact@cactus-mechanical-of-edinburg.com - Error: You have reached your daily email sending quota.
2026-06-08T23:03:40.934Z - FAILURE - info@harbor-hudson-sushi-bar.com - Error: You have reached your daily email sending quota.
2026-06-08T23:03:41.542Z - FAILURE - info@salt-mexican-grill.com - Error: You have reached your daily email sending quota.
2026-06-08T23:03:42.153Z - FAILURE - info@green-rochester-eatery.com - Error: You have reached your daily email sending quota.
2026-06-08T23:03:42.759Z - FAILURE - sales@top-metal-roofing-of-buffalo.com - Error: You have reached your daily email sending quota.
2026-06-08T23:03:43.372Z - FAILURE - contact@american-flagstaff-cooling-solutions.com - Error: You have reached your daily email sending quota.
2026-06-08T23:03:43.983Z - FAILURE - contact@first-cooling-solutions.com - Error: You have reached your daily email sending quota.
2026-06-08T23:03:44.589Z - FAILURE - sales@capital-missouri-city-shingle-siding.com - Error: You have reached your daily email sending quota.
2026-06-08T23:03:45.194Z - FAILURE - info@state-farmers-branch-pizza-pasta.com - Error: You have reached your daily email sending quota.
2026-06-08T23:03:45.794Z - FAILURE - info@silver-ithaca-bakery-cafe.com - Error: You have reached your daily email sending quota.
2026-06-08T23:03:46.400Z - FAILURE - info@mesa-yuma-cafe-grill.com - Error: You have reached your daily email sending quota.
2026-06-08T23:03:47.010Z - FAILURE - info@main-lewisville-mexican-grill.com - Error: You have reached your daily email sending quota.
2026-06-08T23:03:47.612Z - FAILURE - sales@american-roofing-services.com - Error: You have reached your daily email sending quota.
2026-06-08T23:03:48.230Z - FAILURE - info@house-of-pizzeria.com - Error: You have reached your daily email sending quota.
2026-06-08T23:03:48.835Z - FAILURE - contact@united-glen-cove-temperature-control.com - Error: You have reached your daily email sending quota.
2026-06-08T23:03:49.442Z - FAILURE - sales@valley-roofing-co.com - Error: You have reached your daily email sending quota.
2026-06-08T23:03:50.056Z - FAILURE - info@harbor-huntsville-grille.com - Error: You have reached your daily email sending quota.
2026-06-08T23:03:50.666Z - FAILURE - sales@crown-new-rochelle-roof-specialists.com - Error: You have reached your daily email sending quota.
2026-06-08T23:03:51.278Z - FAILURE - contact@desert-air-conditioning-of-payson.com - Error: You have reached your daily email sending quota.
2026-06-08T23:03:51.896Z - FAILURE - contact@reliable-hvac-services-of-johnstown.com - Error: You have reached your daily email sending quota.
2026-06-08T23:03:52.512Z - FAILURE - sales@reliable-maricopa-home-improvements.com - Error: You have reached your daily email sending quota.
2026-06-08T23:03:53.119Z - FAILURE - sales@pride-shingle-siding-of-haverstraw.com - Error: You have reached your daily email sending quota.
2026-06-08T23:03:53.761Z - FAILURE - info@great-buffalo-bakery-cafe.com - Error: You have reached your daily email sending quota.
2026-06-08T23:03:54.358Z - FAILURE - sales@boss-metal-roofing.com - Error: You have reached your daily email sending quota.
2026-06-08T23:03:54.982Z - FAILURE - sales@national-roof-specialists.com - Error: You have reached your daily email sending quota.
2026-06-08T23:03:55.592Z - FAILURE - info@old-town-mesa-kitchen.com - Error: You have reached your daily email sending quota.
2026-06-08T23:03:56.206Z - FAILURE - info@crown-diner.com - Error: You have reached your daily email sending quota.
2026-06-08T23:03:56.830Z - FAILURE - info@southwest-rye-kitchen.com - Error: You have reached your daily email sending quota.
2026-06-08T23:03:57.437Z - FAILURE - contact@mountain-apache-junction-comfort-systems.com - Error: You have reached your daily email sending quota.
2026-06-08T23:03:58.069Z - FAILURE - info@brick-university-park-taqueria.com - Error: You have reached your daily email sending quota.
2026-06-08T23:03:58.676Z - FAILURE - info@salt-pasadena-restaurant.com - Error: You have reached your daily email sending quota.
2026-06-08T23:03:59.285Z - FAILURE - sales@tower-metal-roofing.com - Error: You have reached your daily email sending quota.
2026-06-08T23:03:59.885Z - FAILURE - sales@a1-galveston-roofing-services.com - Error: You have reached your daily email sending quota.
2026-06-08T23:04:00.504Z - FAILURE - sales@pacific-flagstaff-roofing-construction.com - Error: You have reached your daily email sending quota.
2026-06-08T23:04:01.101Z - FAILURE - sales@heritage-big-spring-roof-gutter.com - Error: You have reached your daily email sending quota.
2026-06-08T23:04:01.718Z - FAILURE - contact@valley-air-systems-of-fort-worth.com - Error: You have reached your daily email sending quota.
2026-06-08T23:04:02.328Z - FAILURE - info@brick-steakhouse.com - Error: You have reached your daily email sending quota.
2026-06-08T23:04:02.966Z - FAILURE - contact@reliable-cooling-heating.com - Error: You have reached your daily email sending quota.
2026-06-08T23:04:03.572Z - FAILURE - sales@reliable-construction-roofing-of-plattsburgh.com - Error: You have reached your daily email sending quota.
2026-06-08T23:04:04.182Z - FAILURE - contact@empire-heating-air-of-schenectady.com - Error: You have reached your daily email sending quota.
2026-06-08T23:04:04.808Z - FAILURE - contact@all-pro-corpus-christi-climate-control.com - Error: You have reached your daily email sending quota.
2026-06-08T23:04:05.419Z - FAILURE - contact@southwest-mechanical-of-north-richland-hills.com - Error: You have reached your daily email sending quota.
2026-06-08T23:04:06.046Z - FAILURE - contact@silver-yonkers-cooling-solutions.com - Error: You have reached your daily email sending quota.
2026-06-08T23:04:06.663Z - FAILURE - sales@west-richardson-roofing.com - Error: You have reached your daily email sending quota.
2026-06-08T23:04:07.263Z - FAILURE - contact@town-heating-air.com - Error: You have reached your daily email sending quota.
2026-06-08T23:04:07.880Z - FAILURE - info@main-rosenberg-cafe-grill.com - Error: You have reached your daily email sending quota.
2026-06-08T23:04:08.500Z - FAILURE - sales@armor-roofing-solutions-of-victoria.com - Error: You have reached your daily email sending quota.
2026-06-08T23:04:09.530Z - FAILURE - contact@west-temple-air-conditioning-heating.com - Error: You have reached your daily email sending quota.
2026-06-08T23:04:10.201Z - FAILURE - info@copper-bistro-bar.com - Error: You have reached your daily email sending quota.
2026-06-08T23:04:10.817Z - FAILURE - contact@royal-prescott-mechanical.com - Error: You have reached your daily email sending quota.
2026-06-08T23:04:11.429Z - FAILURE - sales@castle-avondale-roof-specialists.com - Error: You have reached your daily email sending quota.
2026-06-08T23:04:12.044Z - FAILURE - sales@king-roofing-of-yonkers.com - Error: You have reached your daily email sending quota.
2026-06-08T23:04:12.654Z - FAILURE - contact@express-service-experts-of-galveston.com - Error: You have reached your daily email sending quota.
2026-06-08T23:04:13.269Z - FAILURE - contact@pinnacle-heating-cooling-of-parker.com - Error: You have reached your daily email sending quota.
2026-06-08T23:04:13.882Z - FAILURE - contact@home-surprise-temperature-control.com - Error: You have reached your daily email sending quota.
2026-06-08T23:04:14.492Z - FAILURE - info@main-texas-city-pizza-pasta.com - Error: You have reached your daily email sending quota.
2026-06-08T23:04:15.097Z - FAILURE - info@new-the-colony-steakhouse.com - Error: You have reached your daily email sending quota.
2026-06-08T23:04:15.721Z - FAILURE - sales@iron-san-luis-roofing-co.com - Error: You have reached your daily email sending quota.
2026-06-08T23:04:16.336Z - FAILURE - info@famous-pizza-pasta.com - Error: You have reached your daily email sending quota.
2026-06-08T23:04:16.943Z - FAILURE - info@harbor-odessa-pizza-pasta.com - Error: You have reached your daily email sending quota.
2026-06-08T23:04:17.538Z - FAILURE - info@southwest-mexican-grill.com - Error: You have reached your daily email sending quota.
2026-06-08T23:04:18.154Z - FAILURE - sales@capital-prescott-valley-roofing-construction.com - Error: You have reached your daily email sending quota.
2026-06-08T23:04:18.774Z - FAILURE - info@the-mechanicville-mexican-grill.com - Error: You have reached your daily email sending quota.
2026-06-08T23:04:19.371Z - FAILURE - sales@american-roofing-services.com - Error: You have reached your daily email sending quota.
2026-06-08T23:04:19.969Z - FAILURE - sales@capital-roofing-company-of-chino-valley.com - Error: You have reached your daily email sending quota.
2026-06-08T23:04:20.597Z - FAILURE - contact@superior-hvac-solutions-of-amsterdam.com - Error: You have reached your daily email sending quota.
2026-06-08T23:04:21.204Z - FAILURE - contact@north-star-air-heating-of-huntsville.com - Error: You have reached your daily email sending quota.
2026-06-08T23:04:21.825Z - FAILURE - contact@state-air-systems-of-abilene.com - Error: You have reached your daily email sending quota.
2026-06-08T23:04:22.441Z - FAILURE - contact@blue-page-air-conditioning.com - Error: You have reached your daily email sending quota.
2026-06-08T23:04:23.041Z - FAILURE - info@five-steakhouse.com - Error: You have reached your daily email sending quota.
2026-06-08T23:04:23.646Z - FAILURE - sales@capital-home-improvements-of-cohoes.com - Error: You have reached your daily email sending quota.
2026-06-08T23:04:24.263Z - FAILURE - contact@iron-rye-mechanical.com - Error: You have reached your daily email sending quota.
2026-06-08T23:04:24.864Z - FAILURE - contact@service-olean-cooling-heating.com - Error: You have reached your daily email sending quota.
2026-06-08T23:04:25.491Z - FAILURE - info@house-of-bakery-cafe.com - Error: You have reached your daily email sending quota.
2026-06-08T23:04:26.091Z - FAILURE - contact@quality-climate-control.com - Error: You have reached your daily email sending quota.
2026-06-08T23:04:26.711Z - FAILURE - info@three-oro-valley-restaurant.com - Error: You have reached your daily email sending quota.
2026-06-08T23:04:27.322Z - FAILURE - contact@white-rome-cooling-solutions.com - Error: You have reached your daily email sending quota.
2026-06-08T23:04:27.940Z - FAILURE - sales@blue-albany-roofing-co.com - Error: You have reached your daily email sending quota.
2026-06-08T23:04:28.544Z - FAILURE - contact@reliable-temperature-control.com - Error: You have reached your daily email sending quota.
2026-06-08T23:04:29.159Z - FAILURE - contact@capital-air-systems.com - Error: You have reached your daily email sending quota.
2026-06-08T23:04:29.772Z - FAILURE - info@olive-little-elm-cafe-grill.com - Error: You have reached your daily email sending quota.
2026-06-08T23:04:30.379Z - FAILURE - contact@top-el-paso-cooling-solutions.com - Error: You have reached your daily email sending quota.
2026-06-08T23:04:31.003Z - FAILURE - sales@vista-roofing-company-of-allen.com - Error: You have reached your daily email sending quota.
2026-06-08T23:04:31.619Z - FAILURE - info@midtown-little-falls-eatery.com - Error: You have reached your daily email sending quota.
2026-06-08T23:04:32.234Z - FAILURE - sales@reliable-roofing-remodeling-of-north-tonawanda.com - Error: You have reached your daily email sending quota.
2026-06-08T23:04:33.178Z - FAILURE - contact@family-air-conditioning-heating-of-college-station.com - Error: You have reached your daily email sending quota.
2026-06-08T23:04:33.786Z - FAILURE - info@wild-dallas-bbq-grill.com - Error: You have reached your daily email sending quota.
2026-06-08T23:04:34.404Z - FAILURE - contact@cool-chandler-air-systems.com - Error: You have reached your daily email sending quota.
2026-06-08T23:04:35.034Z - FAILURE - info@blue-jamestown-diner.com - Error: You have reached your daily email sending quota.
2026-06-08T23:04:35.644Z - FAILURE - contact@elite-air-heating-of-elmira.com - Error: You have reached your daily email sending quota.
2026-06-08T23:04:36.244Z - FAILURE - contact@king-heating-air.com - Error: You have reached your daily email sending quota.
2026-06-08T23:04:36.845Z - FAILURE - contact@cactus-ac-heating.com - Error: You have reached your daily email sending quota.
2026-06-08T23:04:37.446Z - FAILURE - contact@royal-new-york-city-air-conditioning-heating.com - Error: You have reached your daily email sending quota.
2026-06-08T23:04:38.048Z - FAILURE - contact@golden-cooling-solutions-of-carrollton.com - Error: You have reached your daily email sending quota.
2026-06-08T23:04:38.667Z - FAILURE - info@west-kitchen.com - Error: You have reached your daily email sending quota.
2026-06-08T23:04:39.270Z - FAILURE - sales@central-metal-roofing.com - Error: You have reached your daily email sending quota.
2026-06-08T23:04:39.884Z - FAILURE - contact@king-cooling-heating-of-coppell.com - Error: You have reached your daily email sending quota.
2026-06-08T23:04:40.532Z - FAILURE - contact@mountain-hornell-air-heating.com - Error: You have reached your daily email sending quota.
2026-06-08T23:04:41.143Z - FAILURE - contact@royal-heating-air.com - Error: You have reached your daily email sending quota.
2026-06-08T23:04:41.752Z - FAILURE - contact@blue-jamestown-air-systems.com - Error: You have reached your daily email sending quota.
2026-06-08T23:04:42.369Z - FAILURE - sales@golden-roofing-contractors-of-hudson.com - Error: You have reached your daily email sending quota.
2026-06-08T23:04:42.966Z - FAILURE - info@royal-cafe-grill.com - Error: You have reached your daily email sending quota.
2026-06-08T23:04:43.583Z - FAILURE - info@sun-mission-pizza-pasta.com - Error: You have reached your daily email sending quota.
2026-06-08T23:04:44.212Z - FAILURE - sales@mountain-wickenburg-roofing-contractors.com - Error: You have reached your daily email sending quota.
2026-06-08T23:04:44.821Z - FAILURE - sales@capital-roofing-co.com - Error: You have reached your daily email sending quota.
2026-06-08T23:04:45.436Z - FAILURE - sales@shield-pflugerville-roofing-co.com - Error: You have reached your daily email sending quota.
2026-06-08T23:04:46.049Z - FAILURE - contact@universal-conroe-air-systems.com - Error: You have reached your daily email sending quota.
2026-06-08T23:04:46.653Z - FAILURE - sales@vista-roofing-company.com - Error: You have reached your daily email sending quota.
2026-06-08T23:04:47.267Z - FAILURE - contact@city-kyle-heating-cooling.com - Error: You have reached your daily email sending quota.
2026-06-08T23:04:47.869Z - FAILURE - info@fork-norwich-restaurant.com - Error: You have reached your daily email sending quota.
2026-06-08T23:04:48.563Z - FAILURE - sales@total-exteriors-of-apache-junction.com - Error: You have reached your daily email sending quota.
2026-06-08T23:04:49.171Z - FAILURE - sales@five-star-roofers-of-tonawanda.com - Error: You have reached your daily email sending quota.
2026-06-08T23:04:49.778Z - FAILURE - info@midtown-eatery.com - Error: You have reached your daily email sending quota.
2026-06-08T23:04:50.394Z - FAILURE - sales@grand-roofing-of-white-plains.com - Error: You have reached your daily email sending quota.
2026-06-08T23:04:51.003Z - FAILURE - info@old-town-north-richland-hills-italian-kitchen.com - Error: You have reached your daily email sending quota.
2026-06-08T23:04:51.620Z - FAILURE - info@santa-fe-denton-bistro-bar.com - Error: You have reached your daily email sending quota.
2026-06-08T23:04:52.217Z - FAILURE - sales@best-roofing-of-corpus-christi.com - Error: You have reached your daily email sending quota.
2026-06-08T23:04:52.825Z - FAILURE - contact@west-heating-cooling-of-bedford.com - Error: You have reached your daily email sending quota.
2026-06-08T23:04:53.434Z - FAILURE - contact@a1-cooling-heating-of-casa-grande.com - Error: You have reached your daily email sending quota.
2026-06-08T23:04:54.031Z - FAILURE - info@harbor-fort-worth-restaurant.com - Error: You have reached your daily email sending quota.
2026-06-08T23:04:54.636Z - FAILURE - info@bella-clifton-pizzeria.com - Error: You have reached your daily email sending quota.
2026-06-08T23:04:55.258Z - FAILURE - contact@crown-service-experts-of-del-rio.com - Error: You have reached your daily email sending quota.
2026-06-08T23:04:55.869Z - FAILURE - contact@sun-climate-control-of-amarillo.com - Error: You have reached your daily email sending quota.
2026-06-08T23:04:56.472Z - FAILURE - sales@a1-conroe-construction-roofing.com - Error: You have reached your daily email sending quota.
2026-06-08T23:04:57.094Z - FAILURE - info@silver-allen-pizzeria.com - Error: You have reached your daily email sending quota.
2026-06-08T23:04:57.697Z - FAILURE - sales@noble-roof-gutter-of-paris.com - Error: You have reached your daily email sending quota.
2026-06-08T23:04:58.311Z - FAILURE - info@new-round-rock-cafe-grill.com - Error: You have reached your daily email sending quota.
2026-06-08T23:04:58.919Z - FAILURE - info@traditions-greenville-steakhouse.com - Error: You have reached your daily email sending quota.
2026-06-08T23:04:59.709Z - FAILURE - sales@dura-roofing-services-of-little-elm.com - Error: You have reached your daily email sending quota.
2026-06-08T23:05:00.311Z - FAILURE - sales@armor-ogdensburg-exteriors.com - Error: You have reached your daily email sending quota.
2026-06-08T23:05:00.926Z - FAILURE - sales@victory-rome-roofers.com - Error: You have reached your daily email sending quota.
2026-06-08T23:05:01.557Z - FAILURE - info@great-mount-vernon-restaurant.com - Error: You have reached your daily email sending quota.
2026-06-08T23:05:02.163Z - FAILURE - info@five-bakery-cafe.com - Error: You have reached your daily email sending quota.
2026-06-08T23:05:02.779Z - FAILURE - sales@secure-middletown-roofing-services.com - Error: You have reached your daily email sending quota.
2026-06-08T23:05:03.394Z - FAILURE - info@harbor-schenectady-pizzeria.com - Error: You have reached your daily email sending quota.
2026-06-08T23:05:04.007Z - FAILURE - contact@climate-cooling-solutions-of-rochester.com - Error: You have reached your daily email sending quota.
2026-06-08T23:05:05.074Z - FAILURE - sales@five-star-roofing-services-of-norwich.com - Error: You have reached your daily email sending quota.
2026-06-08T23:05:05.698Z - FAILURE - sales@dura-roofing-remodeling.com - Error: You have reached your daily email sending quota.
2026-06-08T23:05:06.325Z - FAILURE - sales@city-exteriors-of-scottsdale.com - Error: You have reached your daily email sending quota.
2026-06-08T23:05:06.929Z - FAILURE - info@royal-niagara-falls-eatery.com - Error: You have reached your daily email sending quota.
2026-06-08T23:05:07.551Z - FAILURE - contact@patriot-hvac-solutions-of-brownsville.com - Error: You have reached your daily email sending quota.
2026-06-08T23:05:08.157Z - FAILURE - sales@atlas-watertown-construction-roofing.com - Error: You have reached your daily email sending quota.
2026-06-08T23:05:08.774Z - FAILURE - info@triple-prescott-bbq-grill.com - Error: You have reached your daily email sending quota.
2026-06-08T23:05:09.452Z - FAILURE - contact@imperial-air-conditioning-heating-of-little-elm.com - Error: You have reached your daily email sending quota.
2026-06-08T23:05:10.082Z - FAILURE - sales@superior-shingle-siding.com - Error: You have reached your daily email sending quota.
2026-06-08T23:05:10.701Z - FAILURE - info@brick-salamanca-italian-kitchen.com - Error: You have reached your daily email sending quota.
2026-06-08T23:05:11.315Z - FAILURE - contact@precision-ac-heating-of-euless.com - Error: You have reached your daily email sending quota.
2026-06-08T23:05:11.933Z - FAILURE - info@highland-carrollton-diner.com - Error: You have reached your daily email sending quota.
2026-06-08T23:05:12.546Z - FAILURE - info@union-eatery.com - Error: You have reached your daily email sending quota.
2026-06-08T23:05:13.167Z - FAILURE - sales@alpine-roofing-solutions-of-farmers-branch.com - Error: You have reached your daily email sending quota.
2026-06-08T23:05:13.863Z - FAILURE - sales@golden-bedford-roof-specialists.com - Error: You have reached your daily email sending quota.
2026-06-08T23:05:14.484Z - FAILURE - info@three-taqueria.com - Error: You have reached your daily email sending quota.
2026-06-08T23:05:15.100Z - FAILURE - info@copper-oswego-sushi-bar.com - Error: You have reached your daily email sending quota.
2026-06-08T23:05:15.707Z - FAILURE - contact@sun-allen-service-experts.com - Error: You have reached your daily email sending quota.
2026-06-08T23:05:16.319Z - FAILURE - contact@patriot-grand-prairie-hvac.com - Error: You have reached your daily email sending quota.
2026-06-08T23:05:16.930Z - FAILURE - contact@king-desoto-air-conditioning-heating.com - Error: You have reached your daily email sending quota.
2026-06-08T23:05:17.542Z - FAILURE - contact@lone-star-hvac-solutions-of-mesquite.com - Error: You have reached your daily email sending quota.
2026-06-08T23:05:18.151Z - FAILURE - sales@king-roof-specialists-of-paradise-valley.com - Error: You have reached your daily email sending quota.
2026-06-08T23:05:18.762Z - FAILURE - info@el-bbq-grill.com - Error: You have reached your daily email sending quota.
2026-06-08T23:05:19.382Z - FAILURE - info@harvest-lancaster-restaurant.com - Error: You have reached your daily email sending quota.
2026-06-08T23:05:20.004Z - FAILURE - sales@advanced-roofing-construction-of-sherman.com - Error: You have reached your daily email sending quota.
2026-06-08T23:05:20.617Z - FAILURE - contact@national-mechanical.com - Error: You have reached your daily email sending quota.
2026-06-08T23:05:21.227Z - FAILURE - info@summit-pizza-pasta.com - Error: You have reached your daily email sending quota.
2026-06-08T23:05:21.826Z - FAILURE - contact@sahara-cooling-heating-of-midland.com - Error: You have reached your daily email sending quota.
2026-06-08T23:05:22.540Z - FAILURE - sales@home-metal-roofing-of-florence.com - Error: You have reached your daily email sending quota.
2026-06-08T23:05:23.206Z - FAILURE - info@original-utica-pizza-pasta.com - Error: You have reached your daily email sending quota.
2026-06-08T23:05:23.825Z - FAILURE - info@city-plattsburgh-pizza-pasta.com - Error: You have reached your daily email sending quota.
2026-06-08T23:05:24.430Z - FAILURE - info@elite-casa-grande-kitchen.com - Error: You have reached your daily email sending quota.
2026-06-08T23:05:25.053Z - FAILURE - contact@capital-new-rochelle-mechanical.com - Error: You have reached your daily email sending quota.
2026-06-08T23:05:25.666Z - FAILURE - info@one-page-deli-market.com - Error: You have reached your daily email sending quota.
2026-06-08T23:05:26.283Z - FAILURE - sales@total-metal-roofing.com - Error: You have reached your daily email sending quota.
2026-06-08T23:05:26.887Z - FAILURE - info@green-league-city-steakhouse.com - Error: You have reached your daily email sending quota.
2026-06-08T23:05:27.494Z - FAILURE - contact@express-scottsdale-comfort-systems.com - Error: You have reached your daily email sending quota.
2026-06-08T23:05:28.115Z - FAILURE - sales@everest-huntsville-home-improvements.com - Error: You have reached your daily email sending quota.
2026-06-08T23:05:28.717Z - FAILURE - info@triple-conroe-pizza-pasta.com - Error: You have reached your daily email sending quota.
2026-06-08T23:05:29.333Z - FAILURE - sales@lifetime-show-low-roofers.com - Error: You have reached your daily email sending quota.
2026-06-08T23:05:29.952Z - FAILURE - sales@heritage-roofing-co-of-rochester.com - Error: You have reached your daily email sending quota.
2026-06-08T23:05:30.557Z - FAILURE - contact@superior-comfort-systems.com - Error: You have reached your daily email sending quota.
2026-06-08T23:05:31.188Z - FAILURE - info@lake-corning-bbq-grill.com - Error: You have reached your daily email sending quota.
2026-06-08T23:05:31.809Z - FAILURE - info@one-burleson-kitchen.com - Error: You have reached your daily email sending quota.
2026-06-08T23:05:32.420Z - FAILURE - sales@big-roofing-services-of-arlington.com - Error: You have reached your daily email sending quota.
2026-06-08T23:05:33.027Z - FAILURE - sales@best-lubbock-roofing-remodeling.com - Error: You have reached your daily email sending quota.
2026-06-08T23:05:33.641Z - FAILURE - info@five-pizza-pasta.com - Error: You have reached your daily email sending quota.
2026-06-08T23:05:34.255Z - FAILURE - info@sun-new-braunfels-diner.com - Error: You have reached your daily email sending quota.
2026-06-08T23:05:34.880Z - FAILURE - contact@five-star-hvac-solutions-of-buckeye.com - Error: You have reached your daily email sending quota.
2026-06-08T23:05:35.491Z - FAILURE - sales@advanced-rye-roofing-company.com - Error: You have reached your daily email sending quota.
2026-06-08T23:05:36.098Z - FAILURE - info@elite-sugar-land-pizzeria.com - Error: You have reached your daily email sending quota.
2026-06-08T23:05:36.719Z - FAILURE - contact@pacific-cooling-heating-of-newburgh.com - Error: You have reached your daily email sending quota.
2026-06-08T23:05:37.323Z - FAILURE - contact@national-air-heating-of-san-luis.com - Error: You have reached your daily email sending quota.
2026-06-08T23:05:37.925Z - FAILURE - contact@rapid-ac-heating-of-salamanca.com - Error: You have reached your daily email sending quota.
2026-06-08T23:05:38.527Z - FAILURE - contact@best-hvac-of-paradise-valley.com - Error: You have reached your daily email sending quota.
2026-06-08T23:05:39.136Z - FAILURE - sales@armor-shingle-siding-of-yuma.com - Error: You have reached your daily email sending quota.
2026-06-08T23:05:39.754Z - FAILURE - info@lone-star-syracuse-bakery-cafe.com - Error: You have reached your daily email sending quota.
2026-06-08T23:05:40.387Z - FAILURE - info@golden-austin-diner.com - Error: You have reached your daily email sending quota.
2026-06-08T23:05:41.006Z - FAILURE - info@seven-elmira-sushi-bar.com - Error: You have reached your daily email sending quota.
2026-06-08T23:05:41.600Z - FAILURE - sales@north-roofing-solutions-of-tolleson.com - Error: You have reached your daily email sending quota.
2026-06-08T23:05:42.209Z - FAILURE - info@top-avondale-eatery.com - Error: You have reached your daily email sending quota.
2026-06-08T23:05:42.809Z - FAILURE - info@midtown-corpus-christi-deli-market.com - Error: You have reached your daily email sending quota.
2026-06-08T23:05:43.413Z - FAILURE - sales@pride-exteriors-of-fort-worth.com - Error: You have reached your daily email sending quota.
2026-06-08T23:05:44.019Z - FAILURE - contact@express-air-systems-of-fulton.com - Error: You have reached your daily email sending quota.
2026-06-08T23:05:44.632Z - FAILURE - info@great-pharr-bbq-grill.com - Error: You have reached your daily email sending quota.
2026-06-08T23:05:45.242Z - FAILURE - contact@capital-ithaca-cooling-solutions.com - Error: You have reached your daily email sending quota.
2026-06-08T23:05:45.852Z - FAILURE - info@mountain-newburgh-pizza-pasta.com - Error: You have reached your daily email sending quota.
2026-06-08T23:05:46.478Z - FAILURE - contact@climate-san-marcos-hvac-solutions.com - Error: You have reached your daily email sending quota.
2026-06-08T23:05:47.089Z - FAILURE - contact@atlas-hudson-hvac-solutions.com - Error: You have reached your daily email sending quota.
2026-06-08T23:05:47.708Z - FAILURE - sales@certified-roof-gutter.com - Error: You have reached your daily email sending quota.
2026-06-08T23:05:48.328Z - FAILURE - contact@valley-richardson-mechanical.com - Error: You have reached your daily email sending quota.
2026-06-08T23:05:48.943Z - FAILURE - contact@capital-cooling-heating-of-sherman.com - Error: You have reached your daily email sending quota.
2026-06-08T23:05:49.539Z - FAILURE - info@elite-pizza-pasta.com - Error: You have reached your daily email sending quota.
2026-06-08T23:05:50.146Z - FAILURE - sales@economy-harlingen-roofing-solutions.com - Error: You have reached your daily email sending quota.
2026-06-08T23:05:50.765Z - FAILURE - info@valley-socorro-bbq-grill.com - Error: You have reached your daily email sending quota.
2026-06-08T23:05:51.378Z - FAILURE - contact@aa-waco-mechanical.com - Error: You have reached your daily email sending quota.
2026-06-08T23:05:51.987Z - FAILURE - contact@white-frisco-service-experts.com - Error: You have reached your daily email sending quota.
2026-06-08T23:05:52.595Z - FAILURE - sales@victory-desoto-shingle-siding.com - Error: You have reached your daily email sending quota.
2026-06-08T23:05:53.210Z - FAILURE - contact@abc-cooling-solutions-of-glendale.com - Error: You have reached your daily email sending quota.
2026-06-08T23:05:53.831Z - FAILURE - sales@west-nacogdoches-roof-specialists.com - Error: You have reached your daily email sending quota.
2026-06-08T23:05:54.423Z - FAILURE - contact@sun-air-conditioning-of-tempe.com - Error: You have reached your daily email sending quota.
2026-06-08T23:05:55.042Z - FAILURE - info@village-grille.com - Error: You have reached your daily email sending quota.
2026-06-08T23:05:55.658Z - FAILURE - contact@desert-ac-heating-of-douglas.com - Error: You have reached your daily email sending quota.
2026-06-08T23:05:56.272Z - FAILURE - sales@north-roofing-remodeling-of-abilene.com - Error: You have reached your daily email sending quota.
2026-06-08T23:05:56.882Z - FAILURE - contact@norton-comfort-systems.com - Error: You have reached your daily email sending quota.
2026-06-08T23:05:57.503Z - FAILURE - info@lone-star-southlake-kitchen.com - Error: You have reached your daily email sending quota.
2026-06-08T23:05:58.117Z - FAILURE - info@copper-steakhouse.com - Error: You have reached your daily email sending quota.
2026-06-08T23:05:58.714Z - FAILURE - info@casa-houston-cafe-grill.com - Error: You have reached your daily email sending quota.
2026-06-08T23:05:59.315Z - FAILURE - sales@pride-safford-roofing-remodeling.com - Error: You have reached your daily email sending quota.
2026-06-08T23:05:59.931Z - FAILURE - sales@guardian-shingle-siding-of-hornell.com - Error: You have reached your daily email sending quota.
2026-06-08T23:06:00.546Z - FAILURE - contact@patriot-heating-air-of-batavia.com - Error: You have reached your daily email sending quota.
2026-06-08T23:06:01.153Z - FAILURE - contact@state-air-systems-of-georgetown.com - Error: You have reached your daily email sending quota.
2026-06-08T23:06:01.764Z - FAILURE - info@market-abilene-deli-market.com - Error: You have reached your daily email sending quota.
2026-06-08T23:06:02.369Z - FAILURE - contact@west-air-heating.com - Error: You have reached your daily email sending quota.
2026-06-08T23:06:02.974Z - FAILURE - sales@western-north-richland-hills-shingle-siding.com - Error: You have reached your daily email sending quota.
2026-06-08T23:06:03.580Z - FAILURE - contact@superior-hvac-services-of-haltom-city.com - Error: You have reached your daily email sending quota.
2026-06-08T23:06:04.184Z - FAILURE - contact@king-holbrook-mechanical.com - Error: You have reached your daily email sending quota.
2026-06-08T23:06:04.791Z - FAILURE - sales@southwest-roof-gutter.com - Error: You have reached your daily email sending quota.
2026-06-08T23:06:05.390Z - FAILURE - contact@new-denton-mechanical.com - Error: You have reached your daily email sending quota.
2026-06-08T23:06:06.003Z - FAILURE - info@old-pizzeria.com - Error: You have reached your daily email sending quota.
2026-06-08T23:06:06.598Z - FAILURE - info@city-deli-market.com - Error: You have reached your daily email sending quota.
2026-06-08T23:06:07.209Z - FAILURE - info@traditions-pizza-pasta.com - Error: You have reached your daily email sending quota.
2026-06-08T23:06:07.816Z - FAILURE - info@vista-el-paso-sushi-bar.com - Error: You have reached your daily email sending quota.
2026-06-08T23:06:08.434Z - FAILURE - info@one-rensselaer-sushi-bar.com - Error: You have reached your daily email sending quota.
2026-06-08T23:06:09.048Z - FAILURE - contact@abc-massena-ac-heating.com - Error: You have reached your daily email sending quota.
2026-06-08T23:06:09.664Z - FAILURE - contact@service-little-falls-air-systems.com - Error: You have reached your daily email sending quota.
2026-06-08T23:06:10.292Z - FAILURE - contact@all-pro-hvac-services-of-irving.com - Error: You have reached your daily email sending quota.
2026-06-08T23:06:10.957Z - FAILURE - contact@silver-comfort-systems-of-paris.com - Error: You have reached your daily email sending quota.
2026-06-08T23:06:11.580Z - FAILURE - contact@new-air-systems-of-missouri-city.com - Error: You have reached your daily email sending quota.
2026-06-08T23:06:12.283Z - FAILURE - contact@jd-utica-heating-air.com - Error: You have reached your daily email sending quota.
2026-06-08T23:06:12.903Z - FAILURE - info@union-pizzeria.com - Error: You have reached your daily email sending quota.
2026-06-08T23:06:13.508Z - FAILURE - contact@spartan-arlington-ac-heating.com - Error: You have reached your daily email sending quota.
2026-06-08T23:06:14.106Z - FAILURE - sales@lone-star-roofing-remodeling-of-batavia.com - Error: You have reached your daily email sending quota.
2026-06-08T23:06:14.710Z - FAILURE - contact@rapid-cooling-heating-of-victoria.com - Error: You have reached your daily email sending quota.
2026-06-08T23:06:15.335Z - FAILURE - info@old-town-johnstown-deli-market.com - Error: You have reached your daily email sending quota.
2026-06-08T23:06:15.943Z - FAILURE - contact@smart-mechanical-of-mount-vernon.com - Error: You have reached your daily email sending quota.
2026-06-08T23:06:16.559Z - FAILURE - sales@keystone-roofing-of-san-antonio.com - Error: You have reached your daily email sending quota.
2026-06-08T23:06:17.163Z - FAILURE - sales@texas-garland-roofing.com - Error: You have reached your daily email sending quota.
2026-06-08T23:06:17.788Z - FAILURE - sales@noble-roof-specialists-of-greenville.com - Error: You have reached your daily email sending quota.
2026-06-08T23:06:18.566Z - FAILURE - contact@sun-heating-air.com - Error: You have reached your daily email sending quota.
2026-06-08T23:06:19.180Z - FAILURE - contact@city-air-heating.com - Error: You have reached your daily email sending quota.
2026-06-08T23:06:19.820Z - FAILURE - contact@clear-comfort-systems-of-sedona.com - Error: You have reached your daily email sending quota.
2026-06-08T23:06:20.433Z - FAILURE - sales@summit-roofing-contractors-of-keller.com - Error: You have reached your daily email sending quota.
2026-06-08T23:06:21.038Z - FAILURE - info@brick-goodyear-steakhouse.com - Error: You have reached your daily email sending quota.
2026-06-08T23:06:21.644Z - FAILURE - info@lone-star-new-york-city-diner.com - Error: You have reached your daily email sending quota.
2026-06-08T23:06:22.250Z - FAILURE - sales@supreme-roofing-of-gilbert.com - Error: You have reached your daily email sending quota.
2026-06-08T23:06:22.861Z - FAILURE - contact@north-star-hvac-of-oneida.com - Error: You have reached your daily email sending quota.
2026-06-08T23:06:23.476Z - FAILURE - sales@atlas-temple-roofing-remodeling.com - Error: You have reached your daily email sending quota.
2026-06-08T23:06:24.082Z - FAILURE - info@bella-grille.com - Error: You have reached your daily email sending quota.
2026-06-08T23:06:24.692Z - FAILURE - contact@clear-cooling-solutions-of-greenville.com - Error: You have reached your daily email sending quota.
2026-06-08T23:06:25.312Z - FAILURE - contact@clear-temperature-control.com - Error: You have reached your daily email sending quota.
2026-06-08T23:06:25.925Z - FAILURE - sales@grand-chandler-roofing-services.com - Error: You have reached your daily email sending quota.
2026-06-08T23:06:26.531Z - FAILURE - info@famous-arlington-restaurant.com - Error: You have reached your daily email sending quota.
2026-06-08T23:06:27.142Z - FAILURE - sales@signature-kingston-roofing-contractors.com - Error: You have reached your daily email sending quota.
2026-06-08T23:06:27.748Z - FAILURE - sales@lifetime-coolidge-roofing-company.com - Error: You have reached your daily email sending quota.
2026-06-08T23:06:28.367Z - FAILURE - contact@abc-temperature-control-of-bullhead-city.com - Error: You have reached your daily email sending quota.
2026-06-08T23:06:28.963Z - FAILURE - contact@green-service-experts-of-bryan.com - Error: You have reached your daily email sending quota.
2026-06-08T23:06:29.577Z - FAILURE - contact@first-poughkeepsie-mechanical.com - Error: You have reached your daily email sending quota.
2026-06-08T23:06:30.198Z - FAILURE - contact@superior-heating-air-of-clifton.com - Error: You have reached your daily email sending quota.
2026-06-08T23:06:30.814Z - FAILURE - info@lone-star-diner.com - Error: You have reached your daily email sending quota.
2026-06-08T23:06:31.412Z - FAILURE - info@state-frisco-cafe-grill.com - Error: You have reached your daily email sending quota.
2026-06-08T23:06:32.015Z - FAILURE - sales@storm-elmira-roofing-construction.com - Error: You have reached your daily email sending quota.
2026-06-08T23:06:32.639Z - FAILURE - contact@norton-gilbert-hvac.com - Error: You have reached your daily email sending quota.
2026-06-08T23:06:33.243Z - FAILURE - info@piazza-binghamton-taqueria.com - Error: You have reached your daily email sending quota.
2026-06-08T23:06:33.859Z - FAILURE - contact@lone-star-oswego-climate-control.com - Error: You have reached your daily email sending quota.
2026-06-08T23:06:34.465Z - FAILURE - info@brick-eatery.com - Error: You have reached your daily email sending quota.
2026-06-08T23:06:35.070Z - FAILURE - sales@rescue-roof-gutter.com - Error: You have reached your daily email sending quota.
2026-06-08T23:06:35.674Z - FAILURE - contact@rapid-service-experts-of-prescott-valley.com - Error: You have reached your daily email sending quota.
2026-06-08T23:06:36.273Z - FAILURE - info@royal-nogales-bbq-grill.com - Error: You have reached your daily email sending quota.
2026-06-08T23:06:36.887Z - FAILURE - sales@express-construction-roofing-of-wichita-falls.com - Error: You have reached your daily email sending quota.
2026-06-08T23:06:37.488Z - FAILURE - info@lone-star-restaurant.com - Error: You have reached your daily email sending quota.
2026-06-08T23:06:38.091Z - FAILURE - sales@all-american-roof-gutter.com - Error: You have reached your daily email sending quota.
2026-06-08T23:06:38.705Z - FAILURE - sales@vista-new-york-city-roofing-co.com - Error: You have reached your daily email sending quota.
2026-06-08T23:06:39.335Z - FAILURE - contact@atlas-air-systems.com - Error: You have reached your daily email sending quota.
2026-06-08T23:06:39.953Z - FAILURE - sales@pride-exteriors.com - Error: You have reached your daily email sending quota.
2026-06-08T23:06:40.562Z - FAILURE - sales@sky-marana-shingle-siding.com - Error: You have reached your daily email sending quota.
2026-06-08T23:06:41.183Z - FAILURE - sales@phoenix-construction-roofing-of-beaumont.com - Error: You have reached your daily email sending quota.
2026-06-08T23:06:41.788Z - FAILURE - contact@king-heating-cooling.com - Error: You have reached your daily email sending quota.
2026-06-08T23:06:42.406Z - FAILURE - contact@heritage-lackawanna-hvac-solutions.com - Error: You have reached your daily email sending quota.
2026-06-08T23:06:43.024Z - FAILURE - sales@golden-metal-roofing-of-mount-vernon.com - Error: You have reached your daily email sending quota.
2026-06-08T23:06:43.638Z - FAILURE - contact@silver-cooling-solutions-of-cohoes.com - Error: You have reached your daily email sending quota.
2026-06-08T23:06:44.247Z - FAILURE - sales@pinnacle-metal-roofing.com - Error: You have reached your daily email sending quota.
2026-06-08T23:06:44.865Z - FAILURE - info@sun-paradise-valley-sushi-bar.com - Error: You have reached your daily email sending quota.
2026-06-08T23:06:45.485Z - FAILURE - sales@express-roofing-company.com - Error: You have reached your daily email sending quota.
2026-06-08T23:06:46.094Z - FAILURE - contact@blue-hvac-solutions-of-binghamton.com - Error: You have reached your daily email sending quota.
2026-06-08T23:06:46.703Z - FAILURE - info@harbor-bedford-cafe-grill.com - Error: You have reached your daily email sending quota.
2026-06-08T23:06:47.315Z - FAILURE - contact@arrow-ac-heating-of-plattsburgh.com - Error: You have reached your daily email sending quota.
2026-06-08T23:06:47.953Z - FAILURE - sales@best-mechanicville-shingle-siding.com - Error: You have reached your daily email sending quota.
2026-06-08T23:06:48.563Z - FAILURE - sales@grand-duncanville-metal-roofing.com - Error: You have reached your daily email sending quota.
2026-06-08T23:06:49.178Z - FAILURE - info@pine-kitchen.com - Error: You have reached your daily email sending quota.
2026-06-08T23:06:49.789Z - FAILURE - contact@frontier-climate-control.com - Error: You have reached your daily email sending quota.
2026-06-08T23:06:50.425Z - FAILURE - contact@pacific-hvac-solutions.com - Error: You have reached your daily email sending quota.
2026-06-08T23:06:51.041Z - FAILURE - contact@johnson-hvac.com - Error: You have reached your daily email sending quota.
2026-06-08T23:06:51.662Z - FAILURE - sales@atlas-roof-gutter-of-round-rock.com - Error: You have reached your daily email sending quota.
2026-06-08T23:06:52.270Z - FAILURE - sales@aaa-ilion-roofing-construction.com - Error: You have reached your daily email sending quota.
2026-06-08T23:06:52.886Z - FAILURE - sales@victory-dallas-roofers.com - Error: You have reached your daily email sending quota.
2026-06-08T23:06:53.500Z - FAILURE - sales@total-construction-roofing-of-sedona.com - Error: You have reached your daily email sending quota.
2026-06-08T23:06:54.109Z - FAILURE - sales@arch-roofing-solutions.com - Error: You have reached your daily email sending quota.
2026-06-08T23:06:54.725Z - FAILURE - info@mountain-bullhead-city-bistro-bar.com - Error: You have reached your daily email sending quota.
2026-06-08T23:06:55.344Z - FAILURE - sales@national-roofing-services-of-youngtown.com - Error: You have reached your daily email sending quota.
2026-06-08T23:06:55.947Z - FAILURE - sales@capital-grapevine-roofing-solutions.com - Error: You have reached your daily email sending quota.
2026-06-08T23:06:56.557Z - FAILURE - info@old-town-garland-taqueria.com - Error: You have reached your daily email sending quota.
2026-06-08T23:06:57.168Z - FAILURE - contact@smart-oro-valley-ac-heating.com - Error: You have reached your daily email sending quota.
2026-06-08T23:06:57.787Z - FAILURE - info@old-town-diner.com - Error: You have reached your daily email sending quota.
2026-06-08T23:06:58.520Z - FAILURE - contact@central-winslow-cooling-heating.com - Error: You have reached your daily email sending quota.
2026-06-08T23:06:59.130Z - FAILURE - contact@atlas-hvac.com - Error: You have reached your daily email sending quota.
2026-06-08T23:06:59.738Z - FAILURE - sales@atlas-roof-specialists-of-oneida.com - Error: You have reached your daily email sending quota.
2026-06-08T23:07:00.346Z - FAILURE - info@wild-lockport-bbq-grill.com - Error: You have reached your daily email sending quota.
2026-06-08T23:07:00.955Z - FAILURE - sales@quality-roof-specialists.com - Error: You have reached your daily email sending quota.
2026-06-08T23:07:01.578Z - FAILURE - info@a-bistro-bar.com - Error: You have reached your daily email sending quota.
2026-06-08T23:07:02.204Z - FAILURE - info@river-fountain-hills-diner.com - Error: You have reached your daily email sending quota.
2026-06-08T23:07:02.803Z - FAILURE - info@mountain-north-tonawanda-italian-kitchen.com - Error: You have reached your daily email sending quota.
2026-06-08T23:07:03.415Z - FAILURE - sales@eagle-roofers.com - Error: You have reached your daily email sending quota.
2026-06-08T23:07:04.023Z - FAILURE - info@little-duncanville-cafe-grill.com - Error: You have reached your daily email sending quota.
2026-06-08T23:07:04.634Z - FAILURE - sales@tower-roof-specialists-of-laredo.com - Error: You have reached your daily email sending quota.
2026-06-08T23:07:05.249Z - FAILURE - info@midtown-steakhouse.com - Error: You have reached your daily email sending quota.
2026-06-08T23:07:05.850Z - FAILURE - contact@heritage-hvac-services-of-marana.com - Error: You have reached your daily email sending quota.
2026-06-08T23:07:06.480Z - FAILURE - sales@pride-roof-specialists-of-oro-valley.com - Error: You have reached your daily email sending quota.
2026-06-08T23:07:07.160Z - FAILURE - sales@all-american-roofers.com - Error: You have reached your daily email sending quota.
2026-06-08T23:07:07.794Z - FAILURE - sales@diamond-roof-specialists-of-saratoga-springs.com - Error: You have reached your daily email sending quota.
2026-06-08T23:07:08.419Z - FAILURE - contact@sunrise-climate-control-of-farmers-branch.com - Error: You have reached your daily email sending quota.
2026-06-08T23:07:09.064Z - FAILURE - info@old-tolleson-eatery.com - Error: You have reached your daily email sending quota.
2026-06-08T23:07:09.703Z - FAILURE - sales@master-texas-city-exteriors.com - Error: You have reached your daily email sending quota.
2026-06-08T23:07:10.343Z - FAILURE - info@little-oneida-sushi-bar.com - Error: You have reached your daily email sending quota.
2026-06-08T23:07:10.962Z - FAILURE - contact@one-hour-wickenburg-cooling-heating.com - Error: You have reached your daily email sending quota.
2026-06-08T23:07:11.564Z - FAILURE - sales@champion-exteriors.com - Error: You have reached your daily email sending quota.
2026-06-08T23:07:12.170Z - FAILURE - contact@imperial-air-conditioning-heating-of-mckinney.com - Error: You have reached your daily email sending quota.
2026-06-08T23:07:12.811Z - FAILURE - sales@classic-college-station-roofers.com - Error: You have reached your daily email sending quota.
2026-06-08T23:07:13.455Z - FAILURE - sales@everest-southlake-roofing-services.com - Error: You have reached your daily email sending quota.
2026-06-08T23:07:14.074Z - FAILURE - contact@empire-service-experts.com - Error: You have reached your daily email sending quota.
2026-06-08T23:07:14.688Z - FAILURE - sales@everest-roofing-contractors-of-pharr.com - Error: You have reached your daily email sending quota.
2026-06-08T23:07:15.306Z - FAILURE - info@west-galveston-pizzeria.com - Error: You have reached your daily email sending quota.
2026-06-08T23:07:15.921Z - FAILURE - sales@weather-roofing-company.com - Error: You have reached your daily email sending quota.
2026-06-08T23:07:16.526Z - FAILURE - sales@liberty-roofing-services.com - Error: You have reached your daily email sending quota.
2026-06-08T23:07:17.148Z - FAILURE - sales@top-roofing-solutions-of-dunkirk.com - Error: You have reached your daily email sending quota.
2026-06-08T23:07:17.780Z - FAILURE - contact@climate-climate-control-of-tolleson.com - Error: You have reached your daily email sending quota.
2026-06-08T23:07:18.398Z - FAILURE - sales@victory-league-city-roofing-remodeling.com - Error: You have reached your daily email sending quota.
2026-06-08T23:07:19.017Z - FAILURE - sales@absolute-shingle-siding-of-clifton.com - Error: You have reached your daily email sending quota.
2026-06-08T23:07:19.629Z - FAILURE - contact@first-mechanical-of-el-mirage.com - Error: You have reached your daily email sending quota.
2026-06-08T23:07:20.364Z - FAILURE - contact@pinnacle-mechanical-of-corning.com - Error: You have reached your daily email sending quota.
2026-06-08T23:07:20.993Z - FAILURE - sales@everest-bryan-roofing-construction.com - Error: You have reached your daily email sending quota.
2026-06-08T23:07:21.610Z - FAILURE - info@green-paris-pizza-pasta.com - Error: You have reached your daily email sending quota.
2026-06-08T23:07:22.306Z - FAILURE - sales@pride-roofing-remodeling-of-payson.com - Error: You have reached your daily email sending quota.
2026-06-08T23:07:22.939Z - FAILURE - sales@empire-construction-roofing.com - Error: You have reached your daily email sending quota.
2026-06-08T23:07:23.565Z - FAILURE - sales@desert-roofers.com - Error: You have reached your daily email sending quota.
2026-06-08T23:07:24.187Z - FAILURE - sales@fortress-irving-shingle-siding.com - Error: You have reached your daily email sending quota.
2026-06-08T23:07:24.835Z - FAILURE - info@highland-pizza-pasta.com - Error: You have reached your daily email sending quota.
2026-06-08T23:07:25.483Z - FAILURE - contact@family-watervliet-heating-air.com - Error: You have reached your daily email sending quota.
2026-06-08T23:07:26.120Z - FAILURE - sales@city-fulton-roofers.com - Error: You have reached your daily email sending quota.
2026-06-08T23:07:26.742Z - FAILURE - info@salt-show-low-diner.com - Error: You have reached your daily email sending quota.
2026-06-08T23:07:27.385Z - FAILURE - contact@pacific-climate-control-of-garland.com - Error: You have reached your daily email sending quota.
2026-06-08T23:07:28.011Z - FAILURE - contact@high-desert-san-antonio-heating-cooling.com - Error: You have reached your daily email sending quota.
2026-06-08T23:07:28.623Z - FAILURE - contact@diamond-heating-air.com - Error: You have reached your daily email sending quota.
2026-06-08T23:07:29.241Z - FAILURE - info@salt-eatery.com - Error: You have reached your daily email sending quota.
2026-06-08T23:07:29.860Z - FAILURE - contact@abc-mission-air-systems.com - Error: You have reached your daily email sending quota.
2026-06-08T23:07:30.472Z - FAILURE - sales@desert-exteriors.com - Error: You have reached your daily email sending quota.
2026-06-08T23:07:31.110Z - FAILURE - sales@lifetime-roofing.com - Error: You have reached your daily email sending quota.
2026-06-08T23:07:31.724Z - FAILURE - sales@armor-austin-exteriors.com - Error: You have reached your daily email sending quota.
2026-06-08T23:07:32.335Z - FAILURE - info@river-pflugerville-cafe-grill.com - Error: You have reached your daily email sending quota.
2026-06-08T23:07:32.964Z - FAILURE - info@piazza-bbq-grill.com - Error: You have reached your daily email sending quota.
2026-06-08T23:07:33.590Z - FAILURE - sales@weather-edinburg-roof-gutter.com - Error: You have reached your daily email sending quota.
2026-06-08T23:07:34.217Z - FAILURE - contact@new-beacon-mechanical.com - Error: You have reached your daily email sending quota.
2026-06-08T23:07:34.840Z - FAILURE - sales@desert-roofing-remodeling-of-mesquite.com - Error: You have reached your daily email sending quota.
2026-06-08T23:07:35.457Z - FAILURE - contact@express-benbrook-hvac.com - Error: You have reached your daily email sending quota.
2026-06-08T23:07:36.077Z - FAILURE - contact@johnson-air-systems-of-lancaster.com - Error: You have reached your daily email sending quota.
2026-06-08T23:07:36.692Z - FAILURE - contact@pinnacle-climate-control-of-glens-falls.com - Error: You have reached your daily email sending quota.
2026-06-08T23:07:37.320Z - FAILURE - info@top-diner.com - Error: You have reached your daily email sending quota.
2026-06-08T23:07:37.948Z - FAILURE - info@paradise-geneva-taqueria.com - Error: You have reached your daily email sending quota.
2026-06-08T23:07:38.584Z - FAILURE - sales@american-el-mirage-roofing-company.com - Error: You have reached your daily email sending quota.
2026-06-08T23:07:39.200Z - FAILURE - info@harbor-auburn-diner.com - Error: You have reached your daily email sending quota.
2026-06-08T23:07:39.839Z - FAILURE - contact@iron-air-heating.com - Error: You have reached your daily email sending quota.
2026-06-08T23:07:40.464Z - FAILURE - info@midtown-bistro-bar.com - Error: You have reached your daily email sending quota.
2026-06-08T23:07:41.067Z - FAILURE - contact@total-san-angelo-service-experts.com - Error: You have reached your daily email sending quota.
2026-06-08T23:07:41.678Z - FAILURE - info@sunset-bbq-grill.com - Error: You have reached your daily email sending quota.
2026-06-08T23:07:42.299Z - FAILURE - sales@texas-roofing-company.com - Error: You have reached your daily email sending quota.
2026-06-08T23:07:42.902Z - FAILURE - sales@eagle-jamestown-roof-specialists.com - Error: You have reached your daily email sending quota.
2026-06-08T23:07:43.518Z - FAILURE - info@old-albany-bakery-cafe.com - Error: You have reached your daily email sending quota.
2026-06-08T23:07:44.149Z - FAILURE - contact@pinnacle-cooling-heating.com - Error: You have reached your daily email sending quota.
2026-06-08T23:07:44.791Z - FAILURE - sales@tower-roofing-services.com - Error: You have reached your daily email sending quota.
2026-06-08T23:07:45.614Z - FAILURE - sales@crown-buckeye-roof-specialists.com - Error: You have reached your daily email sending quota.
2026-06-08T23:07:46.230Z - FAILURE - contact@mountain-cooling-heating-of-saratoga-springs.com - Error: You have reached your daily email sending quota.
2026-06-08T23:07:46.842Z - FAILURE - contact@north-star-heating-air.com - Error: You have reached your daily email sending quota.
2026-06-08T23:07:47.480Z - FAILURE - contact@lone-star-round-rock-cooling-solutions.com - Error: You have reached your daily email sending quota.
2026-06-08T23:07:48.102Z - FAILURE - contact@western-cooling-heating.com - Error: You have reached your daily email sending quota.
2026-06-08T23:07:48.716Z - FAILURE - contact@patriot-socorro-hvac-solutions.com - Error: You have reached your daily email sending quota.
2026-06-08T23:07:49.358Z - FAILURE - sales@a1-roofing-services-of-bullhead-city.com - Error: You have reached your daily email sending quota.
2026-06-08T23:07:49.973Z - FAILURE - info@silver-midland-bakery-cafe.com - Error: You have reached your daily email sending quota.
2026-06-08T23:07:50.606Z - FAILURE - sales@storm-roofing-company-of-midland.com - Error: You have reached your daily email sending quota.
2026-06-08T23:07:51.233Z - FAILURE - info@seven-florence-pizza-pasta.com - Error: You have reached your daily email sending quota.
2026-06-08T23:07:51.863Z - FAILURE - info@green-bbq-grill.com - Error: You have reached your daily email sending quota.
2026-06-08T23:07:52.670Z - FAILURE - sales@desert-metal-roofing-of-lackawanna.com - Error: You have reached your daily email sending quota.
2026-06-08T23:07:53.288Z - FAILURE - info@village-irving-grille.com - Error: You have reached your daily email sending quota.
2026-06-08T23:07:53.902Z - FAILURE - info@town-nacogdoches-bistro-bar.com - Error: You have reached your daily email sending quota.
2026-06-08T23:07:54.520Z - FAILURE - info@west-winslow-eatery.com - Error: You have reached your daily email sending quota.
2026-06-08T23:07:55.159Z - FAILURE - sales@all-american-roofing-services.com - Error: You have reached your daily email sending quota.
2026-06-08T23:07:55.782Z - FAILURE - sales@southwest-frisco-roofing-company.com - Error: You have reached your daily email sending quota.
2026-06-08T23:07:56.409Z - FAILURE - info@copper-gilbert-deli-market.com - Error: You have reached your daily email sending quota.
2026-06-08T23:07:57.042Z - FAILURE - contact@total-pharr-air-conditioning-heating.com - Error: You have reached your daily email sending quota.
2026-06-08T23:07:57.686Z - FAILURE - info@pine-bakery-cafe.com - Error: You have reached your daily email sending quota.
2026-06-08T23:07:58.298Z - FAILURE - info@casa-bryan-mexican-grill.com - Error: You have reached your daily email sending quota.
2026-06-08T23:07:58.921Z - FAILURE - sales@lone-star-home-improvements.com - Error: You have reached your daily email sending quota.
2026-06-08T23:07:59.522Z - FAILURE - info@new-san-luis-eatery.com - Error: You have reached your daily email sending quota.
2026-06-08T23:08:00.142Z - FAILURE - sales@pioneer-auburn-roofing-solutions.com - Error: You have reached your daily email sending quota.
2026-06-08T23:08:00.972Z - FAILURE - info@green-troy-bakery-cafe.com - Error: You have reached your daily email sending quota.
2026-06-08T23:08:01.608Z - FAILURE - contact@american-hvac-solutions.com - Error: You have reached your daily email sending quota.
2026-06-08T23:08:02.220Z - FAILURE - info@lone-star-hornell-bbq-grill.com - Error: You have reached your daily email sending quota.
2026-06-08T23:08:02.849Z - FAILURE - contact@arrow-air-systems-of-hutto.com - Error: You have reached your daily email sending quota.
2026-06-08T23:08:03.486Z - FAILURE - contact@smart-avondale-heating-air.com - Error: You have reached your daily email sending quota.
2026-06-08T23:08:04.094Z - FAILURE - contact@payless-houston-hvac-services.com - Error: You have reached your daily email sending quota.
2026-06-08T23:08:04.727Z - FAILURE - info@one-beacon-deli-market.com - Error: You have reached your daily email sending quota.
2026-06-08T23:08:05.341Z - FAILURE - info@wild-payson-bistro-bar.com - Error: You have reached your daily email sending quota.
2026-06-08T23:08:05.941Z - FAILURE - sales@shield-glens-falls-roofing-construction.com - Error: You have reached your daily email sending quota.
2026-06-08T23:08:06.552Z - FAILURE - sales@grand-odessa-roofing.com - Error: You have reached your daily email sending quota.
2026-06-08T23:08:07.169Z - FAILURE - contact@white-hvac-services-of-white-plains.com - Error: You have reached your daily email sending quota.
2026-06-08T23:08:07.800Z - FAILURE - info@red-desoto-italian-kitchen.com - Error: You have reached your daily email sending quota.
2026-06-08T23:08:08.415Z - FAILURE - contact@sun-climate-control.com - Error: You have reached your daily email sending quota.
2026-06-08T23:08:09.024Z - FAILURE - info@grand-italian-kitchen.com - Error: You have reached your daily email sending quota.
2026-06-08T23:08:09.669Z - FAILURE - sales@rescue-roofing-company.com - Error: You have reached your daily email sending quota.
2026-06-08T23:08:10.286Z - FAILURE - contact@universal-comfort-systems-of-sierra-vista.com - Error: You have reached your daily email sending quota.
2026-06-08T23:08:11.006Z - SUCCESS - sales@dura-syracuse-metal-roofing.com - MsgId: 2cc3de0f-565e-4127-97de-da8c142f7139
2026-06-08T23:08:11.710Z - SUCCESS - info@mountain-cedar-park-eatery.com - MsgId: c46a3ed3-28a2-493a-817d-8d6e56f9fe26
2026-06-08T23:08:12.386Z - SUCCESS - info@brick-prescott-valley-pizzeria.com - MsgId: 7db7cc65-f165-43af-a3a9-d19aefa33491
2026-06-08T23:08:13.058Z - SUCCESS - sales@southwest-roofing-solutions-of-schenectady.com - MsgId: 24a62c8d-294b-4297-93d9-3a9b5e3916a1
2026-06-08T23:08:13.748Z - SUCCESS - contact@sunrise-service-experts.com - MsgId: 8f648c61-90bd-4af6-9d23-2f8ff8667005
2026-06-08T23:08:14.412Z - SUCCESS - sales@best-roofing-construction-of-del-rio.com - MsgId: 4cb6b3cd-b3e5-41c8-a514-defc8232c2e1
2026-06-08T23:08:15.067Z - SUCCESS - sales@steadfast-roof-gutter-of-lewisville.com - MsgId: 7f70e760-e9cd-49d7-8471-1aeb8c457568
2026-06-08T23:08:15.739Z - SUCCESS - contact@united-hvac-services.com - MsgId: af2fc449-8f64-445b-8995-061a66577648
2026-06-08T23:08:17.461Z - SUCCESS - sales@champion-stephenville-roofing-remodeling.com - MsgId: 6341968d-1d22-402c-b384-cbcbaf6f747c
2026-06-08T23:08:18.117Z - SUCCESS - info@little-amsterdam-diner.com - MsgId: a7bf13b6-937a-4825-abec-1cd94eb35a65
2026-06-08T23:08:18.775Z - SUCCESS - info@west-douglas-cafe-grill.com - MsgId: 6555d277-fb97-471b-82af-20cc331631fa
2026-06-08T23:08:19.458Z - SUCCESS - sales@peak-utica-roofing-contractors.com - MsgId: 59175dd6-e370-4213-8658-2afad1b07eac
2026-06-08T23:08:20.126Z - SUCCESS - contact@silver-hvac-solutions-of-middletown.com - MsgId: 89c599d5-912f-4856-89c6-27bab0f0e136
2026-06-08T23:08:20.773Z - SUCCESS - sales@advanced-metal-roofing-of-houston.com - MsgId: e8ba9fcf-f56c-48a8-8f2a-d7607d5cf31b
2026-06-08T23:08:21.446Z - SUCCESS - sales@integrity-roofing-company-of-benbrook.com - MsgId: aae9411b-3916-49e9-99d3-5a50c7baa802
2026-06-08T23:08:22.109Z - SUCCESS - contact@southwest-ac-heating-of-north-tonawanda.com - MsgId: d84a678b-ad85-4e5a-bf9f-c1b972ce118e
2026-06-08T23:08:22.782Z - SUCCESS - contact@new-hvac.com - MsgId: 32c15874-0e7b-475a-8b65-9bd02914a9cf
2026-06-08T23:08:23.474Z - SUCCESS - contact@silver-hvac.com - MsgId: ba24dfe3-bd5b-4fe7-b74e-b0baa3e86ec5
2026-06-08T23:08:24.153Z - SUCCESS - sales@national-roofing-co-of-geneva.com - MsgId: 31b1215a-1e40-4f97-ad77-d34b60da828e
2026-06-08T23:08:24.817Z - SUCCESS - contact@aa-cooling-solutions-of-burleson.com - MsgId: dabdd9b2-70d4-4df7-ab62-baea2dec0641
2026-06-08T23:08:25.473Z - SUCCESS - sales@capital-roofing-contractors.com - MsgId: bb0f8391-e400-481c-be79-eca3908df13a
2026-06-08T23:08:26.141Z - SUCCESS - contact@top-mechanical-of-chino-valley.com - MsgId: b9479c13-80e7-4ab3-a14c-c22c4651dc01
2026-06-08T23:08:26.830Z - SUCCESS - sales@phoenix-flower-mound-roofing-services.com - MsgId: d746ebe9-a2d3-4a9a-9c89-76c70f61bd67
2026-06-08T23:08:27.508Z - SUCCESS - contact@national-coolidge-climate-control.com - MsgId: f422e225-9801-48fd-903a-faf8cd405e27
2026-06-08T23:08:28.382Z - SUCCESS - info@river-dunkirk-grille.com - MsgId: a87ef094-a2fd-4e9f-978f-f693dbba084a
2026-06-08T23:08:29.059Z - SUCCESS - contact@iron-niagara-falls-air-conditioning-heating.com - MsgId: 5f57d8d8-0b3c-41fa-af0c-dc151f151154
2026-06-08T23:08:29.765Z - SUCCESS - sales@superior-fountain-hills-roofing-solutions.com - MsgId: 259af9b5-f64d-4448-a49e-b68cd4154acb
2026-06-08T23:08:30.461Z - SUCCESS - sales@metal-home-improvements.com - MsgId: 78623bdc-6dec-45ff-af76-5dbb1b328261
2026-06-08T23:08:31.126Z - SUCCESS - contact@gulf-cottonwood-hvac.com - MsgId: d4afc7e8-30c9-4e89-896f-9c31bc8ef5f3
2026-06-08T23:08:31.801Z - SUCCESS - info@el-long-beach-cafe-grill.com - MsgId: 26dc1877-5c82-4b02-90dd-3372c05790ad
2026-06-08T23:08:32.462Z - SUCCESS - info@olive-san-antonio-mexican-grill.com - MsgId: 7e1bda77-6fec-49a2-840a-8fbdf991bb5a
2026-06-08T23:08:33.168Z - SUCCESS - sales@lone-star-glendale-shingle-siding.com - MsgId: 0cba14e2-cd55-467a-ab83-f564309006c6
2026-06-08T23:08:33.838Z - SUCCESS - info@market-baytown-diner.com - MsgId: 18c184a5-b233-4807-8eed-d70f38c5bc7f
2026-06-08T23:08:34.498Z - SUCCESS - contact@prime-ogdensburg-service-experts.com - MsgId: 47a981e6-af94-4887-8b60-5380405d008d
2026-06-08T23:08:35.174Z - SUCCESS - contact@prime-air-conditioning-of-long-beach.com - MsgId: 4ee52338-476c-4c77-bf9a-46a84e9a7840
2026-06-08T23:08:35.840Z - SUCCESS - contact@jd-air-systems-of-cedar-hill.com - MsgId: 03cba892-1151-4f9b-80d0-a22de1a0ffc1
2026-06-08T23:08:36.533Z - SUCCESS - info@top-cedar-hill-mexican-grill.com - MsgId: a906073c-a8c7-402f-b537-fb22f40d5b14
2026-06-08T23:08:37.209Z - SUCCESS - info@midtown-fulton-sushi-bar.com - MsgId: 78a88931-0395-49ff-b8a5-650eae7285c8
2026-06-08T23:08:37.887Z - SUCCESS - info@union-mexican-grill.com - MsgId: 8def2bd0-6b0f-43e5-b6ec-2547ece82630
2026-06-08T23:08:38.568Z - SUCCESS - contact@sahara-cooling-solutions-of-dunkirk.com - MsgId: 0a8cdd49-cf39-47d7-9053-a06a8221155a
2026-06-08T23:08:39.262Z - SUCCESS - info@elite-oneonta-steakhouse.com - MsgId: d4b15a5d-e9b7-4702-ba81-daedb61d8f2d
2026-06-08T23:08:40.053Z - SUCCESS - info@town-cohoes-diner.com - MsgId: 06bb83b5-fbb0-42fc-a66a-a2f639baeb9e
2026-06-08T23:08:40.718Z - SUCCESS - sales@pioneer-little-falls-home-improvements.com - MsgId: 76712b8c-5ac0-455c-92f4-c9b88be8b07d
2026-06-08T23:08:41.406Z - SUCCESS - contact@diamond-service-experts.com - MsgId: 4ff699a1-f8b2-4e84-8d6b-75e8a7644bd5
2026-06-08T23:08:42.112Z - SUCCESS - contact@diamond-beaumont-ac-heating.com - MsgId: f05cc772-2278-461f-a003-92ede4011bcc
2026-06-08T23:08:42.790Z - SUCCESS - info@valley-killeen-eatery.com - MsgId: b6f3acc6-c926-4d36-9145-ee557f75f98b
2026-06-08T23:08:43.485Z - SUCCESS - info@vista-grille.com - MsgId: 004e7aa3-f31f-4888-8226-6bb297f2d95c
2026-06-08T23:08:44.149Z - SUCCESS - contact@city-air-systems-of-plano.com - MsgId: 9e52ba25-f9e4-4ddb-a7c1-197d44ffb5b5
2026-06-08T23:08:44.824Z - SUCCESS - info@silver-coolidge-kitchen.com - MsgId: 5dfe1d03-3632-4202-aab1-ac627767bcd4
2026-06-08T23:08:45.511Z - SUCCESS - sales@boss-roofing-solutions.com - MsgId: d5dea5c1-4e27-4ec9-9ee3-680cae9ae618
2026-06-08T23:08:46.185Z - SUCCESS - contact@united-temperature-control-of-big-spring.com - MsgId: 84870e56-6557-46e7-9a60-3ce6d0882139
2026-06-08T23:08:46.857Z - SUCCESS - info@old-del-rio-bakery-cafe.com - MsgId: bf2a9b1d-d50e-4617-a167-78d9c973d0fc
2026-06-08T23:08:47.534Z - SUCCESS - sales@reliable-roof-specialists-of-waco.com - MsgId: 38ed5468-3603-4cbb-8737-312e889c3ace
2026-06-08T23:08:48.227Z - SUCCESS - sales@pacific-construction-roofing-of-sugar-land.com - MsgId: 7067eb91-d73a-440b-9734-cbba5a9f800a
2026-06-08T23:08:48.910Z - SUCCESS - info@river-sherman-diner.com - MsgId: 36705136-d850-4e1b-848d-c677e37141cd
2026-06-08T23:08:49.578Z - SUCCESS - contact@cool-hvac-of-duncanville.com - MsgId: a463a4f0-d422-4a81-b521-9cf45bcc907e
2026-06-08T23:08:50.239Z - SUCCESS - sales@victory-roofing-solutions-of-surprise.com - MsgId: fac8e065-9e2c-4ad0-9b92-74b18cf12a1f
2026-06-08T23:08:50.897Z - SUCCESS - sales@vista-rensselaer-roof-specialists.com - MsgId: 49d357f7-3b1f-4678-b8eb-3a2e42846e39
2026-06-08T23:08:51.579Z - SUCCESS - contact@premier-temperature-control.com - MsgId: 380ee9ee-178e-4058-93ed-4d1d5e64be77
2026-06-08T23:08:52.292Z - SUCCESS - info@one-pizzeria.com - MsgId: 57e0b584-6552-4fa4-840e-221cf8350b6b
2026-06-08T23:08:52.989Z - SUCCESS - sales@tower-roofing-company-of-bisbee.com - MsgId: f457f4f0-4ea4-4232-bada-9b5747a35742
2026-06-08T23:08:53.682Z - SUCCESS - info@summit-pizzeria.com - MsgId: 71d7543f-d6ae-4db4-b51f-bfa48a857852
2026-06-08T23:08:54.354Z - SUCCESS - info@island-tucson-diner.com - MsgId: d81dc90d-0f00-4757-93ed-0d2a9f3f8556
2026-06-08T23:08:55.038Z - SUCCESS - info@southwest-scottsdale-restaurant.com - MsgId: 9856f823-c9d3-49c7-8aa9-6f3b476117b1
2026-06-08T23:08:55.759Z - SUCCESS - contact@american-bisbee-cooling-heating.com - MsgId: 9cc4ddd6-828a-4ebe-b6be-98cbf056cb70
2026-06-08T23:08:56.675Z - SUCCESS - contact@new-baytown-mechanical.com - MsgId: c4437d66-cb4a-408e-b749-130dfbb04b7f
2026-06-08T23:08:57.321Z - SUCCESS - contact@southwest-hvac-services-of-haverstraw.com - MsgId: 2e2d96ae-ed6a-43b5-a023-7316f467efbd
2026-06-08T23:08:58.258Z - SUCCESS - sales@pro-phoenix-roofing-remodeling.com - MsgId: ab901785-aebf-4a43-ab3f-d6867de5f046
2026-06-08T23:08:58.919Z - SUCCESS - sales@total-roofing-construction.com - MsgId: eb089ef7-106c-406e-9334-f6c68af2b983
2026-06-08T23:08:59.569Z - SUCCESS - contact@quality-youngtown-heating-air.com - MsgId: 30e46bf6-d5a5-4270-9f86-7f22ab17b48d
2026-06-08T23:09:00.250Z - SUCCESS - sales@everest-home-improvements-of-beacon.com - MsgId: 88c50034-e33b-4925-9cc3-1ac2e95d23e8
2026-06-08T23:09:00.937Z - SUCCESS - sales@iron-shingle-siding.com - MsgId: f1d69e0e-2d6f-41f4-9a2a-fad6e5b9e540
2026-06-08T23:09:01.609Z - SUCCESS - sales@heritage-exteriors-of-lake-havasu-city.com - MsgId: 59dd3816-b248-4595-96dd-5d6483cacad4
2026-06-08T23:09:02.260Z - SUCCESS - contact@tri-state-temperature-control-of-the-colony.com - MsgId: 1a61aa04-3bfe-4ece-bb2c-71b3edda5965
2026-06-08T23:09:03.038Z - SUCCESS - sales@home-roofing-company.com - MsgId: ac22beb4-aa5e-4181-8d30-3ca305607e56
2026-06-08T23:09:03.740Z - SUCCESS - sales@desert-roofing-construction.com - MsgId: 3972e8a7-ca91-4485-abaa-96ed9f62678b
2026-06-08T23:09:04.413Z - SUCCESS - info@copper-wickenburg-pizza-pasta.com - MsgId: 3db60309-d842-418f-b6ff-b2a5664ddecb
2026-06-08T23:09:05.109Z - SUCCESS - info@traditions-lake-havasu-city-bbq-grill.com - MsgId: c0c27b6c-0590-4d9f-8909-1f0b69e0fb25
2026-06-08T23:09:05.789Z - SUCCESS - sales@first-metal-roofing.com - MsgId: 8fafd9dd-c758-4703-ba81-14ab0ae707b8
2026-06-08T23:09:06.447Z - SUCCESS - contact@united-air-conditioning.com - MsgId: b8d2b505-a9f2-47e9-ab57-ca7b3654a4ad
2026-06-08T23:09:07.161Z - SUCCESS - contact@state-pasadena-cooling-solutions.com - MsgId: 18a900aa-499b-46ea-acc8-97ae9e0d84f3
2026-06-08T23:09:07.821Z - SUCCESS - info@union-marana-bistro-bar.com - MsgId: 93470447-8a28-4bb8-bee3-d9b8880d722a
2026-06-08T23:09:08.485Z - SUCCESS - info@southwest-wylie-steakhouse.com - MsgId: 94987894-02ec-41d3-8c4e-7401e9822ff9
2026-06-08T23:09:09.157Z - SUCCESS - contact@gulf-mesa-heating-air.com - MsgId: b65fe4c9-b1a4-44c7-aceb-151cebf854f0
2026-06-08T23:09:09.837Z - SUCCESS - sales@capital-roofing-co-of-eloy.com - MsgId: 1fc49ad5-dc4e-4cab-b895-9973806e4684
2026-06-08T23:09:10.488Z - SUCCESS - info@fork-taqueria.com - MsgId: d419ae5d-dc12-40c8-85e6-d396f381fb03
2026-06-08T23:09:11.184Z - SUCCESS - info@original-hutto-steakhouse.com - MsgId: 6e607ea8-fe86-45fd-873d-121b373390fb
2026-06-08T23:09:11.875Z - SUCCESS - info@little-haverstraw-bakery-cafe.com - MsgId: a9d9bb0e-83df-435a-a5f3-85521600add4
2026-06-08T23:09:12.547Z - SUCCESS - sales@golden-roofing-construction-of-burleson.com - MsgId: 0478cdb1-b65b-4485-a337-79fc810774dc
2026-06-08T23:09:13.212Z - SUCCESS - sales@capital-roofing-services-of-denton.com - MsgId: b84cdf60-4729-4fd5-a357-67e5d739aad6
2026-06-08T23:09:14.050Z - SUCCESS - contact@a1-tucson-heating-air.com - MsgId: fa4cb5ef-343b-4afe-91e3-47cffb7cef6a
2026-06-08T23:09:14.774Z - SUCCESS - sales@city-roofing-co.com - MsgId: 561745bf-38b9-411f-8fd0-1a2ccf590887
2026-06-08T23:09:15.444Z - SUCCESS - contact@silver-air-conditioning-heating.com - MsgId: 987492f5-d523-46c9-97d4-c0b548eddb83
2026-06-08T23:09:16.107Z - SUCCESS - sales@pride-roofing-services-of-page.com - MsgId: 3fda6c79-e1de-4f06-8e0b-2ba670ed0ed6
2026-06-08T23:09:16.850Z - SUCCESS - sales@aaa-metal-roofing.com - MsgId: f4e8ec86-697b-4947-8e26-c9b6970ef272
2026-06-08T23:09:17.516Z - SUCCESS - sales@guardian-roofing-company.com - MsgId: 08e447ef-4311-41e2-9724-2452f2833456
2026-06-08T23:09:18.159Z - SUCCESS - info@traditions-rome-italian-kitchen.com - MsgId: 83cd6437-df69-46fc-8497-5365dc5cc20c
2026-06-08T23:09:18.849Z - SUCCESS - sales@shield-roofers-of-oneonta.com - MsgId: b1776538-b3b6-4e2b-aa39-228021458ff8
2026-06-08T23:09:19.528Z - SUCCESS - sales@national-roofing-co-of-san-angelo.com - MsgId: 6cb491c4-4eb0-49a6-9a98-5595a7711c71
2026-06-08T23:09:20.188Z - SUCCESS - contact@aa-tonawanda-hvac.com - MsgId: f9dc9481-69d4-496a-8c6f-bd1e26011596
2026-06-08T23:09:20.856Z - SUCCESS - contact@climate-air-conditioning-of-odessa.com - MsgId: 2757a949-6c01-451f-bc7e-51149243110c
2026-06-08T23:09:21.574Z - SUCCESS - info@piazza-peoria-steakhouse.com - MsgId: 2f34d543-2a54-4be7-9acc-2c6cf96f8d7a
2026-06-08T23:09:22.249Z - SUCCESS - sales@family-grand-prairie-exteriors.com - MsgId: 0e86b6f6-0716-4f02-a310-76e6035a74a0
2026-06-08T23:09:22.926Z - SUCCESS - info@west-waco-bbq-grill.com - MsgId: 0a7dd250-667a-462f-98bd-f0472dddef41
2026-06-08T23:09:25.737Z - SUCCESS - sales@integrity-cedar-hill-roof-gutter.com - MsgId: 147bd8e2-4e7f-4c9f-ac6b-4e27c0498ece
2026-06-08T23:09:26.507Z - SUCCESS - sales@blue-cottonwood-roofing-remodeling.com - MsgId: dfcd9b8b-6b2f-493d-bd74-738291cedebd
2026-06-08T23:09:27.207Z - SUCCESS - contact@king-goodyear-climate-control.com - MsgId: 2a9f0279-8553-44a7-ac9a-bbd313187a57
2026-06-08T23:09:27.886Z - SUCCESS - info@west-beaumont-italian-kitchen.com - MsgId: 997b6352-2b4c-4e64-bd56-0500f5636d2f
2026-06-08T23:09:28.552Z - SUCCESS - contact@valley-air-systems-of-eloy.com - MsgId: ab4092af-d3a1-4576-baa9-56c2f35885b9
2026-06-08T23:09:29.199Z - SUCCESS - sales@metal-baytown-metal-roofing.com - MsgId: 33516c09-ae8a-4ac5-8508-01354e23afec
2026-06-08T23:09:29.874Z - SUCCESS - contact@pacific-lockport-ac-heating.com - MsgId: 45798cb3-0743-46d7-980d-d15b635b3d26
2026-06-08T23:09:30.547Z - SUCCESS - info@olive-mexican-grill.com - MsgId: d1416ebe-17c3-418b-ac88-f600c9e7a29a
2026-06-08T23:09:31.224Z - SUCCESS - info@first-amarillo-pizzeria.com - MsgId: 66470237-0741-4d02-8615-9c7c3968ce7d
2026-06-08T23:09:31.900Z - SUCCESS - contact@cool-hvac-services-of-phoenix.com - MsgId: b1086683-c4e5-4358-a979-0ccce4f60cb9
2026-06-08T23:09:32.596Z - SUCCESS - sales@grand-construction-roofing-of-kingman.com - MsgId: 5c5ec1b3-5738-46ea-baa8-0518ecd50778
2026-06-08T23:09:33.263Z - SUCCESS - sales@valley-home-improvements.com - MsgId: 17904418-c22f-45b5-8641-1f9ca91f4876
2026-06-08T23:09:33.922Z - SUCCESS - contact@town-pearland-cooling-heating.com - MsgId: 724c2bfd-ce9e-456a-9a77-c8020d8255f2
2026-06-08T23:09:34.604Z - SUCCESS - sales@american-roofing-company-of-tyler.com - MsgId: 7c7ac7c6-10ed-4d28-bc30-99f53f90acf2
2026-06-08T23:09:35.262Z - SUCCESS - info@triple-massena-bakery-cafe.com - MsgId: ef43cddb-5bae-4c0a-ae7f-fd6864e9d4a6
2026-06-08T23:09:35.923Z - SUCCESS - info@old-town-el-mirage-bakery-cafe.com - MsgId: 0c3e08b0-f01a-4ba7-a168-c51140f630c3
2026-06-08T23:09:36.611Z - SUCCESS - sales@blue-roofing-co-of-hurst.com - MsgId: 2b89da69-708a-4289-b7b1-b93b8cebc305
2026-06-08T23:09:37.302Z - SUCCESS - contact@pro-hvac-services-of-wichita-falls.com - MsgId: e720ed51-c817-480f-9895-279bb50d0290
2026-06-08T23:09:37.989Z - SUCCESS - contact@imperial-heating-cooling.com - MsgId: 067a7bdf-6db8-4d5f-8f8b-0dc248f30424
2026-06-08T23:09:38.659Z - SUCCESS - contact@empire-cooling-solutions-of-fountain-hills.com - MsgId: b08a5d56-5932-47ca-9509-2b7f9189ac20
2026-06-08T23:09:39.345Z - SUCCESS - info@lake-diner.com - MsgId: 97aaaed4-7cdc-4378-ad43-e2b9673c69e5
2026-06-08T23:09:40.032Z - SUCCESS - sales@superior-metal-roofing.com - MsgId: 3cf54432-f128-4ed6-b934-a76629eddb2d
2026-06-08T23:09:40.698Z - SUCCESS - contact@golden-air-conditioning-heating.com - MsgId: 6062dddd-0db7-45cd-b4d0-fbb3242221b3
2026-06-08T23:09:41.374Z - SUCCESS - info@a-glendale-italian-kitchen.com - MsgId: 44a69cc8-5075-4d89-9c10-4c0aa66cb553
2026-06-08T23:09:42.035Z - SUCCESS - contact@western-air-systems-of-troy.com - MsgId: 9aa0b3d7-b101-43eb-8174-5db0d13d7f2c
2026-06-08T23:09:42.737Z - SUCCESS - contact@city-grapevine-air-systems.com - MsgId: 0ab34650-3ab8-4b4d-9dc7-96fcef57b7d2
2026-06-08T23:09:43.396Z - SUCCESS - contact@universal-heating-air-of-syracuse.com - MsgId: 0f11ead9-94c9-47cf-a70f-44b230518417
2026-06-08T23:09:44.057Z - SUCCESS - sales@everest-roofing-co.com - MsgId: 3e2575d5-1fbe-4395-8fd8-82330060218e
2026-06-08T23:09:44.726Z - SUCCESS - info@golden-keller-steakhouse.com - MsgId: 3a682667-0dbb-4c13-9e68-2c9644eb7eab
2026-06-08T23:09:45.425Z - SUCCESS - sales@family-roofers-of-oswego.com - MsgId: 373df5e7-db25-44e7-87e3-3ba839b0562b
2026-06-08T23:09:46.091Z - SUCCESS - contact@diamond-ac-heating-of-lubbock.com - MsgId: e53ab996-7f71-4ae5-943b-ad8308c7e0ac
2026-06-08T23:09:46.763Z - SUCCESS - sales@champion-home-improvements-of-corning.com - MsgId: 1678ce51-e893-423b-a4ee-8dad6a080006
2026-06-08T23:09:47.646Z - SUCCESS - sales@west-roofing-services-of-euless.com - MsgId: 832f81c9-48c1-4195-bc09-84ecaddfb553
2026-06-08T23:09:48.317Z - SUCCESS - sales@dura-wylie-roofing.com - MsgId: 20377f24-9cf6-4e45-989a-11f0161f432a
2026-06-08T23:09:48.991Z - SUCCESS - info@the-eatery.com - MsgId: 656342fc-28b3-4387-8da5-4623d9d509e5
2026-06-08T23:09:49.658Z - SUCCESS - contact@cactus-air-heating-of-laredo.com - MsgId: fe43896c-2582-43ea-8028-6eb043954068
2026-06-08T23:09:50.656Z - SUCCESS - info@crown-kitchen.com - MsgId: cb6e9068-9ecf-4354-9a59-7992a67ec799
2026-06-08T23:09:51.360Z - SUCCESS - contact@aa-climate-control.com - MsgId: 58bf9bb7-a065-452a-bc14-3506167bae43
2026-06-08T23:09:52.060Z - SUCCESS - info@old-town-deli-market.com - MsgId: dcbc89c5-8f6c-41b8-8de1-709d52018015
2026-06-08T23:09:52.722Z - SUCCESS - contact@valley-climate-control-of-norwich.com - MsgId: 93471139-5198-4c53-9625-3e5832e05e70
2026-06-08T23:09:53.388Z - SUCCESS - info@la-san-angelo-grille.com - MsgId: 1557266c-a66d-4e1e-a826-67698eef5d1c
2026-06-08T23:09:54.057Z - SUCCESS - sales@tower-roofing.com - MsgId: a621229a-9ca1-4626-a30a-5cfb39504e98
2026-06-08T23:09:54.752Z - SUCCESS - contact@veteran-university-park-heating-air.com - MsgId: eb5a916a-8b18-4cc7-b263-b830f1e34e04
2026-06-08T23:09:55.414Z - SUCCESS - sales@tough-rosenberg-roofing-co.com - MsgId: 630151a8-60af-40c0-87d8-3836965468e5
2026-06-08T23:09:56.097Z - SUCCESS - sales@iron-roofing-construction-of-plano.com - MsgId: feca3f7a-7b23-41d5-906d-e78e447a0244
2026-06-08T23:09:56.772Z - SUCCESS - contact@state-edinburg-air-conditioning-heating.com - MsgId: 154ac21b-2c32-4c64-bbce-fcf627f3ad2e
2026-06-08T23:09:57.433Z - SUCCESS - info@the-hudson-deli-market.com - MsgId: 5165d680-8fd2-4fde-8c50-7b3f0fd11451
2026-06-08T23:09:58.135Z - SUCCESS - info@fork-mamaroneck-italian-kitchen.com - MsgId: 998840a0-488d-4414-b11b-9d27e82edc4e
2026-06-08T23:09:58.810Z - SUCCESS - info@southwest-bbq-grill.com - MsgId: 89d149df-33b2-4f32-b286-0f67d9ce0dc2
2026-06-08T23:09:59.481Z - SUCCESS - sales@advanced-buffalo-construction-roofing.com - MsgId: 38240fd2-47e6-4ce7-b616-10e482900bba
2026-06-08T23:10:00.158Z - SUCCESS - contact@silver-hvac-of-flagstaff.com - MsgId: 6be91e86-1aa0-4312-ae5c-c5440741f6e5
2026-06-08T23:10:00.839Z - SUCCESS - contact@southwest-kingston-air-conditioning-heating.com - MsgId: baae59d9-3e42-430c-b1be-7efe8071398d
2026-06-08T23:10:01.545Z - SUCCESS - sales@american-missouri-city-roofers.com - MsgId: 2280c481-d221-441e-a5a9-39ca80d532ff
2026-06-08T23:10:02.233Z - SUCCESS - info@elite-ithaca-cafe-grill.com - MsgId: 0929c8ea-a22d-4eaa-95e1-c3547c665a29
2026-06-08T23:10:02.891Z - SUCCESS - info@green-yuma-kitchen.com - MsgId: bc114bfe-76ed-472f-b51f-35f1a376b116
2026-06-08T23:10:03.667Z - SUCCESS - sales@fortress-exteriors.com - MsgId: de28953e-3ae4-4446-9205-234a0a175733
2026-06-08T23:10:04.340Z - SUCCESS - info@river-lackawanna-bistro-bar.com - MsgId: 65455f9c-bb30-4ae7-a095-e1d8212dd7eb
2026-06-08T23:10:05.030Z - SUCCESS - contact@high-desert-glen-cove-cooling-solutions.com - MsgId: 4c709324-dc52-4ea3-81bf-6ad31c8f08fa
2026-06-08T23:10:05.704Z - SUCCESS - sales@silver-roofing-co-of-port-arthur.com - MsgId: 999d7c21-eb10-4a8b-8d0b-60a72cab237f
2026-06-08T23:10:06.374Z - SUCCESS - info@wild-huntsville-bistro-bar.com - MsgId: e41e198d-6a99-4e89-98d1-dd5cc343bcda
2026-06-08T23:10:07.089Z - SUCCESS - sales@golden-roof-specialists-of-new-rochelle.com - MsgId: a94d7e90-9d78-4d9a-ba62-36142812ffdd
2026-06-08T23:10:07.764Z - SUCCESS - contact@smart-heating-air-of-payson.com - MsgId: aca9df5d-d8f1-4391-b9fd-038ecf4f3902
2026-06-08T23:10:09.314Z - SUCCESS - contact@arrow-johnstown-air-systems.com - MsgId: d73b210f-61e1-40ab-96a6-c201ec94c61e
2026-06-08T23:10:10.016Z - SUCCESS - sales@pioneer-maricopa-roofing-construction.com - MsgId: 32652f56-8c73-4a9e-8c7e-9e0ee58ee77e
2026-06-08T23:10:10.696Z - SUCCESS - sales@vista-construction-roofing-of-haverstraw.com - MsgId: 0fbce69d-fc44-4978-981a-e0c50c53898e
2026-06-08T23:10:11.377Z - SUCCESS - info@old-diner.com - MsgId: 2cd9e0b8-cff3-47b1-bceb-7b9e45a38ed9
2026-06-08T23:10:12.044Z - SUCCESS - sales@master-roofing-solutions.com - MsgId: bcffcd09-c71a-4832-89c3-e8701a945747
2026-06-08T23:10:12.734Z - SUCCESS - sales@pride-roof-specialists-of-glen-cove.com - MsgId: dd3f62f6-bb89-4e15-a00e-857d11310579
2026-06-08T23:10:13.381Z - SUCCESS - info@traditions-italian-kitchen.com - MsgId: 964833d9-8be9-473f-8d8d-40ae790e6a06
2026-06-08T23:10:14.529Z - SUCCESS - info@harvest-rye-pizza-pasta.com - MsgId: 2fc3399a-e3c9-4b55-af46-997fa015cbaa
2026-06-08T23:10:15.218Z - SUCCESS - contact@sunset-apache-junction-climate-control.com - MsgId: 5bd79ac5-d7ac-41a0-9099-865f15b35105
2026-06-08T23:10:15.897Z - SUCCESS - info@summit-university-park-restaurant.com - MsgId: 5f22004c-a82b-4e53-ba07-4cd5a8bb8c9b
2026-06-08T23:10:16.571Z - SUCCESS - info@la-pasadena-steakhouse.com - MsgId: 384aff9c-342b-4e12-ab5e-460fa1672613
2026-06-08T23:10:17.234Z - SUCCESS - sales@elite-roofing-contractors.com - MsgId: ccec5e23-5bd5-447a-8a15-5b8764d3677f
2026-06-08T23:10:17.899Z - SUCCESS - sales@economy-galveston-roofing-remodeling.com - MsgId: 73bd2dd8-8bf2-474f-97dd-57981e1a46d4
2026-06-08T23:10:18.566Z - SUCCESS - sales@noble-flagstaff-roofing-services.com - MsgId: 202f257f-5253-431d-9d09-13ed9c426228
2026-06-08T23:10:19.251Z - SUCCESS - sales@royal-big-spring-roof-gutter.com - MsgId: 3c16c1e2-675f-45b5-932d-12e8db1c34c3
2026-06-08T23:10:20.664Z - SUCCESS - contact@town-heating-cooling-of-fort-worth.com - MsgId: 2e535bf4-0b81-4094-934d-b1cf0dbe83d4
2026-06-08T23:10:21.353Z - SUCCESS - info@lone-star-cottonwood-mexican-grill.com - MsgId: 73a3b34d-47ff-4ca3-bec8-2176f5fdc435
2026-06-08T23:10:22.014Z - SUCCESS - contact@prime-air-conditioning-heating.com - MsgId: 0e93adf3-cfb4-4e9a-80db-81dffa4b6fb1
2026-06-08T23:10:22.681Z - SUCCESS - sales@silver-roofing-co.com - MsgId: 7f46f25a-5c07-47a0-80b7-0bbdccd5a5b0
2026-06-08T23:10:23.338Z - SUCCESS - contact@crown-climate-control.com - MsgId: eec42226-6732-4652-934e-2df1d414a1a0
2026-06-08T23:10:24.039Z - SUCCESS - contact@a1-air-heating.com - MsgId: ce671364-40d8-4083-9a30-a67e1ad8436e
2026-06-08T23:10:24.717Z - SUCCESS - contact@heritage-hvac-of-north-richland-hills.com - MsgId: a55d3bcd-66f8-4e22-9673-04e925c9191b
2026-06-08T23:10:25.418Z - SUCCESS - contact@crown-heating-cooling-of-yonkers.com - MsgId: 8d8c12ff-d5b0-438c-a659-bf7214806ce2
2026-06-08T23:10:26.095Z - SUCCESS - sales@victory-home-improvements-of-richardson.com - MsgId: 35d78604-3493-492e-852a-b811cdde44ea
2026-06-08T23:10:26.753Z - SUCCESS - contact@total-air-heating-of-buffalo.com - MsgId: a18ddf4a-f1ac-4f02-87d7-d2fd26948fab
2026-06-08T23:10:27.418Z - SUCCESS - info@midtown-restaurant.com - MsgId: 8309bc12-a77e-4c06-a4f7-5925b1db3d76
2026-06-08T23:10:28.112Z - SUCCESS - sales@atlas-roofing-contractors-of-victoria.com - MsgId: 4a1552bd-6892-47e3-8713-350c2d566027
2026-06-08T23:10:28.801Z - SUCCESS - contact@green-temple-ac-heating.com - MsgId: 0cfc807d-4989-445e-891d-291b4c3473e2
2026-06-08T23:10:29.455Z - SUCCESS - info@five-pizzeria.com - MsgId: 0561aeae-7a47-4f47-af9a-c60230777fbd
2026-06-08T23:10:30.137Z - SUCCESS - contact@total-prescott-air-heating.com - MsgId: 1013dca6-7661-4794-a9aa-d3bf9d993f34
2026-06-08T23:10:30.828Z - SUCCESS - sales@a1-avondale-roof-specialists.com - MsgId: d354a14e-87a1-4c7c-93ad-aa0099fac447
2026-06-08T23:10:31.483Z - SUCCESS - sales@national-roofing-co-of-yonkers.com - MsgId: ba0072bb-8e1a-4e17-b2a4-4afb6a0e9016
2026-06-08T23:10:32.166Z - SUCCESS - contact@abc-galveston-heating-cooling.com - MsgId: 9d9a9329-6148-4d14-9cee-897e8619699c
2026-06-08T23:10:32.835Z - SUCCESS - contact@one-hour-air-heating-of-parker.com - MsgId: 7179d599-de33-4426-b26a-3679b4ad5a89
2026-06-08T23:10:33.523Z - SUCCESS - contact@pioneer-air-heating-of-surprise.com - MsgId: e34ccd32-2c8c-47ab-bc50-2ad19190d4f5
2026-06-08T23:10:34.197Z - SUCCESS - info@casa-texas-city-taqueria.com - MsgId: 441ca170-67f5-4e1c-b8ab-767ef87533a5
2026-06-08T23:10:34.854Z - SUCCESS - info@blue-the-colony-grille.com - MsgId: bfe558a1-ab45-484b-8a64-3239f6ebc583
2026-06-08T23:10:35.522Z - SUCCESS - sales@economy-metal-roofing.com - MsgId: b18f6198-0715-4492-9b5e-bfc98f92161f
2026-06-08T23:10:36.193Z - SUCCESS - info@great-tempe-taqueria.com - MsgId: d2bbccfe-1b2d-49fd-9658-065b7327ef41
2026-06-08T23:10:36.975Z - SUCCESS - info@el-eatery.com - MsgId: 4edab9e5-51d6-4c06-8362-87de1cf133fd
2026-06-08T23:10:37.675Z - SUCCESS - info@state-bisbee-taqueria.com - MsgId: dffdff58-163f-4735-bfa9-6b51b5eeac26
2026-06-08T23:10:38.366Z - SUCCESS - sales@lone-star-roofing-services-of-prescott-valley.com - MsgId: 962f3a5f-f594-4f25-a10f-df62210908b2
2026-06-08T23:10:39.024Z - SUCCESS - info@original-pizzeria.com - MsgId: 8b43ba10-fcf2-4750-b639-8f7d2174102c
2026-06-08T23:10:39.685Z - SUCCESS - sales@lone-star-roof-gutter.com - MsgId: c0009409-ae33-4c3e-9e78-2653e85f48f9
2026-06-08T23:10:40.388Z - SUCCESS - sales@desert-roofing-services-of-chino-valley.com - MsgId: 48792576-2662-49a4-ac62-c32a58f9ab18
2026-06-08T23:10:41.469Z - SUCCESS - contact@valley-hvac-services-of-amsterdam.com - MsgId: fe30de44-686e-4ea7-bbd7-7db7cfa0df78
2026-06-08T23:10:42.130Z - SUCCESS - contact@national-huntsville-comfort-systems.com - MsgId: 24877085-579a-4f78-9469-4c6951806b60
2026-06-08T23:10:42.829Z - SUCCESS - contact@home-abilene-heating-cooling.com - MsgId: c57ccf67-0ea2-4ece-a831-14a95c0eaa36
2026-06-08T23:53:12.857Z - SUCCESS - contact@smart-cooling-solutions.com - MsgId: 0c4d0e9b-5060-4f5c-be94-ac47771364e9
2026-06-08T23:53:13.529Z - SUCCESS - sales@five-star-roofing-construction.com - MsgId: 44f9a665-b4f8-4553-b44f-24882c619835
2026-06-08T23:53:14.168Z - SUCCESS - contact@cactus-comfort-systems-of-lockport.com - MsgId: 92d923cc-646a-4f8a-a2a6-e2ec750b8d82
2026-06-08T23:53:14.851Z - SUCCESS - info@one-poughkeepsie-bakery-cafe.com - MsgId: fdda1d8b-54d3-40d0-8e3f-19d0fedb3d35
2026-06-08T23:53:15.504Z - SUCCESS - info@silver-grille.com - MsgId: 76dbb1af-9e04-445b-a8ed-f715ff59d34e
2026-06-08T23:53:20.659Z - SUCCESS - contact@aa-comfort-systems-of-phoenix.com - MsgId: 66c53e4c-eafe-435e-ac21-5fc88b38b3dc
2026-06-08T23:53:21.353Z - SUCCESS - sales@iron-kingman-roofing-solutions.com - MsgId: 207a1812-1c16-482d-9812-b61275f3ce35
2026-06-08T23:53:22.021Z - SUCCESS - sales@guardian-douglas-metal-roofing.com - MsgId: 2387bdf6-7fde-4a47-b49f-bd91fd495652
2026-06-08T23:53:22.680Z - SUCCESS - contact@integrity-pearland-cooling-heating.com - MsgId: 79bb51d2-f77d-4606-99bd-ec501abcdccc
2026-06-08T23:53:23.440Z - SUCCESS - info@river-eloy-deli-market.com - MsgId: 9d62ffbc-101a-4516-9557-c15f3a09ce03
2026-06-08T23:53:24.114Z - SUCCESS - sales@castle-tyler-roof-specialists.com - MsgId: f493288a-f075-432c-903a-6849059772b6
2026-06-08T23:53:24.776Z - SUCCESS - info@island-bistro-bar.com - MsgId: 322613f7-8890-447a-b630-505ba3b9ed93
2026-06-08T23:53:25.439Z - SUCCESS - info@copper-el-mirage-sushi-bar.com - MsgId: e6ec5aef-d033-4dff-a476-9ebdfa1b6de9
2026-06-08T23:53:26.109Z - SUCCESS - sales@supreme-roof-gutter-of-hurst.com - MsgId: 3745ed73-2fe5-4268-8cd5-5eb6188b0b40
2026-06-08T23:53:26.796Z - SUCCESS - contact@five-star-cooling-solutions-of-wichita-falls.com - MsgId: b13ce409-4273-4b13-9e88-21cae208b4a1
2026-06-08T23:53:27.468Z - SUCCESS - contact@universal-hvac-solutions.com - MsgId: 4560e697-7d2c-4d56-baaa-0bff12c50b02
2026-06-08T23:53:28.128Z - SUCCESS - contact@clear-air-conditioning-of-fountain-hills.com - MsgId: aeb9ea58-f407-4bcc-82a6-f52a08558f40
2026-06-08T23:53:28.980Z - SUCCESS - info@santa-fe-watervliet-restaurant.com - MsgId: 44b4a100-a613-4424-aa7d-8f59d03b615e
2026-06-08T23:53:29.643Z - SUCCESS - sales@empire-roofing-contractors.com - MsgId: a77506f3-7400-4aad-8024-fcfa208285bf
2026-06-08T23:53:30.294Z - SUCCESS - contact@blue-climate-control.com - MsgId: ddb9feb3-44f0-4363-9c92-34696f56dec8
2026-06-08T23:53:30.957Z - SUCCESS - info@old-glendale-diner.com - MsgId: 68d446b9-7297-4463-b53e-0c4f7966f896
2026-06-08T23:53:31.647Z - SUCCESS - contact@all-pro-hvac-services-of-troy.com - MsgId: 1e692f78-86ff-46ab-bf4a-357415c85c2b
2026-06-08T23:53:32.309Z - SUCCESS - contact@payless-grapevine-hvac-services.com - MsgId: 4a0ed649-8ef0-4b24-8bed-a78947c66513
2026-06-08T23:53:32.972Z - SUCCESS - contact@capital-heating-cooling.com - MsgId: e19f8a36-95e2-4f62-bcd9-f2c91a877375
2026-06-08T23:53:33.640Z - SUCCESS - sales@eagle-massena-roofers.com - MsgId: 8658b02e-b35e-4e2f-ae03-d539cd38ef29
2026-06-08T23:53:34.301Z - SUCCESS - info@house-of-keller-restaurant.com - MsgId: 75770193-7b7e-43f6-8e91-5e88daee85bd
2026-06-08T23:53:34.962Z - SUCCESS - sales@tough-oswego-roofing-solutions.com - MsgId: 42847101-b0de-435d-96ea-e3d4a80b7695
2026-06-08T23:53:35.674Z - SUCCESS - contact@town-hvac-services-of-lubbock.com - MsgId: 3c29e624-2014-4eed-8e37-6508e9c00c53
2026-06-08T23:53:36.342Z - SUCCESS - sales@arch-roofing-remodeling-of-corning.com - MsgId: e77e5502-d2be-411e-bf74-76fc64a19837
2026-06-08T23:53:37.023Z - SUCCESS - sales@king-roofing-co-of-euless.com - MsgId: 0f9d1ac1-7a33-4d44-ae73-1740d6e38f4e
2026-06-08T23:53:37.682Z - SUCCESS - sales@advanced-construction-roofing.com - MsgId: 16f4eebb-e61a-4df2-8381-2990a304a4a4
2026-06-08T23:53:38.336Z - SUCCESS - info@elite-mexican-grill.com - MsgId: 9a765cf5-c7b7-4da3-89af-59de5f835ad2
2026-06-08T23:53:39.001Z - SUCCESS - contact@premier-laredo-air-heating.com - MsgId: 50f16ec7-753a-4bc2-ac31-dafffdd7c04a
2026-06-08T23:53:39.668Z - SUCCESS - info@salt-laredo-bistro-bar.com - MsgId: 341d2b65-96ab-4714-8c32-fb27b56d759c
2026-06-08T23:53:40.337Z - SUCCESS - contact@iron-albany-temperature-control.com - MsgId: fe669145-3d65-45b2-90fc-687ef26d065e
2026-06-08T23:53:40.995Z - SUCCESS - info@union-bistro-bar.com - MsgId: c95d3e48-3fe2-40a5-a037-cf91324dde13
2026-06-08T23:53:42.310Z - SUCCESS - contact@central-heating-cooling.com - MsgId: 24925a78-5b84-4951-a094-81e138d815a3
2026-06-08T23:53:42.963Z - SUCCESS - info@elite-bakery-cafe.com - MsgId: 6d0eca9a-9448-4ebd-be19-9b7c873e0377
2026-06-08T23:53:43.607Z - SUCCESS - sales@west-roofing-construction.com - MsgId: c0dfecb3-3f1f-4903-8e2f-989ce8d1c993
2026-06-08T23:53:44.267Z - SUCCESS - contact@western-hvac-services-of-university-park.com - MsgId: 38cc9ae9-3040-4300-9db6-4833ddb43116
2026-06-08T23:53:44.935Z - SUCCESS - sales@royal-rosenberg-roofing-company.com - MsgId: 85ef7ab0-c6c4-4bb1-92f9-30e4d5d71939
2026-06-08T23:53:45.598Z - SUCCESS - info@main-chandler-steakhouse.com - MsgId: 06e57963-cbfe-422e-ba8d-4e57ecd6dfe0
2026-06-08T23:53:46.273Z - SUCCESS - sales@integrity-exteriors-of-plano.com - MsgId: 11fe0224-22e5-4298-a203-f8266feea348
2026-06-08T23:53:46.925Z - SUCCESS - contact@texas-hvac.com - MsgId: de5e9015-5d4d-45f0-8505-07db275fbb79
2026-06-08T23:53:47.599Z - SUCCESS - info@silver-hudson-italian-kitchen.com - MsgId: 50d7dd5b-1394-4be7-ae47-13be97190f94
2026-06-08T23:53:48.263Z - SUCCESS - info@grand-mamaroneck-deli-market.com - MsgId: 9323f99e-ac96-4aee-be44-7c6ee9751f2d
2026-06-08T23:53:48.964Z - SUCCESS - info@royal-bistro-bar.com - MsgId: 138d328d-f01a-4f9c-9582-b6e4205cd3c0
2026-06-08T23:53:49.707Z - SUCCESS - sales@aaa-buffalo-roofing-remodeling.com - MsgId: 189e5cff-d389-4fb7-b260-cb3149b020ed
2026-06-08T23:53:50.373Z - SUCCESS - contact@valley-heating-air-of-flagstaff.com - MsgId: 9079308a-06cd-4a8b-b4bd-d2106fdd1e45
2026-06-08T23:53:51.037Z - SUCCESS - contact@texas-kingston-hvac.com - MsgId: d05e077a-c6c8-4729-a5cf-e839b83e9b15
2026-06-08T23:53:51.707Z - SUCCESS - sales@atlas-roofers-of-missouri-city.com - MsgId: 3685a42d-ce35-440f-a9ca-fa318ba8889a
2026-06-08T23:53:52.386Z - SUCCESS - info@wild-farmers-branch-pizza-pasta.com - MsgId: 5a4d1335-eb7a-4f59-8379-8b986f10da46
2026-06-08T23:53:53.043Z - SUCCESS - info@corner-ithaca-diner.com - MsgId: b85315c3-b8f0-48ff-babc-37a09af341f1
2026-06-08T23:53:53.698Z - SUCCESS - info@three-taqueria.com - MsgId: 9800a597-d4cf-4abe-ba68-2b4693c8b577
2026-06-08T23:53:54.354Z - SUCCESS - info@pine-deli-market.com - MsgId: 680a7de2-dc3f-468b-94fa-aee6012fd6dd
2026-06-08T23:53:55.020Z - SUCCESS - sales@everest-shingle-siding-of-lancaster.com - MsgId: d5143b22-b945-49bd-a290-1846b16f227f
2026-06-08T23:53:55.700Z - SUCCESS - info@southwest-mexican-grill.com - MsgId: 3280a66d-df50-4146-9107-7836e36f90f5
2026-06-08T23:53:56.361Z - SUCCESS - contact@national-air-conditioning.com - MsgId: 6e3d024e-1622-40cd-9b80-a370cf506233
2026-06-08T23:53:57.040Z - SUCCESS - sales@royal-roof-specialists.com - MsgId: 10934a72-4f1e-486b-a508-b12088544b8c
2026-06-08T23:53:57.719Z - SUCCESS - info@great-mexican-grill.com - MsgId: 1cbf8c0d-4b36-4093-b196-91222588a9e1
2026-06-08T23:53:58.413Z - SUCCESS - sales@heritage-new-rochelle-roofing-company.com - MsgId: 8a5acd9a-706d-4442-8426-4ee2bd37de57
2026-06-08T23:53:59.058Z - SUCCESS - contact@cactus-payson-hvac-solutions.com - MsgId: 43d488f8-7dcf-40af-a1e1-e422c19d4556
2026-06-08T23:53:59.724Z - SUCCESS - contact@united-air-conditioning-heating.com - MsgId: fba27c2c-b8c3-4509-9c6b-a5b9b133a641
2026-06-08T23:54:00.401Z - SUCCESS - sales@silver-roofing-services-of-maricopa.com - MsgId: db60c97f-be9b-42af-a7d3-8e6d776082f3
2026-06-08T23:54:01.075Z - SUCCESS - sales@elite-metal-roofing.com - MsgId: 62578fc1-cc3f-405a-94fb-004ae2ddbc6c
2026-06-08T23:54:01.747Z - SUCCESS - info@three-buffalo-bistro-bar.com - MsgId: 88ad788b-c74f-4494-bfe2-0138b6894f6f
2026-06-08T23:54:02.413Z - SUCCESS - sales@metal-casa-grande-roofing-services.com - MsgId: 3c6ed8c5-75a1-486d-9244-7e92c9343b97
2026-06-08T23:54:03.088Z - SUCCESS - sales@all-american-roofing-services-of-glen-cove.com - MsgId: 30766aaa-acf3-4e30-ba64-40f54ab3c3da
2026-06-08T23:54:03.760Z - SUCCESS - info@southwest-mesa-eatery.com - MsgId: 178e4603-7570-4678-8d00-ed5b83c751ce
2026-06-08T23:54:04.435Z - SUCCESS - info@lone-star-bakery-cafe.com - MsgId: 8db88f10-aa54-44ea-9028-70369020277d
2026-06-08T23:54:05.101Z - SUCCESS - info@santa-fe-rye-taqueria.com - MsgId: e3ad79d7-fe2a-4445-8f67-7bbbd696ecb8
2026-06-08T23:54:05.795Z - SUCCESS - contact@southwest-cooling-heating-of-apache-junction.com - MsgId: eb068d98-c7de-40fb-a498-e5300f452cd3
2026-06-08T23:54:06.455Z - SUCCESS - info@harvest-mexican-grill.com - MsgId: d971921f-d249-4a17-8999-ea569c3b0f43
2026-06-08T23:54:07.110Z - SUCCESS - info@wild-pasadena-sushi-bar.com - MsgId: df9e7f84-2ef7-46fe-866b-7bd6d6afe84b
2026-06-08T23:54:07.783Z - SUCCESS - sales@atlas-roofing-co-of-prescott.com - MsgId: eacb9a6a-8784-41ee-9e0d-b1ed2f4ea71f
2026-06-08T23:54:08.447Z - SUCCESS - sales@tower-roof-gutter.com - MsgId: d6bbe017-7bfc-42d1-9845-b30040bfb7e1
2026-06-08T23:54:09.109Z - SUCCESS - sales@express-exteriors.com - MsgId: 90e34c09-6425-4c94-80d4-89629d5fa531
2026-06-08T23:54:09.816Z - SUCCESS - sales@home-roofing-services-of-big-spring.com - MsgId: e04b80eb-bfc3-466d-8b8b-21a9fd7d7d5e
2026-06-08T23:54:10.478Z - SUCCESS - contact@red-cooling-solutions.com - MsgId: 14acd801-fbea-4623-87c4-30aa897035af
2026-06-08T23:54:11.151Z - SUCCESS - info@mountain-cottonwood-eatery.com - MsgId: 794361f1-f228-4a3a-867e-bdf174974745
2026-06-08T23:54:11.816Z - SUCCESS - contact@norton-mechanical-of-maricopa.com - MsgId: fefc7cec-7d16-4839-874a-e1b3768e9ef4
2026-06-08T23:54:12.490Z - SUCCESS - sales@north-metal-roofing.com - MsgId: 51d00908-b578-45b1-9e3c-10b727f04df8
2026-06-08T23:54:13.178Z - SUCCESS - contact@capital-schenectady-temperature-control.com - MsgId: 4ad76713-fa6b-4a63-9119-35f46b04fbec
2026-06-08T23:54:13.845Z - SUCCESS - contact@elite-cooling-solutions.com - MsgId: b63d1583-e55e-4c93-aca5-6af6cc35c853
2026-06-08T23:54:14.496Z - SUCCESS - contact@lone-star-service-experts-of-north-richland-hills.com - MsgId: 9b119e6f-007c-4a1f-bb0e-6a94abca3424
2026-06-08T23:54:15.167Z - SUCCESS - contact@valley-yonkers-cooling-heating.com - MsgId: 63296482-b452-4180-b584-9365a98c0347
2026-06-08T23:54:15.815Z - SUCCESS - sales@victory-roofing-remodeling-of-richardson.com - MsgId: 38d01eb0-ae86-420a-849e-43fa37980838
2026-06-08T23:54:16.498Z - SUCCESS - contact@first-buffalo-mechanical.com - MsgId: 88c1e210-a32a-4dfc-b899-5510bcba747e
2026-06-08T23:54:17.409Z - SUCCESS - info@state-sushi-bar.com - MsgId: 193b25a6-4983-4d4f-b73f-fe44ebca304d
2026-06-08T23:54:18.070Z - SUCCESS - sales@guardian-roof-specialists-of-victoria.com - MsgId: e439defc-f720-4247-8658-35a289033767
2026-06-08T23:54:18.748Z - SUCCESS - contact@desert-temple-cooling-solutions.com - MsgId: 4438c1f4-a8ff-4280-95ad-22643c84c800
2026-06-08T23:54:19.393Z - SUCCESS - info@village-sierra-vista-taqueria.com - MsgId: 1f36b4a4-430e-4e54-b58f-843413d5bada
2026-06-08T23:54:20.062Z - SUCCESS - contact@state-air-conditioning-heating.com - MsgId: cb87784e-b346-4f3b-ba45-a5b1f7a1084b
2026-06-08T23:54:20.728Z - SUCCESS - sales@certified-avondale-roofing.com - MsgId: 69d70093-8001-4034-8c15-e1e3bc26ec46
2026-06-08T23:54:21.402Z - SUCCESS - sales@blue-yonkers-roof-gutter.com - MsgId: 47611ecc-0835-491f-ab1c-a3a8a62577ec
2026-06-08T23:54:22.069Z - SUCCESS - contact@patriot-air-systems-of-galveston.com - MsgId: e6d4cd04-638c-4af4-a43d-e362d05b934f
2026-06-08T23:54:22.763Z - SUCCESS - contact@pioneer-parker-comfort-systems.com - MsgId: d57eb073-27bd-4a93-bdb4-312ab58dc94a
2026-06-08T23:54:23.425Z - SUCCESS - contact@johnson-surprise-heating-air.com - MsgId: 72e740f2-69a7-46df-b5df-1bc8919c27ef
2026-06-08T23:54:24.076Z - SUCCESS - info@mesa-texas-city-italian-kitchen.com - MsgId: f2aa8cc1-155d-4e7d-a2f2-f6a2af8d9a93
2026-06-08T23:54:24.743Z - SUCCESS - info@famous-the-colony-mexican-grill.com - MsgId: 9a4f2031-6b68-4895-bfbe-d9cd0345a65d
2026-06-08T23:54:25.408Z - SUCCESS - sales@fortress-roofing-of-san-luis.com - MsgId: 5c9dc0ee-6786-4d17-9fdc-ef311f1e7274
2026-06-08T23:54:26.058Z - SUCCESS - info@main-tempe-eatery.com - MsgId: 9b165899-3c39-4d43-8bb9-471117f6e3db
2026-06-08T23:54:26.727Z - SUCCESS - info@great-pizza-pasta.com - MsgId: f4cc4d99-858b-4448-b390-a90d0ba0d49d
2026-06-08T23:54:27.391Z - SUCCESS - sales@summit-prescott-valley-roofing-company.com - MsgId: 28de3667-2159-4875-a9b7-a60919cf91c0
2026-06-08T23:54:28.038Z - SUCCESS - info@lake-mechanicville-bakery-cafe.com - MsgId: 11e31a40-4536-4bad-9af8-041a276d3222
2026-06-08T23:54:28.699Z - SUCCESS - sales@family-roofing-services-of-mission.com - MsgId: 3d4bb4ec-bc64-47b3-84e7-159765477762
2026-06-08T23:54:29.362Z - SUCCESS - sales@texas-shingle-siding-of-chino-valley.com - MsgId: 25560078-d9ad-4b17-a966-6ad326a62fd0
2026-06-08T23:54:30.034Z - SUCCESS - contact@precision-cooling-heating-of-amsterdam.com - MsgId: ff81dbba-2098-4e01-8be9-e64067564bcb
2026-06-08T23:54:30.706Z - SUCCESS - contact@cactus-huntsville-service-experts.com - MsgId: 41f71031-4827-46a2-8d12-48852a24fb4d
2026-06-08T23:54:31.369Z - SUCCESS - contact@crown-cooling-solutions-of-abilene.com - MsgId: 3b88ff8a-1c43-4bc3-b8cf-9b093b869f04
2026-06-08T23:54:32.057Z - SUCCESS - contact@sunrise-page-heating-air.com - MsgId: bbac535d-7532-4c2b-9238-8fae11785d2d
2026-06-08T23:54:32.708Z - SUCCESS - info@pine-edinburg-pizzeria.com - MsgId: acc14965-de0d-4bf8-aa7b-d4886421ab11
2026-06-08T23:54:33.365Z - SUCCESS - sales@guardian-roofing-services-of-cohoes.com - MsgId: 6741ff95-4a36-49d3-bcb0-f622083ddce7
2026-06-08T23:54:34.033Z - SUCCESS - contact@imperial-heating-cooling-of-rye.com - MsgId: f3f0b234-4fb9-4056-852c-71580e91196f
2026-06-08T23:54:34.697Z - SUCCESS - contact@rapid-hvac-solutions.com - MsgId: b8526a96-22b6-41a8-b7bf-96048f40b24b
2026-06-08T23:54:35.357Z - SUCCESS - info@three-ogdensburg-bakery-cafe.com - MsgId: 9eb25bbb-b622-4e78-8e69-03932ffdf3d1
2026-06-08T23:54:36.410Z - SUCCESS - contact@patriot-ac-heating.com - MsgId: c18a8a96-d994-42b6-8f4a-a439f9b87494
2026-06-08T23:54:37.074Z - SUCCESS - info@vista-oro-valley-taqueria.com - MsgId: 5d58951f-aeba-4a99-b00a-17e084d9c79f
2026-06-08T23:54:37.732Z - SUCCESS - contact@iron-rome-air-conditioning.com - MsgId: 607038b1-e4a4-42c9-adae-5b76e2897863
2026-06-08T23:54:38.508Z - SUCCESS - sales@north-albany-exteriors.com - MsgId: 76d3833c-9cb2-4c6c-bead-71ea99e5bc99
2026-06-08T23:54:39.205Z - SUCCESS - contact@royal-mechanical-of-southlake.com - MsgId: 559d5a46-0949-40a0-9743-2c22f594c64e
2026-06-08T23:54:39.863Z - SUCCESS - info@union-big-spring-italian-kitchen.com - MsgId: 9430e616-5d95-4f98-9247-dd0140e88a05
2026-06-08T23:54:40.524Z - SUCCESS - contact@red-comfort-systems-of-keller.com - MsgId: d8161a87-e73f-47af-a96e-f2f4194e9d45
2026-06-08T23:54:41.254Z - SUCCESS - info@downtown-little-elm-eatery.com - MsgId: 4c85fa18-a5e8-40de-9a40-e67687e58a95
2026-06-08T23:54:41.960Z - SUCCESS - contact@tri-state-el-paso-hvac-solutions.com - MsgId: dc4a22d8-c108-4883-bb62-295dd64dbe7a
2026-06-08T23:54:42.637Z - SUCCESS - sales@pioneer-shingle-siding-of-allen.com - MsgId: 62027372-aede-4c03-b94e-4de40c88279f
2026-06-08T23:54:43.297Z - SUCCESS - info@salt-little-falls-bakery-cafe.com - MsgId: 5bb2bbda-8403-4d1d-8be5-7fa42f7a0f10
2026-06-08T23:54:43.958Z - SUCCESS - sales@valley-north-tonawanda-roofing-company.com - MsgId: fe1c489b-94f1-4d52-9eed-6c273afe6c50
2026-06-08T23:54:44.605Z - SUCCESS - contact@west-mechanical-of-college-station.com - MsgId: dd26f09b-9601-42d8-b84c-653cf95752ab
2026-06-08T23:54:45.296Z - SUCCESS - info@old-town-bistro-bar.com - MsgId: bb1f4a05-d806-4391-a6af-5f7371ea0f3a
2026-06-08T23:54:45.964Z - SUCCESS - contact@quality-chandler-comfort-systems.com - MsgId: 23fc240e-d751-4de5-80fe-06dca37a74a2
2026-06-08T23:54:46.612Z - SUCCESS - info@five-kitchen.com - MsgId: ec87ffc0-9e53-463a-b3ae-9b5a3d15076e
2026-06-08T23:54:47.286Z - SUCCESS - contact@universal-elmira-ac-heating.com - MsgId: fb0e1f2c-116e-4776-b75d-cd977fc283f8
2026-06-08T23:54:47.949Z - SUCCESS - contact@pinnacle-hvac-solutions-of-peoria.com - MsgId: 9811d304-5ad0-431c-ab9d-578a768a75ba
2026-06-08T23:54:48.623Z - SUCCESS - contact@tri-state-yuma-heating-cooling.com - MsgId: 5089d95a-9d1c-433a-989f-5cab4eac3933
2026-06-08T23:54:49.272Z - SUCCESS - contact@payless-heating-air-of-new-york-city.com - MsgId: 842a10c3-4e56-4eaf-bb71-3838ddd2c07c
2026-06-08T23:54:50.058Z - SUCCESS - contact@jd-service-experts.com - MsgId: 8e733516-bc7b-43cc-9cf9-9bacc59e7e2c
2026-06-08T23:54:50.707Z - SUCCESS - info@sun-saratoga-springs-italian-kitchen.com - MsgId: 5ad3b985-17d3-4297-b34a-b891771fab70
2026-06-08T23:54:51.368Z - SUCCESS - sales@champion-troy-construction-roofing.com - MsgId: 1565a10f-80a3-45c3-9977-dc9f1f9aab09
2026-06-08T23:54:52.046Z - SUCCESS - contact@aa-coppell-cooling-solutions.com - MsgId: 7196763a-a2cd-497d-a2c6-61c3267a8471
2026-06-08T23:54:52.709Z - SUCCESS - contact@one-hour-hornell-service-experts.com - MsgId: f54e1b05-ff45-42bf-84c9-da26117cae30
2026-06-08T23:54:53.579Z - SUCCESS - contact@service-mechanical-of-pflugerville.com - MsgId: 9a74222e-7f1b-43ff-8af0-c789f833ba48
2026-06-08T23:54:54.244Z - SUCCESS - contact@empire-cooling-heating-of-jamestown.com - MsgId: 797fdd37-f832-42c7-93e3-4189134a4d5b
2026-06-08T23:54:54.910Z - SUCCESS - sales@economy-hudson-roof-specialists.com - MsgId: 5f4586b1-ede8-4d83-9910-12929e35cf36
2026-06-08T23:54:55.573Z - SUCCESS - info@southwest-pizzeria.com - MsgId: 9a11fee0-2588-4c0d-958b-85d2b29dd693
2026-06-08T23:54:56.251Z - SUCCESS - info@one-kitchen.com - MsgId: 902d45ac-2e33-4ed4-8247-6dcf60f25f88
2026-06-08T23:54:56.914Z - SUCCESS - sales@silver-wickenburg-roofing-contractors.com - MsgId: f8486a0b-85fd-4636-a2a4-050c589632f6
2026-06-08T23:54:57.573Z - SUCCESS - sales@western-roofing-services.com - MsgId: 788dd5ba-f9a8-4f4f-b3e4-e8e75973615c
2026-06-08T23:54:58.245Z - SUCCESS - sales@big-exteriors-of-pflugerville.com - MsgId: 79aeb236-209d-4f04-83c3-fb691530ea70
2026-06-08T23:54:59.612Z - SUCCESS - contact@pacific-cooling-heating-of-conroe.com - MsgId: e5cf6f95-4abb-41e9-885e-83a43f5c9dc8
2026-06-08T23:55:00.264Z - SUCCESS - sales@noble-roofing-solutions-of-pearland.com - MsgId: 40b0b800-eb1c-4cb7-8dfc-09019d4558ca
2026-06-08T23:55:01.242Z - SUCCESS - contact@total-kyle-air-heating.com - MsgId: 50fda02b-8bee-47d7-8d35-69bf48b64ba6
2026-06-08T23:55:01.923Z - SUCCESS - info@great-bbq-grill.com - MsgId: 0c169837-f675-4113-a17f-c396caa9376e
2026-06-08T23:55:02.589Z - SUCCESS - sales@iron-apache-junction-home-improvements.com - MsgId: 0849186d-2535-4e0b-9350-4d1c5c826593
2026-06-08T23:55:03.246Z - SUCCESS - sales@right-roofing-construction.com - MsgId: bc16c84f-9826-440a-93cb-60deb9513af2
2026-06-08T23:55:03.911Z - SUCCESS - info@seven-kitchen.com - MsgId: 843928cf-dbd7-464c-98c5-5aae41fb03c9
2026-06-08T23:55:04.768Z - SUCCESS - sales@elite-metal-roofing-of-white-plains.com - MsgId: ccde9984-bd50-48d8-a477-7e3ca5ef3e3c
2026-06-08T23:55:05.427Z - SUCCESS - info@lone-star-bbq-grill.com - MsgId: 53b5edaa-8954-40c5-a4eb-a55528bd5b05
2026-06-08T23:55:06.136Z - SUCCESS - info@royal-denton-diner.com - MsgId: 32e43cb2-b316-404a-ad7d-aa8621c86470
2026-06-08T23:55:06.800Z - SUCCESS - sales@crown-corpus-christi-roofing-construction.com - MsgId: a918b09c-6d03-44af-88d7-5585d1932f2f
2026-06-08T23:55:07.469Z - SUCCESS - contact@king-hvac-of-bedford.com - MsgId: 4ab9a142-599f-4082-9cad-15bad57a7c33
2026-06-08T23:55:08.128Z - SUCCESS - contact@valley-casa-grande-ac-heating.com - MsgId: b8c11cf7-b513-4a7a-9f6a-57b1b6dafb6e
2026-06-08T23:55:08.780Z - SUCCESS - info@west-fort-worth-cafe-grill.com - MsgId: 83611ddc-3fe9-41ab-bdae-2837b6253bc5
2026-06-08T23:55:09.445Z - SUCCESS - info@santa-fe-clifton-eatery.com - MsgId: bcd0d783-354f-4c5c-953f-51ff5bc68fd0
2026-06-08T23:55:10.349Z - SUCCESS - contact@desert-del-rio-air-heating.com - MsgId: 15e06d81-f7e5-42dd-9a59-ad198954319e
2026-06-08T23:55:11.078Z - SUCCESS - sales@iron-construction-roofing-of-conroe.com - MsgId: 880d3486-765b-4249-b07c-97de890ecaad
2026-06-08T23:55:11.758Z - SUCCESS - info@sun-bakery-cafe.com - MsgId: 7d916fda-fe88-49ed-ab57-23994ac81f12
2026-06-08T23:55:12.426Z - SUCCESS - info@famous-round-rock-sushi-bar.com - MsgId: afb9ccab-6c73-4e80-80b0-a65286de9c45
2026-06-08T23:55:13.088Z - SUCCESS - info@royal-greenville-sushi-bar.com - MsgId: 129c3fbc-c1f2-4c26-8047-68874a351521
2026-06-08T23:55:13.758Z - SUCCESS - sales@texas-roofers-of-little-elm.com - MsgId: c8e9f174-60aa-4d67-9ff2-1a31fedfa2b6
2026-06-08T23:55:14.428Z - SUCCESS - info@mountain-missouri-city-pizzeria.com - MsgId: 3bfb9052-eb0f-43d5-b89d-1ee905e5ae92
2026-06-08T23:55:15.096Z - SUCCESS - sales@champion-roofing-contractors.com - MsgId: 5042911f-a685-4cc9-813f-e83dcbafa0c4
2026-06-08T23:55:15.773Z - SUCCESS - sales@city-rome-roofing-contractors.com - MsgId: 21502bdb-ac38-4b16-a77c-5bef03edb91c
2026-06-08T23:55:16.615Z - SUCCESS - info@harbor-mount-vernon-pizza-pasta.com - MsgId: f758663c-5ffe-4146-ba92-9779d6d09480
2026-06-08T23:55:17.271Z - SUCCESS - info@top-chino-valley-pizza-pasta.com - MsgId: ff45e197-09c5-450b-ba02-cc31190bb579
2026-06-08T23:55:17.926Z - SUCCESS - sales@sun-middletown-exteriors.com - MsgId: 0198650f-0e0a-4cdc-a2d7-9f7deef8f24b
2026-06-08T23:55:18.608Z - SUCCESS - info@first-steakhouse.com - MsgId: b76bdc1a-614a-43ed-bfe8-533d5de8a15f
2026-06-08T23:55:19.280Z - SUCCESS - contact@express-hvac-services-of-rochester.com - MsgId: d7990d77-2553-4001-8a13-f6b7563f7f9b
2026-06-08T23:55:19.941Z - SUCCESS - sales@total-norwich-construction-roofing.com - MsgId: 977d30a0-390f-41f4-91f0-42b725eb0a7e
2026-06-08T23:55:20.604Z - SUCCESS - sales@total-newburgh-construction-roofing.com - MsgId: ba1b645c-4568-486a-8e61-cc733e87e24c
2026-06-08T23:55:21.270Z - SUCCESS - sales@express-scottsdale-roofing-company.com - MsgId: c446193d-bbd5-45a7-a979-347d3082700d
2026-06-08T23:55:21.934Z - SUCCESS - info@the-kitchen.com - MsgId: 89cc939d-720e-4730-b315-f12c533291dc
2026-06-08T23:55:22.613Z - SUCCESS - contact@smart-brownsville-ac-heating.com - MsgId: 65a27eaf-d8f7-41a9-9a0f-cbcf8eb312f5
2026-06-08T23:55:23.283Z - SUCCESS - sales@steadfast-roofing-remodeling-of-watertown.com - MsgId: ffef2461-9664-4145-9844-2718765e3638
2026-06-08T23:55:23.964Z - SUCCESS - info@harbor-prescott-kitchen.com - MsgId: 44f4c5b4-399e-4901-a9d0-20583153188d
2026-06-08T23:55:24.653Z - SUCCESS - contact@empire-ac-heating-of-little-elm.com - MsgId: b871c4e7-7f86-4b1e-a191-d457a0f8a5eb
2026-06-08T23:55:25.317Z - SUCCESS - sales@lone-star-roofing-services.com - MsgId: 8e8026a0-ca5e-46a9-a17c-9e6c95ab42ab
2026-06-08T23:55:25.992Z - SUCCESS - info@highland-bbq-grill.com - MsgId: acebc5b1-ad22-40b1-86b5-9b4118aa3e94
2026-06-08T23:55:26.654Z - SUCCESS - contact@high-desert-hvac-solutions.com - MsgId: 781fff7b-9b85-43a7-85b6-ce6790320d5f
2026-06-08T23:55:27.339Z - SUCCESS - info@port-carrollton-taqueria.com - MsgId: c5e37208-e9d3-44dd-989f-98b188789d50
2026-06-08T23:55:28.047Z - SUCCESS - info@highland-san-marcos-restaurant.com - MsgId: 51bcc8a3-487c-472d-a480-3a59111bb9d0
2026-06-08T23:55:28.699Z - SUCCESS - sales@aaa-farmers-branch-roofers.com - MsgId: 9427103b-1f23-4a24-9ce6-db58636f1014
2026-06-08T23:55:29.353Z - SUCCESS - sales@top-roofing-remodeling-of-bedford.com - MsgId: 8353c815-e5f4-470e-9d2d-4ef203bea4e2
2026-06-08T23:55:30.051Z - SUCCESS - info@top-harlingen-diner.com - MsgId: 93b95c27-665a-4200-8b2a-31112b6b436f
2026-06-08T23:55:30.713Z - SUCCESS - info@town-oswego-bistro-bar.com - MsgId: 1360acab-1364-4ad7-b6d4-4259c4682186
2026-06-08T23:55:31.383Z - SUCCESS - contact@united-allen-service-experts.com - MsgId: 702e1050-3e3f-43a6-873c-623b003d2bbc
2026-06-08T23:55:32.044Z - SUCCESS - contact@national-grand-prairie-cooling-heating.com - MsgId: 0e812dd5-6ec7-42de-8062-0f8e4d92b3cb
2026-06-08T23:55:32.725Z - SUCCESS - contact@arrow-ac-heating-of-desoto.com - MsgId: 9ee60495-3a1f-4b45-be10-37c498c8a8f0
2026-06-08T23:55:33.398Z - SUCCESS - contact@king-mesquite-ac-heating.com - MsgId: 2b845e81-7af1-4bde-bde4-9410b00399f6
2026-06-08T23:55:34.062Z - SUCCESS - sales@capital-roofing-of-paradise-valley.com - MsgId: ecfb0cb5-9e32-4baa-b37a-2abc7c968076
2026-06-08T23:55:34.736Z - SUCCESS - info@city-eatery.com - MsgId: 1b01d69a-6657-45b3-b337-96f181168f7b
2026-06-08T23:55:35.389Z - SUCCESS - info@fork-mexican-grill.com - MsgId: 8ea414da-85b9-4e33-84fa-3ff7d8d85d92
2026-06-08T23:55:36.072Z - SUCCESS - sales@supreme-roofing-services.com - MsgId: fac3f05a-39d1-45a5-9938-9880f40e1169
2026-06-08T23:55:36.730Z - SUCCESS - contact@texas-lewisville-air-systems.com - MsgId: 4f6f0290-9a58-44d5-9951-9d7cf7babac1
2026-06-08T23:55:37.691Z - SUCCESS - info@downtown-pizzeria.com - MsgId: 1f7f6908-d57e-4c35-bfb9-346c879744af
2026-06-08T23:55:38.368Z - SUCCESS - contact@tri-state-cooling-heating-of-midland.com - MsgId: 08b0d50f-63cd-41cf-94ac-c4a69fcc4d82
2026-06-08T23:55:39.027Z - SUCCESS - sales@victory-exteriors-of-florence.com - MsgId: f71a4f25-4561-4469-94bd-4cfd444a0637
2026-06-08T23:55:39.685Z - SUCCESS - info@old-utica-bbq-grill.com - MsgId: 1bfd1c46-5e9e-4ca0-a872-985f380dda09
2026-06-08T23:55:40.392Z - SUCCESS - info@five-plattsburgh-mexican-grill.com - MsgId: f7c472b9-486f-4fe0-92c8-54ae2e0bd77a
2026-06-08T23:55:41.038Z - SUCCESS - info@great-casa-grande-italian-kitchen.com - MsgId: 6ba44c92-5e02-46c1-b682-b1de44c01121
2026-06-08T23:55:41.761Z - SUCCESS - contact@reliable-air-heating-of-new-rochelle.com - MsgId: 7fa29720-17d3-4a92-aeb6-ca14b9b430be
2026-06-08T23:55:42.433Z - SUCCESS - info@little-kitchen.com - MsgId: 8576f7e8-1c53-4800-9b41-d5c991e7611e
2026-06-08T23:55:43.088Z - SUCCESS - sales@red-amsterdam-roofing-company.com - MsgId: e628056a-b1e7-43c0-9227-071c22822720
2026-06-08T23:55:43.765Z - SUCCESS - info@olive-league-city-steakhouse.com - MsgId: 4100499a-8f18-4106-a2c2-5754a5c03fc9
2026-06-08T23:55:44.441Z - SUCCESS - contact@atlas-scottsdale-hvac.com - MsgId: 03eb5b6b-c84a-4e97-8ad8-40759e1eb96d
2026-06-08T23:55:45.105Z - SUCCESS - sales@american-shingle-siding.com - MsgId: 4c22d19d-f28c-4456-a05e-c671bdbcbe3c
2026-06-08T23:55:45.774Z - SUCCESS - info@river-conroe-taqueria.com - MsgId: f1bba976-688a-4112-891e-6da3ec93aab2
2026-06-08T23:55:46.436Z - SUCCESS - sales@keystone-roofing-contractors.com - MsgId: 1bd32da1-8978-4f2b-a11b-f32cf16386cc
2026-06-08T23:55:47.118Z - SUCCESS - sales@silver-rochester-roofing-co.com - MsgId: a9a4f749-8886-4193-9bc2-53c336ae9283
2026-06-08T23:55:47.812Z - SUCCESS - contact@cool-stephenville-ac-heating.com - MsgId: aedc04f6-ca0e-46ae-aa07-2a1d38f274ef
2026-06-08T23:55:48.493Z - SUCCESS - info@mountain-mexican-grill.com - MsgId: 0281a07a-1218-4599-aa2a-d4089330348d
2026-06-08T23:55:49.156Z - SUCCESS - info@union-burleson-pizzeria.com - MsgId: c4b1fe33-051f-4a63-9ba5-b4741435b7dd
2026-06-08T23:55:49.858Z - SUCCESS - sales@pride-arlington-roof-gutter.com - MsgId: b7bf8a66-2f9e-4814-8ce7-e9d38d3c751a
2026-06-08T23:55:50.524Z - SUCCESS - sales@guardian-lubbock-construction-roofing.com - MsgId: 09f22f8b-4caf-417d-a0b3-2bc8bf12ed37
2026-06-08T23:55:51.181Z - SUCCESS - info@top-grapevine-italian-kitchen.com - MsgId: 0a036e6c-17d7-4249-ba70-4d970ff09e5e
2026-06-08T23:55:51.954Z - SUCCESS - info@el-new-braunfels-pizzeria.com - MsgId: d9ec0a57-7923-4a2b-a8f5-2bb3f3eacd81
2026-06-08T23:55:52.616Z - SUCCESS - contact@best-buckeye-cooling-solutions.com - MsgId: 71da1cc7-82b6-47ce-a63d-41ea1f0fab22
2026-06-08T23:55:53.264Z - SUCCESS - sales@liberty-roofing-remodeling-of-rye.com - MsgId: a25da96c-0c28-4b90-9226-231aa11d5211
2026-06-08T23:55:53.916Z - SUCCESS - info@lone-star-haltom-city-mexican-grill.com - MsgId: 2ac88527-963e-44dd-9c39-d7f7fde6bfa8
2026-06-08T23:55:54.573Z - SUCCESS - info@royal-deli-market.com - MsgId: e7744a14-6ad7-4c7d-b713-64ec50fffde5
2026-06-08T23:55:55.247Z - SUCCESS - contact@gulf-ac-heating-of-newburgh.com - MsgId: ad35dec8-ea38-4a92-90a5-0299894bc453
2026-06-08T23:55:55.911Z - SUCCESS - contact@sun-san-luis-hvac.com - MsgId: fe77f389-b9f4-4c4a-ac4d-4bf3d8a44515
2026-06-08T23:55:56.579Z - SUCCESS - contact@integrity-salamanca-temperature-control.com - MsgId: 5b914b07-230a-43a9-9897-36e3c8b85e3b
2026-06-08T23:55:57.281Z - SUCCESS - contact@empire-air-conditioning.com - MsgId: 17b282ec-e9be-49bf-85ad-0c5012e5a60c
2026-06-08T23:55:57.946Z - SUCCESS - sales@valley-yuma-roofing-co.com - MsgId: a4b83099-e690-4c23-a783-9d4a4079dae9
2026-06-08T23:55:58.617Z - SUCCESS - info@seven-syracuse-eatery.com - MsgId: 5d54177b-6483-49cf-b86e-64dd999700f9
2026-06-08T23:55:59.360Z - SUCCESS - info@station-austin-italian-kitchen.com - MsgId: b55edadf-b8e6-4142-a96e-b1102145e290
2026-06-08T23:56:00.035Z - SUCCESS - info@mesa-elmira-taqueria.com - MsgId: b32e5910-ec9a-4f50-add7-fd79b18b1450
2026-06-08T23:56:00.687Z - SUCCESS - sales@home-home-improvements.com - MsgId: 8d57c770-9cc9-4a41-965b-7156ab06e513
2026-06-08T23:56:01.349Z - SUCCESS - info@pine-avondale-kitchen.com - MsgId: 51fcd415-94c5-4c11-9cc4-049d7b2881c9
2026-06-08T23:56:02.036Z - SUCCESS - info@silver-corpus-christi-cafe-grill.com - MsgId: 0a714585-6623-4fde-b3f4-c7ad2d9d338b
2026-06-08T23:56:02.716Z - SUCCESS - sales@pro-fort-worth-roofing.com - MsgId: 10858cbf-3e84-4271-973e-abca206021e9
2026-06-08T23:56:03.374Z - SUCCESS - contact@veteran-hvac.com - MsgId: 59880078-0421-4593-af8a-0c0fa4dd50be
2026-06-08T23:56:04.038Z - SUCCESS - info@embers-bistro-bar.com - MsgId: f3764c96-566d-447c-93a8-353264bdbfa2
2026-06-08T23:56:04.696Z - SUCCESS - contact@top-ithaca-heating-air.com - MsgId: 3da70cbc-d612-469e-bf1d-162e3c64022f
2026-06-08T23:56:05.355Z - SUCCESS - info@island-eatery.com - MsgId: 82344f6b-1866-4617-8235-c8ba6c1e8d30
2026-06-08T23:56:06.018Z - SUCCESS - contact@veteran-hvac-services-of-san-marcos.com - MsgId: 4072d1a3-eac9-4d78-a4c3-6d5cea1cda13
2026-06-08T23:56:06.696Z - SUCCESS - contact@best-hudson-cooling-heating.com - MsgId: d2651392-5ac1-4d48-8b67-d923bee08fac
2026-06-08T23:56:07.352Z - SUCCESS - sales@grand-roofing-of-brownsville.com - MsgId: 5ba90b9e-7298-4ee2-91a1-cffa8b215e90
2026-06-08T23:56:08.007Z - SUCCESS - contact@golden-richardson-hvac-solutions.com - MsgId: d74811db-82cd-433f-9967-5b905bdc88ac
2026-06-08T23:56:08.667Z - SUCCESS - contact@sunset-air-conditioning-heating-of-sherman.com - MsgId: f8a1a428-0758-4bcb-a1cf-26807ff87db0
2026-06-08T23:56:09.326Z - SUCCESS - info@embers-eatery.com - MsgId: 7c75eb96-2ddc-484e-9032-23af45b42026
2026-06-08T23:56:09.978Z - SUCCESS - sales@storm-exteriors-of-harlingen.com - MsgId: e0e6ad1f-75f6-4810-86f8-6e19bd059d72
2026-06-08T23:56:10.639Z - SUCCESS - info@casa-steakhouse.com - MsgId: 9f96553a-b338-48e0-8dcb-7570245aa703
2026-06-08T23:56:11.300Z - SUCCESS - contact@pacific-ac-heating.com - MsgId: 9fa29168-d476-4081-bdac-7ac5c3884734
