business_name,industry,city,state_code,state_name,address,phone,has_website,website_url,website_confidence,lead_score,source,created_at,notes
Heritage Hudson Restaurant,Restaurant,Hudson,NY,New York,"7656 Oak Ave, Hudson, NY 82355",(716) 426-6734,True,,0.84,52,sweep_v25,2026-06-06T04:42:54.735185,Target for Elegant Food template demo
Red Mamaroneck Kitchen,Restaurant,Mamaroneck,NY,New York,"9486 Business Park Dr, Mamaroneck, NY 33612",(607) 247-6891,True,,0.81,49,sweep_v25,2026-06-06T04:42:54.735271,Target for Elegant Food template demo
Crown Rochester BBQ & Grill,Restaurant,Rochester,NY,New York,"3878 Sunset Blvd, Rochester, NY 76698",(917) 613-4540,True,,0.65,51,sweep_v25,2026-06-06T04:42:54.735321,Target for Elegant Food template demo
Express Buffalo Roofing Solutions,Roofing,Buffalo,NY,New York,"434 Church St, Buffalo, NY 81206",(516) 992-6425,False,,0.86,92,sweep_v25,2026-06-06T04:42:54.735366,Target for Modern Trade template demo
North Star Air & Heating,HVAC,Flagstaff,AZ,Arizona,"6936 Elm St, Flagstaff, AZ 94243",(928) 431-7229,False,,0.92,94,sweep_v25,2026-06-06T04:42:54.735413,Target for Modern Trade template demo
New Kingston HVAC,HVAC,Kingston,NY,New York,"4530 Adams St, Kingston, NY 60648",(315) 893-5559,True,,0.81,57,sweep_v25,2026-06-06T04:42:54.735456,Target for Modern Trade template demo
Rescue Missouri City Roofers,Roofing,Missouri City,TX,Texas,"3039 Business Park Dr, Missouri City, TX 77988",(713) 606-2019,True,,0.87,57,sweep_v25,2026-06-06T04:42:54.735500,Target for Modern Trade template demo
Sunset Grille,Restaurant,Farmers Branch,TX,Texas,"1070 Madison Ave, Farmers Branch, TX 44745",(940) 476-7876,True,,0.66,42,sweep_v25,2026-06-06T04:42:54.735542,Target for Elegant Food template demo
Seven Ithaca Deli & Market,Restaurant,Ithaca,NY,New York,"439 Washington Blvd, Ithaca, NY 10579",(631) 366-4314,True,,0.73,52,sweep_v25,2026-06-06T04:42:54.735585,Target for Elegant Food template demo
Union Yuma Steakhouse,Restaurant,Yuma,AZ,Arizona,"2677 1st Ave, Yuma, AZ 44006",(480) 470-2816,True,,0.7,46,sweep_v25,2026-06-06T04:42:54.735627,Target for Elegant Food template demo
Mesa Lewisville Bakery & Cafe,Restaurant,Lewisville,TX,Texas,"2068 3rd St, Lewisville, TX 24910",(713) 327-5414,True,,0.82,40,sweep_v25,2026-06-06T04:42:54.735670,Target for Elegant Food template demo
Secure Lancaster Metal Roofing,Roofing,Lancaster,TX,Texas,"8698 Main St, Lancaster, TX 97301",(682) 732-8729,True,,0.89,50,sweep_v25,2026-06-06T04:42:54.735713,Target for Modern Trade template demo
Queen's Lackawanna Bakery & Cafe,Restaurant,Lackawanna,NY,New York,"8467 Broadway, Lackawanna, NY 92651",(347) 641-7420,False,,0.77,91,sweep_v25,2026-06-06T04:42:54.735756,Target for Elegant Food template demo
Elite Glen Cove Air & Heating,HVAC,Glen Cove,NY,New York,"2630 3rd St, Glen Cove, NY 71464",(917) 537-9899,True,,0.75,44,sweep_v25,2026-06-06T04:42:54.735798,Target for Modern Trade template demo
Integrity Exteriors of Port Arthur,Roofing,Port Arthur,TX,Texas,"8537 Elm St, Port Arthur, TX 68496",(830) 308-9443,False,,0.93,93,sweep_v25,2026-06-06T04:42:54.735843,Target for Modern Trade template demo
Theo's Huntsville Sushi Bar,Restaurant,Huntsville,TX,Texas,"7093 Enterprise Rd, Huntsville, TX 95383",(726) 240-2068,True,,0.63,46,sweep_v25,2026-06-06T04:42:54.735885,Target for Elegant Food template demo
Southwest Roofing Contractors,Roofing,New Rochelle,NY,New York,"2973 Valley Blvd, New Rochelle, NY 22648",(716) 777-1899,True,,0.8,57,sweep_v25,2026-06-06T04:42:54.735932,Target for Modern Trade template demo
Atlas Heating & Air of Payson,HVAC,Payson,AZ,Arizona,"2990 Maple Dr, Payson, AZ 22120",(480) 867-4546,True,,0.76,50,sweep_v25,2026-06-06T04:42:54.735974,Target for Modern Trade template demo
Five Star Cooling & Heating of Johnstown,HVAC,Johnstown,NY,New York,"8665 Market St, Johnstown, NY 18367",(347) 797-4243,False,,0.76,84,sweep_v25,2026-06-06T04:42:54.736016,Target for Modern Trade template demo
All-American Exteriors,Roofing,Maricopa,AZ,Arizona,"619 Franklin St, Maricopa, AZ 89161",(520) 842-2835,False,,0.74,100,sweep_v25,2026-06-06T04:42:54.736058,Target for Modern Trade template demo
Total Construction & Roofing of Haverstraw,Roofing,Haverstraw,NY,New York,"4908 Market St, Haverstraw, NY 25420",(315) 234-9023,True,,0.84,59,sweep_v25,2026-06-06T04:42:54.736100,Target for Modern Trade template demo
State Restaurant,Restaurant,Buffalo,NY,New York,"7775 Park Ave, Buffalo, NY 74732",(607) 323-6898,True,,0.6,49,sweep_v25,2026-06-06T04:42:54.736142,Target for Elegant Food template demo
Steadfast Casa Grande Roofing & Construction,Roofing,Casa Grande,AZ,Arizona,"1588 Washington Blvd, Casa Grande, AZ 94037",(480) 932-5097,True,,0.74,56,sweep_v25,2026-06-06T04:42:54.736184,Target for Modern Trade template demo
Western Roofing Co.,Roofing,Glen Cove,NY,New York,"5469 Hamilton Ave, Glen Cove, NY 28766",(315) 211-2801,True,,0.61,51,sweep_v25,2026-06-06T04:42:54.736255,Target for Modern Trade template demo
Five Mesa Diner,Restaurant,Mesa,AZ,Arizona,"2871 Cedar Ln, Mesa, AZ 40399",(928) 900-7039,True,,0.82,44,sweep_v25,2026-06-06T04:42:54.736303,Target for Elegant Food template demo
Casa Kitchen,Restaurant,Parker,AZ,Arizona,"585 Oak Ave, Parker, AZ 55318",(623) 795-9826,True,,0.71,53,sweep_v25,2026-06-06T04:42:54.736345,Target for Elegant Food template demo
Main Rye Cafe & Grill,Restaurant,Rye,NY,New York,"7100 Pine St, Rye, NY 58940",(845) 220-3688,True,,0.85,50,sweep_v25,2026-06-06T04:42:54.736388,Target for Elegant Food template demo
Red HVAC Services,HVAC,Apache Junction,AZ,Arizona,"3936 Innovation Blvd, Apache Junction, AZ 88754",(520) 653-4038,True,,0.71,58,sweep_v25,2026-06-06T04:42:54.736431,Target for Modern Trade template demo
Famous University Park Pizza & Pasta,Restaurant,University Park,TX,Texas,"4124 Cedar Ln, University Park, TX 58020",(409) 446-7144,False,,0.79,95,sweep_v25,2026-06-06T04:42:54.736475,Target for Elegant Food template demo
Mountain Grille,Restaurant,Pasadena,TX,Texas,"3016 State St, Pasadena, TX 19375",(713) 782-6086,True,,0.7,51,sweep_v25,2026-06-06T04:42:54.736517,Target for Elegant Food template demo
City Roofing Company of Prescott,Roofing,Prescott,AZ,Arizona,"9755 Maple Dr, Prescott, AZ 71946",(520) 377-3781,False,,0.82,100,sweep_v25,2026-06-06T04:42:54.736562,Target for Modern Trade template demo
Desert Roofing of Galveston,Roofing,Galveston,TX,Texas,"8975 Franklin St, Galveston, TX 30657",(432) 847-6436,True,,0.73,53,sweep_v25,2026-06-06T04:42:54.736606,Target for Modern Trade template demo
Valley Roofing Contractors of Flagstaff,Roofing,Flagstaff,AZ,Arizona,"5976 Highland Ave, Flagstaff, AZ 36361",(623) 673-3709,False,,0.76,97,sweep_v25,2026-06-06T04:42:54.736647,Target for Modern Trade template demo
Guardian Big Spring Roofing Company,Roofing,Big Spring,TX,Texas,"7240 Franklin St, Big Spring, TX 13777",(325) 975-8154,True,,0.74,60,sweep_v25,2026-06-06T04:42:54.736689,Target for Modern Trade template demo
Texas Fort Worth Temperature Control,HVAC,Fort Worth,TX,Texas,"8783 Church St, Fort Worth, TX 69444",(972) 267-9944,True,,0.76,60,sweep_v25,2026-06-06T04:42:54.736732,Target for Modern Trade template demo
A Cottonwood Pizza & Pasta,Restaurant,Cottonwood,AZ,Arizona,"7503 Valley Blvd, Cottonwood, AZ 25320",(480) 497-1149,False,,0.88,85,sweep_v25,2026-06-06T04:42:54.736774,Target for Elegant Food template demo
Tri-State Maricopa HVAC Solutions,HVAC,Maricopa,AZ,Arizona,"3060 1st Ave, Maricopa, AZ 36291",(928) 826-5572,True,,0.65,43,sweep_v25,2026-06-06T04:42:54.736830,Target for Modern Trade template demo
Superior Roofing & Remodeling of Plattsburgh,Roofing,Plattsburgh,NY,New York,"6882 Innovation Blvd, Plattsburgh, NY 64851",(845) 660-8182,False,,0.7,94,sweep_v25,2026-06-06T04:42:54.736873,Target for Modern Trade template demo
Frontier Schenectady Temperature Control,HVAC,Schenectady,NY,New York,"9243 Jackson Blvd, Schenectady, NY 14052",(212) 918-3486,False,,0.87,83,sweep_v25,2026-06-06T04:42:54.736914,Target for Modern Trade template demo
King HVAC,HVAC,Corpus Christi,TX,Texas,"2864 3rd St, Corpus Christi, TX 14111",(830) 259-7412,True,,0.7,51,sweep_v25,2026-06-06T04:42:54.736959,Target for Modern Trade template demo
Sahara HVAC of North Richland Hills,HVAC,North Richland Hills,TX,Texas,"3968 1st Ave, North Richland Hills, TX 60313",(325) 219-9532,True,,0.74,57,sweep_v25,2026-06-06T04:42:54.737001,Target for Modern Trade template demo
Patriot Heating & Cooling of Yonkers,HVAC,Yonkers,NY,New York,"6537 Market St, Yonkers, NY 13399",(315) 751-3611,False,,0.83,92,sweep_v25,2026-06-06T04:42:54.737045,Target for Modern Trade template demo
Master Richardson Roofing Company,Roofing,Richardson,TX,Texas,"5020 Highland Ave, Richardson, TX 30312",(512) 200-3212,False,,0.71,93,sweep_v25,2026-06-06T04:42:54.737088,Target for Modern Trade template demo
Top Temperature Control of Buffalo,HVAC,Buffalo,NY,New York,"4434 Enterprise Rd, Buffalo, NY 52538",(646) 483-7977,True,,0.9,49,sweep_v25,2026-06-06T04:42:54.737130,Target for Modern Trade template demo
House of Rosenberg BBQ & Grill,Restaurant,Rosenberg,TX,Texas,"2088 Highland Ave, Rosenberg, TX 20115",(361) 662-7169,False,,0.83,84,sweep_v25,2026-06-06T04:42:54.737173,Target for Elegant Food template demo
Gulf Roofing Solutions of Victoria,Roofing,Victoria,TX,Texas,"4609 Technology Dr, Victoria, TX 42009",(254) 482-1086,True,,0.83,61,sweep_v25,2026-06-06T04:42:54.737242,Target for Modern Trade template demo
Cool Temple Heating & Cooling,HVAC,Temple,TX,Texas,"5094 Center St, Temple, TX 99921",(940) 446-1504,False,,0.77,96,sweep_v25,2026-06-06T04:42:54.737291,Target for Modern Trade template demo
One Italian Kitchen,Restaurant,Sierra Vista,AZ,Arizona,"5908 3rd St, Sierra Vista, AZ 23806",(928) 214-1833,False,,0.75,89,sweep_v25,2026-06-06T04:42:54.737335,Target for Elegant Food template demo
ABC Climate Control of Prescott,HVAC,Prescott,AZ,Arizona,"6135 Washington Blvd, Prescott, AZ 93569",(623) 288-6138,False,,0.94,91,sweep_v25,2026-06-06T04:42:54.737377,Target for Modern Trade template demo
Pro Exteriors of Avondale,Roofing,Avondale,AZ,Arizona,"1093 Oak Ave, Avondale, AZ 34620",(623) 860-3855,True,,0.84,50,sweep_v25,2026-06-06T04:42:54.737420,Target for Modern Trade template demo
Top Yonkers Roof Specialists,Roofing,Yonkers,NY,New York,"4193 Technology Dr, Yonkers, NY 19356",(845) 818-6635,True,,0.71,55,sweep_v25,2026-06-06T04:42:54.737462,Target for Modern Trade template demo
Arrow Galveston Air Systems,HVAC,Galveston,TX,Texas,"8280 3rd St, Galveston, TX 67130",(281) 242-8211,True,,0.76,53,sweep_v25,2026-06-06T04:42:54.737504,Target for Modern Trade template demo
Texas Air Conditioning & Heating of Parker,HVAC,Parker,AZ,Arizona,"5739 Madison Ave, Parker, AZ 96118",(623) 280-5234,False,,0.76,85,sweep_v25,2026-06-06T04:42:54.737546,Target for Modern Trade template demo
Mountain Heating & Air of Surprise,HVAC,Surprise,AZ,Arizona,"8778 Jefferson Dr, Surprise, AZ 77361",(623) 625-5228,False,,0.79,85,sweep_v25,2026-06-06T04:42:54.737588,Target for Modern Trade template demo
Blue Texas City Pizza & Pasta,Restaurant,Texas City,TX,Texas,"4787 Industrial Blvd, Texas City, TX 41623",(682) 677-9755,True,,0.77,49,sweep_v25,2026-06-06T04:42:54.737633,Target for Elegant Food template demo
Elite Grille,Restaurant,The Colony,TX,Texas,"3490 Main St, The Colony, TX 73144",(936) 970-7865,False,,0.86,93,sweep_v25,2026-06-06T04:42:54.737676,Target for Elegant Food template demo
Heritage Roofing Co. of San Luis,Roofing,San Luis,AZ,Arizona,"6292 Main St, San Luis, AZ 39516",(602) 202-8449,True,,0.71,61,sweep_v25,2026-06-06T04:42:54.737717,Target for Modern Trade template demo
Blue Tempe Bakery & Cafe,Restaurant,Tempe,AZ,Arizona,"1960 1st Ave, Tempe, AZ 56336",(480) 414-1640,True,,0.89,42,sweep_v25,2026-06-06T04:42:54.737762,Target for Elegant Food template demo
River Odessa Grille,Restaurant,Odessa,TX,Texas,"7807 Jackson Blvd, Odessa, TX 83598",(936) 435-5340,True,,0.64,47,sweep_v25,2026-06-06T04:42:54.737804,Target for Elegant Food template demo
Three Bisbee Diner,Restaurant,Bisbee,AZ,Arizona,"4869 River Rd, Bisbee, AZ 89051",(623) 489-2695,True,,0.67,40,sweep_v25,2026-06-06T04:42:54.737845,Target for Elegant Food template demo
Southwest Roofers of Prescott Valley,Roofing,Prescott Valley,AZ,Arizona,"2141 Highland Ave, Prescott Valley, AZ 65997",(928) 732-7172,False,,0.81,98,sweep_v25,2026-06-06T04:42:54.737889,Target for Modern Trade template demo
Five Mechanicville Kitchen,Restaurant,Mechanicville,NY,New York,"2306 Adams St, Mechanicville, NY 43210",(585) 993-1087,True,,0.84,37,sweep_v25,2026-06-06T04:42:54.737934,Target for Elegant Food template demo
Alpine Roofing Co. of Mission,Roofing,Mission,TX,Texas,"2170 Veterans Blvd, Mission, TX 44894",(214) 571-9055,True,,0.89,63,sweep_v25,2026-06-06T04:42:54.737976,Target for Modern Trade template demo
American Chino Valley Home Improvements,Roofing,Chino Valley,AZ,Arizona,"7288 Park Ave, Chino Valley, AZ 75347",(928) 837-1465,False,,0.85,96,sweep_v25,2026-06-06T04:42:54.738018,Target for Modern Trade template demo
Red HVAC of Amsterdam,HVAC,Amsterdam,NY,New York,"3386 Commerce St, Amsterdam, NY 56161",(646) 882-6904,True,,0.85,46,sweep_v25,2026-06-06T04:42:54.738062,Target for Modern Trade template demo
High Desert Climate Control of Huntsville,HVAC,Huntsville,TX,Texas,"6136 Madison Ave, Huntsville, TX 15905",(806) 499-2649,True,,0.77,53,sweep_v25,2026-06-06T04:42:54.738104,Target for Modern Trade template demo
Sunrise Abilene Air & Heating,HVAC,Abilene,TX,Texas,"2789 Business Park Dr, Abilene, TX 40270",(936) 729-5738,False,,0.86,91,sweep_v25,2026-06-06T04:42:54.738146,Target for Modern Trade template demo
Silver HVAC Solutions,HVAC,Page,AZ,Arizona,"8021 Sunset Blvd, Page, AZ 96558",(480) 754-3285,False,,0.85,86,sweep_v25,2026-06-06T04:42:54.738189,Target for Modern Trade template demo
Triple Edinburg BBQ & Grill,Restaurant,Edinburg,TX,Texas,"8669 Washington Blvd, Edinburg, TX 94779",(214) 293-5949,True,,0.64,55,sweep_v25,2026-06-06T04:42:54.738259,Target for Elegant Food template demo
Absolute Shingle & Siding of Cohoes,Roofing,Cohoes,NY,New York,"8863 Oak Ave, Cohoes, NY 80881",(929) 777-6508,False,,0.9,91,sweep_v25,2026-06-06T04:42:54.738304,Target for Modern Trade template demo
Golden Cooling Solutions of Rye,HVAC,Rye,NY,New York,"3114 Water St, Rye, NY 62916",(518) 200-1060,True,,0.68,46,sweep_v25,2026-06-06T04:42:54.738347,Target for Modern Trade template demo
Frontier Olean Air Systems,HVAC,Olean,NY,New York,"1818 Maple Dr, Olean, NY 20266",(212) 464-8885,False,,0.76,97,sweep_v25,2026-06-06T04:42:54.738389,Target for Modern Trade template demo
Valley Sushi Bar,Restaurant,Ogdensburg,NY,New York,"3398 Monroe Ave, Ogdensburg, NY 47221",(631) 365-7862,True,,0.67,45,sweep_v25,2026-06-06T04:42:54.738431,Target for Elegant Food template demo
Prime Mechanical of Mechanicville,HVAC,Mechanicville,NY,New York,"4044 Industrial Blvd, Mechanicville, NY 44006",(718) 418-2710,False,,0.79,84,sweep_v25,2026-06-06T04:42:54.738473,Target for Modern Trade template demo
House of Oro Valley Diner,Restaurant,Oro Valley,AZ,Arizona,"7925 Spring St, Oro Valley, AZ 36198",(623) 222-1003,False,,0.85,89,sweep_v25,2026-06-06T04:42:54.738516,Target for Elegant Food template demo
Top HVAC Solutions of Rome,HVAC,Rome,NY,New York,"2444 Innovation Blvd, Rome, NY 68795",(315) 861-4295,True,,0.64,48,sweep_v25,2026-06-06T04:42:54.738560,Target for Modern Trade template demo
Sky Albany Roofers,Roofing,Albany,NY,New York,"5252 Oak Ave, Albany, NY 42203",(585) 675-5850,False,,0.91,98,sweep_v25,2026-06-06T04:42:54.738602,Target for Modern Trade template demo
Service Climate Control of Southlake,HVAC,Southlake,TX,Texas,"283 Center St, Southlake, TX 45967",(432) 880-5925,True,,0.88,53,sweep_v25,2026-06-06T04:42:54.738644,Target for Modern Trade template demo
Casa Big Spring Restaurant,Restaurant,Big Spring,TX,Texas,"2405 Veterans Blvd, Big Spring, TX 91746",(512) 437-8825,False,,0.77,82,sweep_v25,2026-06-06T04:42:54.738686,Target for Elegant Food template demo
Express Climate Control of Keller,HVAC,Keller,TX,Texas,"9603 Center St, Keller, TX 32196",(817) 986-6613,False,,0.83,92,sweep_v25,2026-06-06T04:42:54.738769,Target for Modern Trade template demo
Golden Kitchen,Restaurant,Little Elm,TX,Texas,"2782 Maple Dr, Little Elm, TX 46996",(806) 239-8191,True,,0.63,40,sweep_v25,2026-06-06T04:42:54.738819,Target for Elegant Food template demo
Home El Paso HVAC Solutions,HVAC,El Paso,TX,Texas,"5733 Adams St, El Paso, TX 41094",(713) 836-9778,True,,0.89,49,sweep_v25,2026-06-06T04:42:54.738862,Target for Modern Trade template demo
Guardian Roofing,Roofing,Allen,TX,Texas,"8426 Oak Ave, Allen, TX 75930",(972) 899-1614,True,,0.66,60,sweep_v25,2026-06-06T04:42:54.738904,Target for Modern Trade template demo
Midtown Little Falls Italian Kitchen,Restaurant,Little Falls,NY,New York,"4736 Lake Dr, Little Falls, NY 27823",(646) 765-4200,False,,0.79,81,sweep_v25,2026-06-06T04:42:54.738951,Target for Elegant Food template demo
Noble North Tonawanda Home Improvements,Roofing,North Tonawanda,NY,New York,"1354 Main St, North Tonawanda, NY 59670",(212) 692-3075,True,,0.74,53,sweep_v25,2026-06-06T04:42:54.738995,Target for Modern Trade template demo
Silver Service Experts of College Station,HVAC,College Station,TX,Texas,"418 Adams St, College Station, TX 57141",(940) 923-1921,True,,0.81,56,sweep_v25,2026-06-06T04:42:54.739039,Target for Modern Trade template demo
Little Dallas BBQ & Grill,Restaurant,Dallas,TX,Texas,"1938 Sunset Blvd, Dallas, TX 29950",(806) 734-7213,True,,0.82,54,sweep_v25,2026-06-06T04:42:54.739080,Target for Elegant Food template demo
Quality Chandler Air Conditioning,HVAC,Chandler,AZ,Arizona,"4225 Lake Dr, Chandler, AZ 46246",(480) 504-8051,False,,0.81,89,sweep_v25,2026-06-06T04:42:54.739122,Target for Modern Trade template demo
Santa Fe Jamestown BBQ & Grill,Restaurant,Jamestown,NY,New York,"7651 Church St, Jamestown, NY 64335",(716) 748-8017,False,,0.73,92,sweep_v25,2026-06-06T04:42:54.739164,Target for Elegant Food template demo
West Air Systems of Elmira,HVAC,Elmira,NY,New York,"4692 Jackson Blvd, Elmira, NY 78916",(607) 609-9558,False,,0.91,89,sweep_v25,2026-06-06T04:42:54.739229,Target for Modern Trade template demo
Cool HVAC of Peoria,HVAC,Peoria,AZ,Arizona,"7120 Adams St, Peoria, AZ 67613",(602) 844-2528,True,,0.62,47,sweep_v25,2026-06-06T04:42:54.739278,Target for Modern Trade template demo
Green Air Conditioning & Heating,HVAC,Yuma,AZ,Arizona,"3291 School St, Yuma, AZ 48531",(480) 458-9785,False,,0.72,96,sweep_v25,2026-06-06T04:42:54.739321,Target for Modern Trade template demo
Reliable New York City Temperature Control,HVAC,New York City,NY,New York,"9912 Church St, New York City, NY 69814",(518) 773-4189,True,,0.84,52,sweep_v25,2026-06-06T04:42:54.739363,Target for Modern Trade template demo
National HVAC of Carrollton,HVAC,Carrollton,TX,Texas,"7532 Hamilton Ave, Carrollton, TX 91743",(325) 378-3353,True,,0.89,49,sweep_v25,2026-06-06T04:42:54.739406,Target for Modern Trade template demo
Bella Kitchen,Restaurant,Saratoga Springs,NY,New York,"4096 Valley Blvd, Saratoga Springs, NY 40283",(917) 420-6065,True,,0.75,50,sweep_v25,2026-06-06T04:42:54.739451,Target for Elegant Food template demo
Signature Metal Roofing of Troy,Roofing,Troy,NY,New York,"9510 Cedar Ln, Troy, NY 97039",(607) 807-9456,True,,0.73,53,sweep_v25,2026-06-06T04:42:54.739493,Target for Modern Trade template demo
Southwest HVAC Solutions,HVAC,Coppell,TX,Texas,"5316 Veterans Blvd, Coppell, TX 32295",(806) 962-2035,False,,0.9,92,sweep_v25,2026-06-06T04:42:54.739535,Target for Modern Trade template demo
Heritage Climate Control,HVAC,Hornell,NY,New York,"4075 Jefferson Dr, Hornell, NY 17539",(929) 291-9123,False,,0.92,97,sweep_v25,2026-06-06T04:42:54.739576,Target for Modern Trade template demo
Green Air Conditioning & Heating,HVAC,Pflugerville,TX,Texas,"5640 River Rd, Pflugerville, TX 42087",(432) 617-7678,False,,0.91,90,sweep_v25,2026-06-06T04:42:54.739617,Target for Modern Trade template demo
Valley Service Experts of Jamestown,HVAC,Jamestown,NY,New York,"1784 Lake Dr, Jamestown, NY 97588",(646) 647-8347,False,,0.88,82,sweep_v25,2026-06-06T04:42:54.739659,Target for Modern Trade template demo
Silver Roof & Gutter,Roofing,Hudson,NY,New York,"9248 Enterprise Rd, Hudson, NY 39086",(646) 727-1621,False,,0.81,91,sweep_v25,2026-06-06T04:42:54.739701,Target for Modern Trade template demo
Harvest Taqueria,Restaurant,White Plains,NY,New York,"5277 River Rd, White Plains, NY 46844",(646) 515-1308,True,,0.73,44,sweep_v25,2026-06-06T04:42:54.739743,Target for Elegant Food template demo
Fork & Mission Italian Kitchen,Restaurant,Mission,TX,Texas,"4923 State St, Mission, TX 42622",(409) 962-8114,True,,0.76,51,sweep_v25,2026-06-06T04:42:54.739785,Target for Elegant Food template demo
Shield Roofing of Wickenburg,Roofing,Wickenburg,AZ,Arizona,"4933 Water St, Wickenburg, AZ 61869",(520) 535-8350,False,,0.9,94,sweep_v25,2026-06-06T04:42:54.739829,Target for Modern Trade template demo
Royal Holbrook Roofing Company,Roofing,Holbrook,AZ,Arizona,"8801 Hill St, Holbrook, AZ 70733",(928) 767-1930,False,,0.93,100,sweep_v25,2026-06-06T04:42:54.739872,Target for Modern Trade template demo
Victory Roofing Solutions of Pflugerville,Roofing,Pflugerville,TX,Texas,"1362 Market St, Pflugerville, TX 51522",(210) 630-3793,True,,0.76,64,sweep_v25,2026-06-06T04:42:54.739914,Target for Modern Trade template demo
Valley Temperature Control of Conroe,HVAC,Conroe,TX,Texas,"5869 Highland Ave, Conroe, TX 37538",(214) 997-2598,False,,0.83,86,sweep_v25,2026-06-06T04:42:54.739960,Target for Modern Trade template demo
Gulf Home Improvements of Pearland,Roofing,Pearland,TX,Texas,"8467 Oak Ave, Pearland, TX 96318",(325) 840-2566,False,,0.76,95,sweep_v25,2026-06-06T04:42:54.740001,Target for Modern Trade template demo
Gulf Mechanical of Kyle,HVAC,Kyle,TX,Texas,"2024 Broadway, Kyle, TX 76192",(972) 880-5678,False,,0.79,85,sweep_v25,2026-06-06T04:42:54.740043,Target for Modern Trade template demo
Olive Norwich BBQ & Grill,Restaurant,Norwich,NY,New York,"6798 Madison Ave, Norwich, NY 45254",(315) 600-4036,True,,0.72,46,sweep_v25,2026-06-06T04:42:54.740086,Target for Elegant Food template demo
Central Roof Specialists of Apache Junction,Roofing,Apache Junction,AZ,Arizona,"769 Hamilton Ave, Apache Junction, AZ 96189",(480) 803-8414,False,,0.82,100,sweep_v25,2026-06-06T04:42:54.740128,Target for Modern Trade template demo
Boss Tonawanda Roofing Services,Roofing,Tonawanda,NY,New York,"5352 Broadway, Tonawanda, NY 15562",(718) 310-5914,True,,0.77,50,sweep_v25,2026-06-06T04:42:54.740169,Target for Modern Trade template demo
First Coppell Taqueria,Restaurant,Coppell,TX,Texas,"3516 Veterans Blvd, Coppell, TX 77726",(512) 861-6122,False,,0.85,92,sweep_v25,2026-06-06T04:42:54.740235,Target for Elegant Food template demo
Tough Roofers,Roofing,White Plains,NY,New York,"1458 Commerce St, White Plains, NY 50938",(516) 846-2999,True,,0.85,57,sweep_v25,2026-06-06T04:42:54.740281,Target for Modern Trade template demo
La Bistro & Bar,Restaurant,North Richland Hills,TX,Texas,"141 Highland Ave, North Richland Hills, TX 89733",(469) 973-5916,True,,0.66,43,sweep_v25,2026-06-06T04:42:54.740328,Target for Elegant Food template demo
Piazza Diner,Restaurant,Denton,TX,Texas,"1745 Hamilton Ave, Denton, TX 79205",(903) 460-3171,False,,0.82,88,sweep_v25,2026-06-06T04:42:54.740370,Target for Elegant Food template demo
Eagle Corpus Christi Roofing Services,Roofing,Corpus Christi,TX,Texas,"3861 River Rd, Corpus Christi, TX 76886",(214) 734-6533,True,,0.82,64,sweep_v25,2026-06-06T04:42:54.740412,Target for Modern Trade template demo
American Bedford Cooling & Heating,HVAC,Bedford,TX,Texas,"2464 Valley Blvd, Bedford, TX 98599",(830) 541-5171,True,,0.72,50,sweep_v25,2026-06-06T04:42:54.740454,Target for Modern Trade template demo
Home AC & Heating of Casa Grande,HVAC,Casa Grande,AZ,Arizona,"5728 Innovation Blvd, Casa Grande, AZ 85689",(520) 275-4518,False,,0.89,97,sweep_v25,2026-06-06T04:42:54.740498,Target for Modern Trade template demo
Red Fort Worth Grille,Restaurant,Fort Worth,TX,Texas,"3993 Center St, Fort Worth, TX 43069",(979) 322-3734,False,,0.89,84,sweep_v25,2026-06-06T04:42:54.740540,Target for Elegant Food template demo
Valley Mexican Grill,Restaurant,Clifton,AZ,Arizona,"2303 Elm St, Clifton, AZ 53829",(520) 913-9934,False,,0.73,81,sweep_v25,2026-06-06T04:42:54.740583,Target for Elegant Food template demo
National Climate Control,HVAC,Del Rio,TX,Texas,"3835 Church St, Del Rio, TX 29443",(281) 391-2023,False,,0.84,87,sweep_v25,2026-06-06T04:42:54.740624,Target for Modern Trade template demo
West Heating & Cooling of Amarillo,HVAC,Amarillo,TX,Texas,"182 Highland Ave, Amarillo, TX 79705",(281) 341-8159,True,,0.86,51,sweep_v25,2026-06-06T04:42:54.740666,Target for Modern Trade template demo
Five Star Roofing Contractors of Conroe,Roofing,Conroe,TX,Texas,"7966 Broadway, Conroe, TX 98233",(806) 359-8152,True,,0.74,52,sweep_v25,2026-06-06T04:42:54.740708,Target for Modern Trade template demo
Royal Allen Sushi Bar,Restaurant,Allen,TX,Texas,"1144 Lincoln Ave, Allen, TX 22973",(281) 937-3147,True,,0.73,50,sweep_v25,2026-06-06T04:42:54.740751,Target for Elegant Food template demo
Advanced Paris Roofing,Roofing,Paris,TX,Texas,"3665 1st Ave, Paris, TX 45009",(325) 580-3831,True,,0.86,53,sweep_v25,2026-06-06T04:42:54.740793,Target for Modern Trade template demo
New Taqueria,Restaurant,Round Rock,TX,Texas,"3254 Cedar Ln, Round Rock, TX 33699",(512) 622-5343,False,,0.71,87,sweep_v25,2026-06-06T04:42:54.740834,Target for Elegant Food template demo
Grand Greenville Diner,Restaurant,Greenville,TX,Texas,"9564 River Rd, Greenville, TX 12851",(409) 369-4725,False,,0.89,95,sweep_v25,2026-06-06T04:42:54.740876,Target for Elegant Food template demo
Lone Star Roofing & Construction of Little Elm,Roofing,Little Elm,TX,Texas,"6747 Cedar Ln, Little Elm, TX 53028",(817) 246-7549,True,,0.64,63,sweep_v25,2026-06-06T04:42:54.740918,Target for Modern Trade template demo
Summit Missouri City Steakhouse,Restaurant,Missouri City,TX,Texas,"1714 Church St, Missouri City, TX 92892",(214) 808-9793,True,,0.79,42,sweep_v25,2026-06-06T04:42:54.740964,Target for Elegant Food template demo
Rescue Roof & Gutter of Ogdensburg,Roofing,Ogdensburg,NY,New York,"5348 Sunset Blvd, Ogdensburg, NY 77184",(347) 577-5328,True,,0.64,54,sweep_v25,2026-06-06T04:42:54.741006,Target for Modern Trade template demo
Secure Construction & Roofing,Roofing,Rome,NY,New York,"1526 Lincoln Ave, Rome, NY 28464",(347) 454-1465,True,,0.83,48,sweep_v25,2026-06-06T04:42:54.741048,Target for Modern Trade template demo
Paradise Mount Vernon BBQ & Grill,Restaurant,Mount Vernon,NY,New York,"5017 State St, Mount Vernon, NY 17991",(516) 777-4301,False,,0.84,91,sweep_v25,2026-06-06T04:42:54.741090,Target for Elegant Food template demo
Seven Chino Valley Restaurant,Restaurant,Chino Valley,AZ,Arizona,"4898 Jackson Blvd, Chino Valley, AZ 85245",(623) 217-9657,False,,0.89,83,sweep_v25,2026-06-06T04:42:54.741133,Target for Elegant Food template demo
Absolute Exteriors of Middletown,Roofing,Middletown,NY,New York,"331 Madison Ave, Middletown, NY 81444",(716) 641-6604,False,,0.84,96,sweep_v25,2026-06-06T04:42:54.741176,Target for Modern Trade template demo
Salt Schenectady Sushi Bar,Restaurant,Schenectady,NY,New York,"4785 Lincoln Ave, Schenectady, NY 21489",(716) 462-6912,False,,0.75,88,sweep_v25,2026-06-06T04:42:54.741240,Target for Elegant Food template demo
National AC & Heating of Rochester,HVAC,Rochester,NY,New York,"7844 Park Ave, Rochester, NY 24726",(607) 393-3327,True,,0.67,54,sweep_v25,2026-06-06T04:42:54.741285,Target for Modern Trade template demo
Alpine Roofing Services,Roofing,Norwich,NY,New York,"9073 Spring St, Norwich, NY 32906",(917) 918-8550,False,,0.92,90,sweep_v25,2026-06-06T04:42:54.741328,Target for Modern Trade template demo
Express Newburgh Shingle & Siding,Roofing,Newburgh,NY,New York,"525 Franklin St, Newburgh, NY 40771",(716) 417-4510,False,,0.71,89,sweep_v25,2026-06-06T04:42:54.741370,Target for Modern Trade template demo
Vista Metal Roofing,Roofing,Scottsdale,AZ,Arizona,"9771 Innovation Blvd, Scottsdale, AZ 40834",(928) 396-9389,False,,0.79,90,sweep_v25,2026-06-06T04:42:54.741412,Target for Modern Trade template demo
Union Grille,Restaurant,Niagara Falls,NY,New York,"1125 Adams St, Niagara Falls, NY 84798",(917) 550-5976,True,,0.76,48,sweep_v25,2026-06-06T04:42:54.741456,Target for Elegant Food template demo
Patriot Heating & Cooling,HVAC,Brownsville,TX,Texas,"8394 Hill St, Brownsville, TX 27111",(682) 511-1312,False,,0.77,88,sweep_v25,2026-06-06T04:42:54.741498,Target for Modern Trade template demo
Five Star Roofing Contractors,Roofing,Watertown,NY,New York,"2757 Washington Blvd, Watertown, NY 88691",(917) 293-2737,True,,0.63,60,sweep_v25,2026-06-06T04:42:54.741540,Target for Modern Trade template demo
Port Bakery & Cafe,Restaurant,Prescott,AZ,Arizona,"8590 Lincoln Ave, Prescott, AZ 20940",(520) 629-3534,True,,0.74,38,sweep_v25,2026-06-06T04:42:54.741582,Target for Elegant Food template demo
Right HVAC Solutions,HVAC,Little Elm,TX,Texas,"9557 Enterprise Rd, Little Elm, TX 67172",(432) 419-4438,False,,0.79,86,sweep_v25,2026-06-06T04:42:54.741626,Target for Modern Trade template demo
Tough Roof & Gutter of Nogales,Roofing,Nogales,AZ,Arizona,"6251 Park Ave, Nogales, AZ 16128",(623) 760-7086,True,,0.78,53,sweep_v25,2026-06-06T04:42:54.741668,Target for Modern Trade template demo
Market Bistro & Bar,Restaurant,Salamanca,NY,New York,"776 Hill St, Salamanca, NY 13694",(718) 231-7349,False,,0.76,82,sweep_v25,2026-06-06T04:42:54.741710,Target for Elegant Food template demo
Central AC & Heating,HVAC,Euless,TX,Texas,"8508 Adams St, Euless, TX 21119",(806) 903-3397,False,,0.77,95,sweep_v25,2026-06-06T04:42:54.741751,Target for Modern Trade template demo
Town Carrollton Bakery & Cafe,Restaurant,Carrollton,TX,Texas,"1966 Adams St, Carrollton, TX 36598",(214) 604-5722,True,,0.83,40,sweep_v25,2026-06-06T04:42:54.741795,Target for Elegant Food template demo
West San Marcos Cafe & Grill,Restaurant,San Marcos,TX,Texas,"5226 Water St, San Marcos, TX 98999",(713) 338-4423,True,,0.78,52,sweep_v25,2026-06-06T04:42:54.741837,Target for Elegant Food template demo
Southwest Metal Roofing of Farmers Branch,Roofing,Farmers Branch,TX,Texas,"1855 Cedar Ln, Farmers Branch, TX 46257",(432) 780-6829,False,,0.75,95,sweep_v25,2026-06-06T04:42:54.741879,Target for Modern Trade template demo
Pinnacle Bedford Roofing Solutions,Roofing,Bedford,TX,Texas,"6292 Hill St, Bedford, TX 89103",(830) 791-7931,False,,0.88,92,sweep_v25,2026-06-06T04:42:54.741920,Target for Modern Trade template demo
First Harlingen BBQ & Grill,Restaurant,Harlingen,TX,Texas,"8827 Maple Dr, Harlingen, TX 98903",(254) 931-8768,True,,0.67,53,sweep_v25,2026-06-06T04:42:54.741965,Target for Elegant Food template demo
Town Pizzeria,Restaurant,Oswego,NY,New York,"2644 Broadway, Oswego, NY 14901",(646) 500-6023,True,,0.66,41,sweep_v25,2026-06-06T04:42:54.742007,Target for Elegant Food template demo
Desert Allen Climate Control,HVAC,Allen,TX,Texas,"1165 Sunset Blvd, Allen, TX 83075",(254) 963-4195,False,,0.73,85,sweep_v25,2026-06-06T04:42:54.742050,Target for Modern Trade template demo
Elite Grand Prairie Air Conditioning & Heating,HVAC,Grand Prairie,TX,Texas,"2988 Washington Blvd, Grand Prairie, TX 97001",(713) 658-3620,True,,0.79,56,sweep_v25,2026-06-06T04:42:54.742092,Target for Modern Trade template demo
Patriot Air Conditioning,HVAC,DeSoto,TX,Texas,"1540 2nd St, DeSoto, TX 81254",(713) 259-5580,True,,0.87,49,sweep_v25,2026-06-06T04:42:54.742133,Target for Modern Trade template demo
Home Air Systems of Mesquite,HVAC,Mesquite,TX,Texas,"1106 Water St, Mesquite, TX 50734",(903) 805-4153,False,,0.78,88,sweep_v25,2026-06-06T04:42:54.742174,Target for Modern Trade template demo
Western Paradise Valley Roofing Co.,Roofing,Paradise Valley,AZ,Arizona,"8796 Veterans Blvd, Paradise Valley, AZ 21727",(623) 568-3596,False,,0.82,97,sweep_v25,2026-06-06T04:42:54.742241,Target for Modern Trade template demo
El Georgetown Steakhouse,Restaurant,Georgetown,TX,Texas,"5691 State St, Georgetown, TX 45178",(254) 552-5325,True,,0.65,44,sweep_v25,2026-06-06T04:42:54.742289,Target for Elegant Food template demo
El Lancaster Eatery,Restaurant,Lancaster,TX,Texas,"5580 Madison Ave, Lancaster, TX 61293",(940) 749-3272,True,,0.72,54,sweep_v25,2026-06-06T04:42:54.742331,Target for Elegant Food template demo
Pacific Roofers of Sherman,Roofing,Sherman,TX,Texas,"3632 Highland Ave, Sherman, TX 51351",(469) 915-3075,True,,0.8,56,sweep_v25,2026-06-06T04:42:54.742374,Target for Modern Trade template demo
West Lewisville HVAC Solutions,HVAC,Lewisville,TX,Texas,"7301 Monroe Ave, Lewisville, TX 28303",(210) 870-8266,True,,0.73,47,sweep_v25,2026-06-06T04:42:54.742416,Target for Modern Trade template demo
Sun Hurst Italian Kitchen,Restaurant,Hurst,TX,Texas,"6122 Technology Dr, Hurst, TX 38868",(469) 720-1116,False,,0.73,91,sweep_v25,2026-06-06T04:42:54.742460,Target for Elegant Food template demo
Silver Comfort Systems of Midland,HVAC,Midland,TX,Texas,"2604 Lincoln Ave, Midland, TX 74695",(512) 742-4908,False,,0.94,88,sweep_v25,2026-06-06T04:42:54.742503,Target for Modern Trade template demo
King Roof Specialists of Florence,Roofing,Florence,AZ,Arizona,"5710 Veterans Blvd, Florence, AZ 61488",(928) 501-3935,False,,0.85,100,sweep_v25,2026-06-06T04:42:54.742545,Target for Modern Trade template demo
Top Utica Eatery,Restaurant,Utica,NY,New York,"2983 Main St, Utica, NY 93022",(718) 709-2089,True,,0.75,42,sweep_v25,2026-06-06T04:42:54.742587,Target for Elegant Food template demo
Triple Plattsburgh Diner,Restaurant,Plattsburgh,NY,New York,"2221 Elm St, Plattsburgh, NY 75861",(347) 257-1502,True,,0.67,39,sweep_v25,2026-06-06T04:42:54.742631,Target for Elegant Food template demo
Silver Casa Grande BBQ & Grill,Restaurant,Casa Grande,AZ,Arizona,"9787 Washington Blvd, Casa Grande, AZ 59684",(602) 897-1175,False,,0.95,93,sweep_v25,2026-06-06T04:42:54.742674,Target for Elegant Food template demo
Iron New Rochelle Heating & Air,HVAC,New Rochelle,NY,New York,"3858 School St, New Rochelle, NY 70478",(845) 652-5948,True,,0.81,50,sweep_v25,2026-06-06T04:42:54.742716,Target for Modern Trade template demo
Golden Bistro & Bar,Restaurant,Page,AZ,Arizona,"7827 Spring St, Page, AZ 84541",(520) 441-2968,True,,0.62,45,sweep_v25,2026-06-06T04:42:54.742794,Target for Elegant Food template demo
Castle Amsterdam Roofing & Construction,Roofing,Amsterdam,NY,New York,"6669 Hill St, Amsterdam, NY 95095",(631) 308-3894,False,,0.82,96,sweep_v25,2026-06-06T04:42:54.742839,Target for Modern Trade template demo
Theo's League City Deli & Market,Restaurant,League City,TX,Texas,"1842 Washington Blvd, League City, TX 67565",(469) 236-9576,True,,0.83,50,sweep_v25,2026-06-06T04:42:54.742882,Target for Elegant Food template demo
Empire Mechanical,HVAC,Scottsdale,AZ,Arizona,"4278 Technology Dr, Scottsdale, AZ 66052",(928) 329-8792,False,,0.87,97,sweep_v25,2026-06-06T04:42:54.742928,Target for Modern Trade template demo
Signature Huntsville Home Improvements,Roofing,Huntsville,TX,Texas,"9590 Sunset Blvd, Huntsville, TX 57016",(409) 630-1550,False,,0.89,91,sweep_v25,2026-06-06T04:42:54.742972,Target for Modern Trade template demo
Southwest Kitchen,Restaurant,Conroe,TX,Texas,"4619 Cedar Ln, Conroe, TX 98931",(409) 251-1765,True,,0.73,40,sweep_v25,2026-06-06T04:42:54.743014,Target for Elegant Food template demo
Lifetime Show Low Shingle & Siding,Roofing,Show Low,AZ,Arizona,"2696 Veterans Blvd, Show Low, AZ 43168",(520) 932-5124,True,,0.64,58,sweep_v25,2026-06-06T04:42:54.743057,Target for Modern Trade template demo
First Metal Roofing of Rochester,Roofing,Rochester,NY,New York,"1725 Business Park Dr, Rochester, NY 87197",(914) 247-8289,True,,0.74,53,sweep_v25,2026-06-06T04:42:54.743100,Target for Modern Trade template demo
Climate Stephenville Heating & Air,HVAC,Stephenville,TX,Texas,"7229 Jefferson Dr, Stephenville, TX 78211",(469) 248-8941,False,,0.9,89,sweep_v25,2026-06-06T04:42:54.743142,Target for Modern Trade template demo
Market Corning Taqueria,Restaurant,Corning,NY,New York,"7448 Hill St, Corning, NY 92281",(518) 901-5752,False,,0.74,87,sweep_v25,2026-06-06T04:42:54.743184,Target for Elegant Food template demo
Green Burleson Steakhouse,Restaurant,Burleson,TX,Texas,"6786 State St, Burleson, TX 27563",(830) 697-7795,False,,0.72,91,sweep_v25,2026-06-06T04:42:54.743250,Target for Elegant Food template demo
Reliable Shingle & Siding of Arlington,Roofing,Arlington,TX,Texas,"1547 Enterprise Rd, Arlington, TX 59513",(979) 818-3312,False,,0.88,98,sweep_v25,2026-06-06T04:42:54.743295,Target for Modern Trade template demo
Western Roofing Contractors of Lubbock,Roofing,Lubbock,TX,Texas,"4649 Sunset Blvd, Lubbock, TX 69443",(806) 943-5471,True,,0.69,61,sweep_v25,2026-06-06T04:42:54.743338,Target for Modern Trade template demo
Golden Grapevine Italian Kitchen,Restaurant,Grapevine,TX,Texas,"3930 Franklin St, Grapevine, TX 68945",(325) 843-3889,True,,0.66,43,sweep_v25,2026-06-06T04:42:54.743380,Target for Elegant Food template demo
Elite Diner,Restaurant,New Braunfels,TX,Texas,"2924 Water St, New Braunfels, TX 93401",(325) 694-8277,True,,0.77,42,sweep_v25,2026-06-06T04:42:54.743425,Target for Elegant Food template demo
Climate Service Experts of Buckeye,HVAC,Buckeye,AZ,Arizona,"8541 State St, Buckeye, AZ 80475",(480) 217-2244,False,,0.81,87,sweep_v25,2026-06-06T04:42:54.743466,Target for Modern Trade template demo
Pro Roofing Services of Rye,Roofing,Rye,NY,New York,"1055 3rd St, Rye, NY 42498",(516) 559-5909,True,,0.62,60,sweep_v25,2026-06-06T04:42:54.743509,Target for Modern Trade template demo
Copper Haltom City Steakhouse,Restaurant,Haltom City,TX,Texas,"9065 Enterprise Rd, Haltom City, TX 91447",(737) 888-8636,False,,0.79,80,sweep_v25,2026-06-06T04:42:54.743550,Target for Elegant Food template demo
Harbor Pizzeria,Restaurant,Sugar Land,TX,Texas,"1530 Spring St, Sugar Land, TX 14826",(361) 610-5949,True,,0.82,55,sweep_v25,2026-06-06T04:42:54.743592,Target for Elegant Food template demo
American Newburgh Heating & Air,HVAC,Newburgh,NY,New York,"3100 Franklin St, Newburgh, NY 32532",(347) 671-1611,True,,0.61,53,sweep_v25,2026-06-06T04:42:54.743633,Target for Modern Trade template demo
Five Star AC & Heating of San Luis,HVAC,San Luis,AZ,Arizona,"3293 Center St, San Luis, AZ 20350",(928) 358-6278,False,,0.76,86,sweep_v25,2026-06-06T04:42:54.743675,Target for Modern Trade template demo
Payless Air & Heating,HVAC,Salamanca,NY,New York,"5452 Spring St, Salamanca, NY 99580",(347) 706-1486,True,,0.66,53,sweep_v25,2026-06-06T04:42:54.743717,Target for Modern Trade template demo
Desert Heating & Air,HVAC,Paradise Valley,AZ,Arizona,"2216 Main St, Paradise Valley, AZ 33621",(520) 858-7530,False,,0.86,98,sweep_v25,2026-06-06T04:42:54.743761,Target for Modern Trade template demo
Desert Yuma Roof & Gutter,Roofing,Yuma,AZ,Arizona,"4567 Jackson Blvd, Yuma, AZ 87434",(623) 447-1339,False,,0.86,100,sweep_v25,2026-06-06T04:42:54.743803,Target for Modern Trade template demo
One Syracuse BBQ & Grill,Restaurant,Syracuse,NY,New York,"2378 Park Ave, Syracuse, NY 89044",(585) 690-6571,False,,0.94,88,sweep_v25,2026-06-06T04:42:54.743846,Target for Elegant Food template demo
Sun Austin Cafe & Grill,Restaurant,Austin,TX,Texas,"3147 2nd St, Austin, TX 34418",(325) 961-3423,False,,0.7,86,sweep_v25,2026-06-06T04:42:54.743888,Target for Elegant Food template demo
Traditions Elmira Bistro & Bar,Restaurant,Elmira,NY,New York,"6868 Technology Dr, Elmira, NY 76377",(607) 894-5305,True,,0.69,44,sweep_v25,2026-06-06T04:42:54.743934,Target for Elegant Food template demo
Texas Roofing Company of Tolleson,Roofing,Tolleson,AZ,Arizona,"9397 3rd St, Tolleson, AZ 20986",(623) 321-1206,True,,0.77,60,sweep_v25,2026-06-06T04:42:54.743976,Target for Modern Trade template demo
Olive Pizzeria,Restaurant,Avondale,AZ,Arizona,"1098 Washington Blvd, Avondale, AZ 75100",(480) 507-2906,True,,0.66,51,sweep_v25,2026-06-06T04:42:54.744017,Target for Elegant Food template demo
Southwest Corpus Christi Taqueria,Restaurant,Corpus Christi,TX,Texas,"7573 Madison Ave, Corpus Christi, TX 84508",(726) 720-1710,True,,0.84,51,sweep_v25,2026-06-06T04:42:54.744059,Target for Elegant Food template demo
Metal Roofing of Fort Worth,Roofing,Fort Worth,TX,Texas,"8095 Market St, Fort Worth, TX 80435",(432) 966-9739,True,,0.84,60,sweep_v25,2026-06-06T04:42:54.744100,Target for Modern Trade template demo
All-Pro Air & Heating,HVAC,Fulton,NY,New York,"6254 Center St, Fulton, NY 32605",(607) 257-7977,False,,0.77,89,sweep_v25,2026-06-06T04:42:54.744143,Target for Modern Trade template demo
Port Pizza & Pasta,Restaurant,Pharr,TX,Texas,"1629 Market St, Pharr, TX 66505",(432) 853-1873,False,,0.82,82,sweep_v25,2026-06-06T04:42:54.744184,Target for Elegant Food template demo
Sunrise Mechanical of Ithaca,HVAC,Ithaca,NY,New York,"8187 Sunset Blvd, Ithaca, NY 62195",(585) 559-4501,False,,0.72,96,sweep_v25,2026-06-06T04:42:54.744250,Target for Modern Trade template demo
Union Newburgh Bistro & Bar,Restaurant,Newburgh,NY,New York,"490 Hamilton Ave, Newburgh, NY 99228",(585) 886-4131,False,,0.85,84,sweep_v25,2026-06-06T04:42:54.744296,Target for Elegant Food template demo
Total HVAC Services of San Marcos,HVAC,San Marcos,TX,Texas,"7799 River Rd, San Marcos, TX 96858",(254) 798-2925,True,,0.6,58,sweep_v25,2026-06-06T04:42:54.744339,Target for Modern Trade template demo
Arrow Hudson Heating & Cooling,HVAC,Hudson,NY,New York,"161 Adams St, Hudson, NY 10715",(607) 263-6035,False,,0.89,97,sweep_v25,2026-06-06T04:42:54.744383,Target for Modern Trade template demo
Weather Brownsville Roofing Solutions,Roofing,Brownsville,TX,Texas,"2615 Jefferson Dr, Brownsville, TX 26310",(817) 988-9746,True,,0.63,65,sweep_v25,2026-06-06T04:42:54.744425,Target for Modern Trade template demo
Integrity Richardson Comfort Systems,HVAC,Richardson,TX,Texas,"7453 Monroe Ave, Richardson, TX 51026",(936) 422-2937,True,,0.85,56,sweep_v25,2026-06-06T04:42:54.744466,Target for Modern Trade template demo
Atlas Heating & Cooling,HVAC,Sherman,TX,Texas,"9191 2nd St, Sherman, TX 50708",(281) 610-4911,True,,0.78,52,sweep_v25,2026-06-06T04:42:54.744508,Target for Modern Trade template demo
Main Brownsville Restaurant,Restaurant,Brownsville,TX,Texas,"7927 Center St, Brownsville, TX 60484",(940) 714-3048,False,,0.77,91,sweep_v25,2026-06-06T04:42:54.744550,Target for Elegant Food template demo
Master Roof & Gutter of Harlingen,Roofing,Harlingen,TX,Texas,"2546 Hamilton Ave, Harlingen, TX 22449",(737) 621-7034,True,,0.78,65,sweep_v25,2026-06-06T04:42:54.744592,Target for Modern Trade template demo
Olive Socorro Grille,Restaurant,Socorro,TX,Texas,"9742 State St, Socorro, TX 32846",(682) 952-8502,True,,0.77,50,sweep_v25,2026-06-06T04:42:54.744633,Target for Elegant Food template demo
Right Air Conditioning & Heating of Waco,HVAC,Waco,TX,Texas,"6469 2nd St, Waco, TX 41872",(281) 379-6668,False,,0.71,90,sweep_v25,2026-06-06T04:42:54.744675,Target for Modern Trade template demo
Norton HVAC,HVAC,Frisco,TX,Texas,"8479 Valley Blvd, Frisco, TX 57353",(409) 656-6302,True,,0.78,55,sweep_v25,2026-06-06T04:42:54.744717,Target for Modern Trade template demo
El Glens Falls Mexican Grill,Restaurant,Glens Falls,NY,New York,"3024 2nd St, Glens Falls, NY 51048",(929) 918-1407,True,,0.73,50,sweep_v25,2026-06-06T04:42:54.744759,Target for Elegant Food template demo
Tough Roof Specialists of DeSoto,Roofing,DeSoto,TX,Texas,"9880 Business Park Dr, DeSoto, TX 37084",(361) 290-6899,True,,0.76,57,sweep_v25,2026-06-06T04:42:54.744801,Target for Modern Trade template demo
State Apache Junction Diner,Restaurant,Apache Junction,AZ,Arizona,"7078 Adams St, Apache Junction, AZ 77986",(928) 628-2826,False,,0.81,80,sweep_v25,2026-06-06T04:42:54.744843,Target for Elegant Food template demo
Crown AC & Heating,HVAC,Glendale,AZ,Arizona,"5534 Industrial Blvd, Glendale, AZ 39943",(480) 564-4800,False,,0.74,97,sweep_v25,2026-06-06T04:42:54.744885,Target for Modern Trade template demo
Ridge Nacogdoches Roofing Contractors,Roofing,Nacogdoches,TX,Texas,"6374 Water St, Nacogdoches, TX 10146",(936) 773-1767,False,,0.86,100,sweep_v25,2026-06-06T04:42:54.744929,Target for Modern Trade template demo
White Air Systems of Tempe,HVAC,Tempe,AZ,Arizona,"1569 Veterans Blvd, Tempe, AZ 72398",(928) 942-9376,True,,0.68,52,sweep_v25,2026-06-06T04:42:54.744971,Target for Modern Trade template demo
Triple Plano Restaurant,Restaurant,Plano,TX,Texas,"7763 Main St, Plano, TX 10630",(432) 661-5140,False,,0.84,90,sweep_v25,2026-06-06T04:42:54.745015,Target for Elegant Food template demo
United Service Experts of Douglas,HVAC,Douglas,AZ,Arizona,"4828 Highland Ave, Douglas, AZ 54378",(520) 338-8020,False,,0.93,95,sweep_v25,2026-06-06T04:42:54.745057,Target for Modern Trade template demo
Vista Abilene Roofing Company,Roofing,Abilene,TX,Texas,"923 Hamilton Ave, Abilene, TX 54046",(726) 462-9269,False,,0.73,91,sweep_v25,2026-06-06T04:42:54.745098,Target for Modern Trade template demo
Mountain HVAC Services of New Braunfels,HVAC,New Braunfels,TX,Texas,"3956 Franklin St, New Braunfels, TX 62556",(254) 389-2067,True,,0.87,51,sweep_v25,2026-06-06T04:42:54.745143,Target for Modern Trade template demo
Embers BBQ & Grill,Restaurant,Southlake,TX,Texas,"3652 Spring St, Southlake, TX 50848",(940) 361-5374,True,,0.62,45,sweep_v25,2026-06-06T04:42:54.745185,Target for Elegant Food template demo
Original Restaurant,Restaurant,Kyle,TX,Texas,"4297 Veterans Blvd, Kyle, TX 65358",(915) 778-1441,False,,0.9,89,sweep_v25,2026-06-06T04:42:54.745253,Target for Elegant Food template demo
Triple Houston BBQ & Grill,Restaurant,Houston,TX,Texas,"1323 Adams St, Houston, TX 16928",(432) 687-7644,False,,0.94,95,sweep_v25,2026-06-06T04:42:54.745298,Target for Elegant Food template demo
Best Shingle & Siding of Safford,Roofing,Safford,AZ,Arizona,"833 Highland Ave, Safford, AZ 72761",(480) 399-4046,False,,0.79,91,sweep_v25,2026-06-06T04:42:54.745340,Target for Modern Trade template demo
Master Hornell Roofers,Roofing,Hornell,NY,New York,"5269 Jackson Blvd, Hornell, NY 96145",(315) 471-5891,False,,0.79,90,sweep_v25,2026-06-06T04:42:54.745382,Target for Modern Trade template demo
American Batavia AC & Heating,HVAC,Batavia,NY,New York,"5025 Highland Ave, Batavia, NY 67151",(917) 301-3191,False,,0.88,92,sweep_v25,2026-06-06T04:42:54.745424,Target for Modern Trade template demo
Universal Georgetown HVAC Services,HVAC,Georgetown,TX,Texas,"8400 Industrial Blvd, Georgetown, TX 35514",(409) 654-5418,False,,0.8,88,sweep_v25,2026-06-06T04:42:54.745466,Target for Modern Trade template demo
Triple Cafe & Grill,Restaurant,Abilene,TX,Texas,"1331 Adams St, Abilene, TX 81986",(817) 602-3403,False,,0.83,83,sweep_v25,2026-06-06T04:42:54.745508,Target for Elegant Food template demo
Red Texas City Temperature Control,HVAC,Texas City,TX,Texas,"5322 Hill St, Texas City, TX 33352",(432) 935-3167,False,,0.94,93,sweep_v25,2026-06-06T04:42:54.745550,Target for Modern Trade template demo
Pride Roofing Company of North Richland Hills,Roofing,North Richland Hills,TX,Texas,"9563 Elm St, North Richland Hills, TX 96209",(325) 207-4333,False,,0.92,100,sweep_v25,2026-06-06T04:42:54.745594,Target for Modern Trade template demo
Capital Climate Control of Haltom City,HVAC,Haltom City,TX,Texas,"2739 Park Ave, Haltom City, TX 65910",(936) 794-3016,True,,0.63,46,sweep_v25,2026-06-06T04:42:54.745636,Target for Modern Trade template demo
Crown Holbrook Service Experts,HVAC,Holbrook,AZ,Arizona,"7753 Adams St, Holbrook, AZ 34151",(602) 663-3101,False,,0.73,96,sweep_v25,2026-06-06T04:42:54.745679,Target for Modern Trade template demo
Empire Parker Exteriors,Roofing,Parker,AZ,Arizona,"9704 Washington Blvd, Parker, AZ 20188",(623) 432-6241,False,,0.91,94,sweep_v25,2026-06-06T04:42:54.745720,Target for Modern Trade template demo
Rapid Heating & Air of Denton,HVAC,Denton,TX,Texas,"5695 Adams St, Denton, TX 78877",(512) 749-1311,True,,0.82,51,sweep_v25,2026-06-06T04:42:54.745762,Target for Modern Trade template demo
Three Olean Sushi Bar,Restaurant,Olean,NY,New York,"5950 Lake Dr, Olean, NY 55790",(518) 381-5394,False,,0.88,89,sweep_v25,2026-06-06T04:42:54.745803,Target for Elegant Food template demo
Pine Bistro & Bar,Restaurant,Mesquite,TX,Texas,"9158 Highland Ave, Mesquite, TX 83010",(940) 365-9905,True,,0.8,46,sweep_v25,2026-06-06T04:42:54.745845,Target for Elegant Food template demo
Main Youngtown Grille,Restaurant,Youngtown,AZ,Arizona,"2136 Enterprise Rd, Youngtown, AZ 95035",(520) 510-3856,True,,0.67,43,sweep_v25,2026-06-06T04:42:54.745887,Target for Elegant Food template demo
Wild El Paso Sushi Bar,Restaurant,El Paso,TX,Texas,"6308 Water St, El Paso, TX 24910",(409) 750-5583,False,,0.85,89,sweep_v25,2026-06-06T04:42:54.745931,Target for Elegant Food template demo
Old Town Rensselaer Restaurant,Restaurant,Rensselaer,NY,New York,"8075 Maple Dr, Rensselaer, NY 87475",(347) 299-1201,True,,0.78,43,sweep_v25,2026-06-06T04:42:54.745973,Target for Elegant Food template demo
Right Massena Air & Heating,HVAC,Massena,NY,New York,"4495 Industrial Blvd, Massena, NY 59447",(518) 319-3437,False,,0.82,96,sweep_v25,2026-06-06T04:42:54.746016,Target for Modern Trade template demo
High Desert Air Systems,HVAC,Little Falls,NY,New York,"6758 Valley Blvd, Little Falls, NY 53139",(718) 318-6290,True,,0.73,47,sweep_v25,2026-06-06T04:42:54.746058,Target for Modern Trade template demo
Universal Cooling & Heating of Irving,HVAC,Irving,TX,Texas,"4786 Monroe Ave, Irving, TX 36876",(432) 672-8868,True,,0.9,59,sweep_v25,2026-06-06T04:42:54.746100,Target for Modern Trade template demo
Universal Mechanical of Paris,HVAC,Paris,TX,Texas,"728 Highland Ave, Paris, TX 41203",(936) 375-9253,False,,0.71,96,sweep_v25,2026-06-06T04:42:54.746143,Target for Modern Trade template demo
Clear Missouri City HVAC,HVAC,Missouri City,TX,Texas,"7283 Washington Blvd, Missouri City, TX 13295",(325) 485-3182,False,,0.94,89,sweep_v25,2026-06-06T04:42:54.746184,Target for Modern Trade template demo
Express Cooling & Heating,HVAC,Utica,NY,New York,"122 Innovation Blvd, Utica, NY 35510",(607) 881-9135,False,,0.82,88,sweep_v25,2026-06-06T04:42:54.746251,Target for Modern Trade template demo
King's Taqueria,Restaurant,Flower Mound,TX,Texas,"3294 Jefferson Dr, Flower Mound, TX 44830",(682) 805-3086,True,,0.6,47,sweep_v25,2026-06-06T04:42:54.746298,Target for Elegant Food template demo
Royal Arlington Air & Heating,HVAC,Arlington,TX,Texas,"2565 Commerce St, Arlington, TX 10207",(325) 239-5642,True,,0.9,46,sweep_v25,2026-06-06T04:42:54.746342,Target for Modern Trade template demo
Economy Roofing Services,Roofing,Batavia,NY,New York,"3653 State St, Batavia, NY 86114",(718) 541-1495,False,,0.82,89,sweep_v25,2026-06-06T04:42:54.746384,Target for Modern Trade template demo
Pro HVAC Services of Victoria,HVAC,Victoria,TX,Texas,"6462 Hamilton Ave, Victoria, TX 68128",(726) 485-9245,True,,0.8,48,sweep_v25,2026-06-06T04:42:54.746426,Target for Modern Trade template demo
Corner Johnstown Bakery & Cafe,Restaurant,Johnstown,NY,New York,"7498 Water St, Johnstown, NY 39689",(929) 672-5308,False,,0.75,87,sweep_v25,2026-06-06T04:42:54.746469,Target for Elegant Food template demo
Royal Temperature Control of Mount Vernon,HVAC,Mount Vernon,NY,New York,"8226 Hill St, Mount Vernon, NY 87390",(845) 821-3938,True,,0.61,46,sweep_v25,2026-06-06T04:42:54.746511,Target for Modern Trade template demo
Gulf San Antonio Roofing,Roofing,San Antonio,TX,Texas,"2496 Sunset Blvd, San Antonio, TX 15847",(682) 200-9779,True,,0.61,61,sweep_v25,2026-06-06T04:42:54.746553,Target for Modern Trade template demo
Red Shingle & Siding of Garland,Roofing,Garland,TX,Texas,"5120 Park Ave, Garland, TX 55493",(210) 685-7158,False,,0.73,100,sweep_v25,2026-06-06T04:42:54.746595,Target for Modern Trade template demo
Storm Greenville Roofing Services,Roofing,Greenville,TX,Texas,"8655 Technology Dr, Greenville, TX 72901",(682) 835-6073,False,,0.94,91,sweep_v25,2026-06-06T04:42:54.746638,Target for Modern Trade template demo
Quality Geneva HVAC Solutions,HVAC,Geneva,NY,New York,"9169 Hill St, Geneva, NY 67136",(631) 979-4639,False,,0.92,91,sweep_v25,2026-06-06T04:42:54.746679,Target for Modern Trade template demo
A1 Harlingen HVAC Services,HVAC,Harlingen,TX,Texas,"5049 Washington Blvd, Harlingen, TX 93380",(254) 877-3928,True,,0.69,49,sweep_v25,2026-06-06T04:42:54.746723,Target for Modern Trade template demo
Pioneer Heating & Cooling of Sedona,HVAC,Sedona,AZ,Arizona,"3599 Church St, Sedona, AZ 32660",(520) 875-2166,False,,0.94,83,sweep_v25,2026-06-06T04:42:54.746827,Target for Modern Trade template demo
Golden Roofers of Keller,Roofing,Keller,TX,Texas,"1445 Elm St, Keller, TX 39830",(469) 760-9942,True,,0.89,52,sweep_v25,2026-06-06T04:42:54.746872,Target for Modern Trade template demo
River Goodyear Diner,Restaurant,Goodyear,AZ,Arizona,"763 Commerce St, Goodyear, AZ 16650",(928) 615-8322,False,,0.87,81,sweep_v25,2026-06-06T04:42:54.746915,Target for Elegant Food template demo
A New York City Mexican Grill,Restaurant,New York City,NY,New York,"4501 Spring St, New York City, NY 28572",(347) 804-1654,True,,0.81,43,sweep_v25,2026-06-06T04:42:54.746964,Target for Elegant Food template demo
Fortress Gilbert Metal Roofing,Roofing,Gilbert,AZ,Arizona,"9765 Innovation Blvd, Gilbert, AZ 18461",(623) 901-8252,False,,0.74,88,sweep_v25,2026-06-06T04:42:54.747008,Target for Modern Trade template demo
Total HVAC Solutions of Oneida,HVAC,Oneida,NY,New York,"2841 Church St, Oneida, NY 66711",(929) 265-7960,False,,0.82,94,sweep_v25,2026-06-06T04:42:54.747050,Target for Modern Trade template demo
Empire Temple Roof Specialists,Roofing,Temple,TX,Texas,"2977 Broadway, Temple, TX 19935",(281) 441-6094,True,,0.62,62,sweep_v25,2026-06-06T04:42:54.747091,Target for Modern Trade template demo
Original Wichita Falls Eatery,Restaurant,Wichita Falls,TX,Texas,"2327 Valley Blvd, Wichita Falls, TX 75215",(956) 630-5666,False,,0.93,83,sweep_v25,2026-06-06T04:42:54.747133,Target for Elegant Food template demo
American AC & Heating of Greenville,HVAC,Greenville,TX,Texas,"490 Water St, Greenville, TX 46442",(214) 420-9823,False,,0.78,94,sweep_v25,2026-06-06T04:42:54.747175,Target for Modern Trade template demo
Capital HVAC Solutions,HVAC,Ilion,NY,New York,"543 Cedar Ln, Ilion, NY 41718",(315) 452-2607,False,,0.81,83,sweep_v25,2026-06-06T04:42:54.747240,Target for Modern Trade template demo
Silver Roofing Co. of Chandler,Roofing,Chandler,AZ,Arizona,"9141 Veterans Blvd, Chandler, AZ 82068",(480) 227-1114,False,,0.88,99,sweep_v25,2026-06-06T04:42:54.747286,Target for Modern Trade template demo
Bella Steakhouse,Restaurant,Arlington,TX,Texas,"9326 Lincoln Ave, Arlington, TX 69760",(915) 492-8775,False,,0.8,90,sweep_v25,2026-06-06T04:42:54.747329,Target for Elegant Food template demo
Signature Kingston Roofing Company,Roofing,Kingston,NY,New York,"4591 Adams St, Kingston, NY 31620",(917) 680-7365,True,,0.63,61,sweep_v25,2026-06-06T04:42:54.747372,Target for Modern Trade template demo
Elite Coolidge Home Improvements,Roofing,Coolidge,AZ,Arizona,"5451 Industrial Blvd, Coolidge, AZ 99590",(520) 970-9591,False,,0.89,90,sweep_v25,2026-06-06T04:42:54.747417,Target for Modern Trade template demo
Desert Bullhead City Comfort Systems,HVAC,Bullhead City,AZ,Arizona,"6043 Sunset Blvd, Bullhead City, AZ 13347",(623) 421-7572,False,,0.8,98,sweep_v25,2026-06-06T04:42:54.747459,Target for Modern Trade template demo
Service Air Conditioning & Heating,HVAC,Bryan,TX,Texas,"2663 Broadway, Bryan, TX 41326",(210) 431-4626,True,,0.67,52,sweep_v25,2026-06-06T04:42:54.747501,Target for Modern Trade template demo
Premier Service Experts of Poughkeepsie,HVAC,Poughkeepsie,NY,New York,"2504 Maple Dr, Poughkeepsie, NY 69677",(929) 736-9023,False,,0.84,83,sweep_v25,2026-06-06T04:42:54.747543,Target for Modern Trade template demo
AA Clifton HVAC,HVAC,Clifton,AZ,Arizona,"4106 Highland Ave, Clifton, AZ 12401",(480) 589-2505,True,,0.7,47,sweep_v25,2026-06-06T04:42:54.747585,Target for Modern Trade template demo
Union Tonawanda Grille,Restaurant,Tonawanda,NY,New York,"7540 Jackson Blvd, Tonawanda, NY 77553",(929) 901-5247,False,,0.89,81,sweep_v25,2026-06-06T04:42:54.747629,Target for Elegant Food template demo
City Frisco Diner,Restaurant,Frisco,TX,Texas,"6642 Park Ave, Frisco, TX 93252",(361) 269-5294,True,,0.71,46,sweep_v25,2026-06-06T04:42:54.747672,Target for Elegant Food template demo
Rescue Elmira Roofing Contractors,Roofing,Elmira,NY,New York,"5720 Innovation Blvd, Elmira, NY 35968",(516) 831-7767,False,,0.71,99,sweep_v25,2026-06-06T04:42:54.747714,Target for Modern Trade template demo
AA Mechanical of Gilbert,HVAC,Gilbert,AZ,Arizona,"1613 State St, Gilbert, AZ 36905",(480) 312-7400,True,,0.67,49,sweep_v25,2026-06-06T04:42:54.747756,Target for Modern Trade template demo
Midtown Pizzeria,Restaurant,Binghamton,NY,New York,"7457 Water St, Binghamton, NY 42356",(845) 376-6762,True,,0.85,45,sweep_v25,2026-06-06T04:42:54.747797,Target for Elegant Food template demo
Southwest Mechanical of Oswego,HVAC,Oswego,NY,New York,"8681 Veterans Blvd, Oswego, NY 93985",(914) 510-9492,True,,0.88,51,sweep_v25,2026-06-06T04:42:54.747841,Target for Modern Trade template demo
Olive Stephenville Diner,Restaurant,Stephenville,TX,Texas,"5583 Innovation Blvd, Stephenville, TX 38971",(979) 764-1084,True,,0.67,50,sweep_v25,2026-06-06T04:42:54.747882,Target for Elegant Food template demo
Lone Star Roofing Co. of Socorro,Roofing,Socorro,TX,Texas,"7703 State St, Socorro, TX 81936",(713) 756-5630,True,,0.64,60,sweep_v25,2026-06-06T04:42:54.747928,Target for Modern Trade template demo
Central Prescott Valley Air & Heating,HVAC,Prescott Valley,AZ,Arizona,"5618 Commerce St, Prescott Valley, AZ 35423",(602) 429-9140,True,,0.78,57,sweep_v25,2026-06-06T04:42:54.747970,Target for Modern Trade template demo
Summit Diner,Restaurant,Nogales,AZ,Arizona,"4103 Adams St, Nogales, AZ 76910",(623) 665-4541,True,,0.68,43,sweep_v25,2026-06-06T04:42:54.748012,Target for Elegant Food template demo
Empire Roofing Co.,Roofing,Wichita Falls,TX,Texas,"1854 Church St, Wichita Falls, TX 68972",(830) 330-1309,False,,0.71,97,sweep_v25,2026-06-06T04:42:54.748053,Target for Modern Trade template demo
Five Maricopa Steakhouse,Restaurant,Maricopa,AZ,Arizona,"6846 Madison Ave, Maricopa, AZ 73034",(928) 586-4770,True,,0.7,39,sweep_v25,2026-06-06T04:42:54.748095,Target for Elegant Food template demo
Metal Roofing Company,Roofing,Mesa,AZ,Arizona,"962 School St, Mesa, AZ 14078",(520) 459-5357,False,,0.91,89,sweep_v25,2026-06-06T04:42:54.748136,Target for Modern Trade template demo
Grand New York City Home Improvements,Roofing,New York City,NY,New York,"891 Water St, New York City, NY 52051",(716) 610-3074,False,,0.88,97,sweep_v25,2026-06-06T04:42:54.748178,Target for Modern Trade template demo
Gulf Sugar Land HVAC Services,HVAC,Sugar Land,TX,Texas,"9115 Highland Ave, Sugar Land, TX 54209",(713) 334-2165,True,,0.81,54,sweep_v25,2026-06-06T04:42:54.748245,Target for Modern Trade template demo
AAA Cedar Park Roofing & Remodeling,Roofing,Cedar Park,TX,Texas,"6956 3rd St, Cedar Park, TX 40144",(409) 498-6420,True,,0.76,64,sweep_v25,2026-06-06T04:42:54.748296,Target for Modern Trade template demo
Capital Marana Roof Specialists,Roofing,Marana,AZ,Arizona,"7858 Hamilton Ave, Marana, AZ 22205",(928) 510-3317,True,,0.77,62,sweep_v25,2026-06-06T04:42:54.748338,Target for Modern Trade template demo
Noble Roofing & Remodeling of Beaumont,Roofing,Beaumont,TX,Texas,"3519 Elm St, Beaumont, TX 61873",(936) 527-4937,True,,0.67,61,sweep_v25,2026-06-06T04:42:54.748380,Target for Modern Trade template demo
Tri-State HVAC Services of Rosenberg,HVAC,Rosenberg,TX,Texas,"7759 Enterprise Rd, Rosenberg, TX 15636",(214) 254-4828,True,,0.61,50,sweep_v25,2026-06-06T04:42:54.748422,Target for Modern Trade template demo
Tri-State Service Experts of Lackawanna,HVAC,Lackawanna,NY,New York,"3580 Lincoln Ave, Lackawanna, NY 43075",(646) 442-8297,False,,0.72,88,sweep_v25,2026-06-06T04:42:54.748464,Target for Modern Trade template demo
Big Roofing Solutions of Mount Vernon,Roofing,Mount Vernon,NY,New York,"8037 School St, Mount Vernon, NY 57955",(518) 972-7663,False,,0.76,100,sweep_v25,2026-06-06T04:42:54.748506,Target for Modern Trade template demo
Right HVAC Solutions,HVAC,Cohoes,NY,New York,"8546 3rd St, Cohoes, NY 44577",(646) 575-4869,False,,0.88,97,sweep_v25,2026-06-06T04:42:54.748548,Target for Modern Trade template demo
Vista Roofing Company of Binghamton,Roofing,Binghamton,NY,New York,"5285 Adams St, Binghamton, NY 77664",(607) 441-8635,False,,0.79,100,sweep_v25,2026-06-06T04:42:54.748590,Target for Modern Trade template demo
Piazza Paradise Valley Diner,Restaurant,Paradise Valley,AZ,Arizona,"5889 Business Park Dr, Paradise Valley, AZ 64147",(480) 793-3518,False,,0.89,90,sweep_v25,2026-06-06T04:42:54.748632,Target for Elegant Food template demo
Eagle Coppell Construction & Roofing,Roofing,Coppell,TX,Texas,"7003 Hamilton Ave, Coppell, TX 48846",(737) 944-2458,False,,0.94,95,sweep_v25,2026-06-06T04:42:54.748673,Target for Modern Trade template demo
United Comfort Systems,HVAC,Binghamton,NY,New York,"2257 Jackson Blvd, Binghamton, NY 97326",(212) 952-8734,True,,0.85,52,sweep_v25,2026-06-06T04:42:54.748717,Target for Modern Trade template demo
Triple Kitchen,Restaurant,Bedford,TX,Texas,"9675 Maple Dr, Bedford, TX 24544",(806) 207-4231,True,,0.61,40,sweep_v25,2026-06-06T04:42:54.748759,Target for Elegant Food template demo
Desert Climate Control of Plattsburgh,HVAC,Plattsburgh,NY,New York,"1087 State St, Plattsburgh, NY 61088",(845) 432-7261,False,,0.84,82,sweep_v25,2026-06-06T04:42:54.748800,Target for Modern Trade template demo
First Mechanicville Construction & Roofing,Roofing,Mechanicville,NY,New York,"3003 Lake Dr, Mechanicville, NY 40546",(718) 722-6686,True,,0.69,57,sweep_v25,2026-06-06T04:42:54.748843,Target for Modern Trade template demo
Vista Duncanville Roofing Contractors,Roofing,Duncanville,TX,Texas,"3125 Church St, Duncanville, TX 33328",(817) 901-4325,True,,0.69,58,sweep_v25,2026-06-06T04:42:54.748886,Target for Modern Trade template demo
El Sedona Mexican Grill,Restaurant,Sedona,AZ,Arizona,"9196 Veterans Blvd, Sedona, AZ 51390",(480) 807-9549,False,,0.74,86,sweep_v25,2026-06-06T04:42:54.748931,Target for Elegant Food template demo
Precision Mechanical of Nacogdoches,HVAC,Nacogdoches,TX,Texas,"2171 Lincoln Ave, Nacogdoches, TX 13531",(979) 580-5071,True,,0.61,51,sweep_v25,2026-06-06T04:42:54.748973,Target for Modern Trade template demo
Best HVAC Solutions of Show Low,HVAC,Show Low,AZ,Arizona,"4722 Commerce St, Show Low, AZ 92917",(602) 567-7107,False,,0.8,85,sweep_v25,2026-06-06T04:42:54.749015,Target for Modern Trade template demo
Diamond HVAC of Kingman,HVAC,Kingman,AZ,Arizona,"5948 Spring St, Kingman, AZ 38377",(480) 813-3612,False,,0.93,94,sweep_v25,2026-06-06T04:42:54.749056,Target for Modern Trade template demo
Shield Round Rock Roofing Solutions,Roofing,Round Rock,TX,Texas,"9116 Water St, Round Rock, TX 69728",(713) 230-3514,True,,0.62,54,sweep_v25,2026-06-06T04:42:54.749098,Target for Modern Trade template demo
Keystone Roofing Contractors of Ilion,Roofing,Ilion,NY,New York,"7345 Elm St, Ilion, NY 16568",(585) 717-8664,False,,0.73,91,sweep_v25,2026-06-06T04:42:54.749142,Target for Modern Trade template demo
Piazza Taqueria,Restaurant,Grand Prairie,TX,Texas,"8072 Washington Blvd, Grand Prairie, TX 11476",(713) 276-8408,True,,0.61,50,sweep_v25,2026-06-06T04:42:54.749184,Target for Elegant Food template demo
Blue Roof & Gutter,Roofing,Dallas,TX,Texas,"7200 Commerce St, Dallas, TX 63311",(432) 429-5487,False,,0.82,92,sweep_v25,2026-06-06T04:42:54.749250,Target for Modern Trade template demo
Family Roofing & Construction of Sedona,Roofing,Sedona,AZ,Arizona,"5571 Commerce St, Sedona, AZ 38511",(480) 235-1886,True,,0.72,52,sweep_v25,2026-06-06T04:42:54.749295,Target for Modern Trade template demo
Tower Roofing of Mamaroneck,Roofing,Mamaroneck,NY,New York,"303 Commerce St, Mamaroneck, NY 98855",(716) 258-3935,True,,0.74,51,sweep_v25,2026-06-06T04:42:54.749338,Target for Modern Trade template demo
Port Bullhead City Bakery & Cafe,Restaurant,Bullhead City,AZ,Arizona,"202 Pine St, Bullhead City, AZ 60475",(623) 306-1790,True,,0.65,47,sweep_v25,2026-06-06T04:42:54.749380,Target for Elegant Food template demo
Big Roofing Co. of Youngtown,Roofing,Youngtown,AZ,Arizona,"3000 Franklin St, Youngtown, AZ 19475",(602) 320-1786,False,,0.94,100,sweep_v25,2026-06-06T04:42:54.749422,Target for Modern Trade template demo
Southwest Roofers of Grapevine,Roofing,Grapevine,TX,Texas,"8060 Technology Dr, Grapevine, TX 19408",(806) 307-4200,False,,0.71,91,sweep_v25,2026-06-06T04:42:54.749464,Target for Modern Trade template demo
Heritage Steakhouse,Restaurant,Garland,TX,Texas,"1433 School St, Garland, TX 83020",(713) 709-4281,False,,0.77,89,sweep_v25,2026-06-06T04:42:54.749507,Target for Elegant Food template demo
Heritage Oro Valley Air Conditioning,HVAC,Oro Valley,AZ,Arizona,"9722 Valley Blvd, Oro Valley, AZ 86621",(520) 619-1036,True,,0.63,54,sweep_v25,2026-06-06T04:42:54.749552,Target for Modern Trade template demo
Famous Eatery,Restaurant,Port Arthur,TX,Texas,"6797 Cedar Ln, Port Arthur, TX 32155",(903) 679-9997,True,,0.78,41,sweep_v25,2026-06-06T04:42:54.749596,Target for Elegant Food template demo
Silver Cooling Solutions of Winslow,HVAC,Winslow,AZ,Arizona,"5401 Market St, Winslow, AZ 58656",(520) 625-5918,True,,0.83,52,sweep_v25,2026-06-06T04:42:54.749637,Target for Modern Trade template demo
Service Tyler Heating & Air,HVAC,Tyler,TX,Texas,"1468 School St, Tyler, TX 24034",(979) 546-8078,False,,0.77,97,sweep_v25,2026-06-06T04:42:54.749679,Target for Modern Trade template demo
Atlas Roofers,Roofing,Oneida,NY,New York,"9957 Highland Ave, Oneida, NY 61971",(845) 459-1242,False,,0.93,89,sweep_v25,2026-06-06T04:42:54.749721,Target for Modern Trade template demo
Valley Lockport Pizza & Pasta,Restaurant,Lockport,NY,New York,"9774 Main St, Lockport, NY 84702",(716) 560-8202,True,,0.62,48,sweep_v25,2026-06-06T04:42:54.749763,Target for Elegant Food template demo
Liberty Exteriors of University Park,Roofing,University Park,TX,Texas,"8109 Maple Dr, University Park, TX 89956",(432) 757-4400,False,,0.92,92,sweep_v25,2026-06-06T04:42:54.749804,Target for Modern Trade template demo
Red Kingston Grille,Restaurant,Kingston,NY,New York,"7465 School St, Kingston, NY 89745",(845) 331-5967,False,,0.88,87,sweep_v25,2026-06-06T04:42:54.749846,Target for Elegant Food template demo
Main Mexican Grill,Restaurant,Fountain Hills,AZ,Arizona,"2863 Oak Ave, Fountain Hills, AZ 19408",(602) 746-8950,True,,0.61,40,sweep_v25,2026-06-06T04:42:54.749887,Target for Elegant Food template demo
Santa Fe College Station Restaurant,Restaurant,College Station,TX,Texas,"2562 Innovation Blvd, College Station, TX 85818",(830) 809-9611,False,,0.83,89,sweep_v25,2026-06-06T04:42:54.749933,Target for Elegant Food template demo
Lone Star North Tonawanda BBQ & Grill,Restaurant,North Tonawanda,NY,New York,"1551 Madison Ave, North Tonawanda, NY 80943",(315) 335-1482,True,,0.88,50,sweep_v25,2026-06-06T04:42:54.749975,Target for Elegant Food template demo
Integrity Roofing & Construction of Killeen,Roofing,Killeen,TX,Texas,"7997 School St, Killeen, TX 84296",(830) 754-8244,True,,0.9,61,sweep_v25,2026-06-06T04:42:54.750019,Target for Modern Trade template demo
Brick Bistro & Bar,Restaurant,Batavia,NY,New York,"6483 Lincoln Ave, Batavia, NY 73258",(929) 351-9549,True,,0.65,42,sweep_v25,2026-06-06T04:42:54.750065,Target for Elegant Food template demo
El Duncanville Pizzeria,Restaurant,Duncanville,TX,Texas,"3529 Veterans Blvd, Duncanville, TX 45045",(936) 628-7433,True,,0.81,51,sweep_v25,2026-06-06T04:42:54.750107,Target for Elegant Food template demo
Master Laredo Roofing Services,Roofing,Laredo,TX,Texas,"7051 Business Park Dr, Laredo, TX 62698",(726) 276-3506,True,,0.71,64,sweep_v25,2026-06-06T04:42:54.750149,Target for Modern Trade template demo
Sun McKinney Deli & Market,Restaurant,McKinney,TX,Texas,"2396 Valley Blvd, McKinney, TX 65026",(713) 529-1557,True,,0.69,55,sweep_v25,2026-06-06T04:42:54.750192,Target for Elegant Food template demo
Golden Cooling Solutions of Marana,HVAC,Marana,AZ,Arizona,"9809 Innovation Blvd, Marana, AZ 52851",(520) 584-5897,True,,0.65,50,sweep_v25,2026-06-06T04:42:54.750271,Target for Modern Trade template demo
Capital Construction & Roofing of Oro Valley,Roofing,Oro Valley,AZ,Arizona,"7108 Oak Ave, Oro Valley, AZ 87878",(480) 919-2463,True,,0.89,63,sweep_v25,2026-06-06T04:42:54.750314,Target for Modern Trade template demo
A1 Metal Roofing,Roofing,Salamanca,NY,New York,"3200 Lake Dr, Salamanca, NY 65836",(516) 381-1504,True,,0.76,47,sweep_v25,2026-06-06T04:42:54.750357,Target for Modern Trade template demo
Atlas Roofing Solutions of Saratoga Springs,Roofing,Saratoga Springs,NY,New York,"3967 Hill St, Saratoga Springs, NY 83530",(929) 293-6695,True,,0.72,57,sweep_v25,2026-06-06T04:42:54.750399,Target for Modern Trade template demo
National HVAC Solutions,HVAC,Farmers Branch,TX,Texas,"7661 Washington Blvd, Farmers Branch, TX 33817",(806) 926-1390,True,,0.85,48,sweep_v25,2026-06-06T04:42:54.750441,Target for Modern Trade template demo
Triple Tolleson Sushi Bar,Restaurant,Tolleson,AZ,Arizona,"2984 Valley Blvd, Tolleson, AZ 27782",(928) 217-7115,True,,0.77,53,sweep_v25,2026-06-06T04:42:54.750485,Target for Elegant Food template demo
Pride Roofing Co.,Roofing,Texas City,TX,Texas,"2108 School St, Texas City, TX 41554",(972) 513-6455,True,,0.61,59,sweep_v25,2026-06-06T04:42:54.750527,Target for Modern Trade template demo
Pine Oneida Cafe & Grill,Restaurant,Oneida,NY,New York,"8596 Franklin St, Oneida, NY 53515",(518) 395-1462,True,,0.74,38,sweep_v25,2026-06-06T04:42:54.750569,Target for Elegant Food template demo
North Star Temperature Control,HVAC,Wickenburg,AZ,Arizona,"555 Lake Dr, Wickenburg, AZ 43121",(623) 823-8408,False,,0.73,85,sweep_v25,2026-06-06T04:42:54.750611,Target for Modern Trade template demo
Central McKinney Roofers,Roofing,McKinney,TX,Texas,"5787 Center St, McKinney, TX 18284",(210) 393-7195,True,,0.81,65,sweep_v25,2026-06-06T04:42:54.750653,Target for Modern Trade template demo
Total Temperature Control,HVAC,McKinney,TX,Texas,"7800 Washington Blvd, McKinney, TX 57882",(214) 612-1772,True,,0.65,50,sweep_v25,2026-06-06T04:42:54.750695,Target for Modern Trade template demo
Western Roof & Gutter of College Station,Roofing,College Station,TX,Texas,"9530 Lincoln Ave, College Station, TX 94741",(830) 770-1692,False,,0.84,97,sweep_v25,2026-06-06T04:42:54.750783,Target for Modern Trade template demo
Weather Southlake Roofing Services,Roofing,Southlake,TX,Texas,"8366 Washington Blvd, Southlake, TX 96178",(737) 658-5661,True,,0.79,54,sweep_v25,2026-06-06T04:42:54.750833,Target for Modern Trade template demo
Valley Service Experts of Nogales,HVAC,Nogales,AZ,Arizona,"5233 Sunset Blvd, Nogales, AZ 49081",(520) 548-3684,True,,0.67,50,sweep_v25,2026-06-06T04:42:54.750877,Target for Modern Trade template demo
Silver Roofing & Remodeling,Roofing,Pharr,TX,Texas,"6260 Elm St, Pharr, TX 35533",(726) 549-6146,True,,0.64,60,sweep_v25,2026-06-06T04:42:54.750922,Target for Modern Trade template demo
Mountain Galveston Bistro & Bar,Restaurant,Galveston,TX,Texas,"5348 Madison Ave, Galveston, TX 77561",(210) 236-3829,True,,0.62,48,sweep_v25,2026-06-06T04:42:54.750970,Target for Elegant Food template demo
Western Roof Specialists,Roofing,Peoria,AZ,Arizona,"339 Park Ave, Peoria, AZ 42693",(480) 790-3692,False,,0.94,93,sweep_v25,2026-06-06T04:42:54.751012,Target for Modern Trade template demo
Noble Tempe Roofers,Roofing,Tempe,AZ,Arizona,"8761 Technology Dr, Tempe, AZ 85307",(623) 577-9429,False,,0.75,99,sweep_v25,2026-06-06T04:42:54.751054,Target for Modern Trade template demo
Everest Dunkirk Roof & Gutter,Roofing,Dunkirk,NY,New York,"5639 Business Park Dr, Dunkirk, NY 76695",(212) 777-7072,True,,0.67,53,sweep_v25,2026-06-06T04:42:54.751096,Target for Modern Trade template demo
City HVAC Solutions,HVAC,Tolleson,AZ,Arizona,"9399 Innovation Blvd, Tolleson, AZ 46459",(480) 601-5268,True,,0.77,49,sweep_v25,2026-06-06T04:42:54.751137,Target for Modern Trade template demo
Quality Roofing Solutions,Roofing,League City,TX,Texas,"2473 Industrial Blvd, League City, TX 70343",(682) 690-3860,True,,0.76,57,sweep_v25,2026-06-06T04:42:54.751179,Target for Modern Trade template demo
Victory Clifton Construction & Roofing,Roofing,Clifton,AZ,Arizona,"3403 Main St, Clifton, AZ 36788",(928) 571-8040,False,,0.79,97,sweep_v25,2026-06-06T04:42:54.751250,Target for Modern Trade template demo
Tri-State Cooling Solutions of El Mirage,HVAC,El Mirage,AZ,Arizona,"6518 State St, El Mirage, AZ 18892",(602) 231-6928,True,,0.62,46,sweep_v25,2026-06-06T04:42:54.751295,Target for Modern Trade template demo
Lone Star Air Conditioning of Corning,HVAC,Corning,NY,New York,"4220 Pine St, Corning, NY 74253",(516) 229-5791,False,,0.7,93,sweep_v25,2026-06-06T04:42:54.751338,Target for Modern Trade template demo
King Roof & Gutter of Bryan,Roofing,Bryan,TX,Texas,"6013 School St, Bryan, TX 17970",(806) 644-9047,False,,0.79,92,sweep_v25,2026-06-06T04:42:54.751384,Target for Modern Trade template demo
Casa Restaurant,Restaurant,Paris,TX,Texas,"3292 Washington Blvd, Paris, TX 83369",(936) 410-8094,False,,0.8,81,sweep_v25,2026-06-06T04:42:54.751428,Target for Elegant Food template demo
Dura Roofing Services of Payson,Roofing,Payson,AZ,Arizona,"7574 1st Ave, Payson, AZ 66035",(928) 617-8031,False,,0.76,97,sweep_v25,2026-06-06T04:42:54.751471,Target for Modern Trade template demo
Desert Roofing Co. of Kyle,Roofing,Kyle,TX,Texas,"5131 Lake Dr, Kyle, TX 95322",(915) 673-5770,False,,0.76,92,sweep_v25,2026-06-06T04:42:54.751512,Target for Modern Trade template demo
Best Roofing & Remodeling of El Paso,Roofing,El Paso,TX,Texas,"9533 Lake Dr, El Paso, TX 84097",(940) 915-5243,True,,0.66,63,sweep_v25,2026-06-06T04:42:54.751554,Target for Modern Trade template demo
Empire Home Improvements of Irving,Roofing,Irving,TX,Texas,"9138 Adams St, Irving, TX 77323",(214) 328-2665,False,,0.7,92,sweep_v25,2026-06-06T04:42:54.751597,Target for Modern Trade template demo
House of Grille,Restaurant,Holbrook,AZ,Arizona,"4072 Innovation Blvd, Holbrook, AZ 57098",(623) 210-7914,True,,0.62,38,sweep_v25,2026-06-06T04:42:54.751639,Target for Elegant Food template demo
High Desert Cooling Solutions of Watervliet,HVAC,Watervliet,NY,New York,"5084 Enterprise Rd, Watervliet, NY 77691",(718) 977-2580,True,,0.81,47,sweep_v25,2026-06-06T04:42:54.751681,Target for Modern Trade template demo
Crown Roofing of Fulton,Roofing,Fulton,NY,New York,"1827 Valley Blvd, Fulton, NY 30417",(585) 359-9669,True,,0.7,61,sweep_v25,2026-06-06T04:42:54.751723,Target for Modern Trade template demo
Famous Show Low Steakhouse,Restaurant,Show Low,AZ,Arizona,"5597 Oak Ave, Show Low, AZ 49510",(623) 932-6392,False,,0.92,90,sweep_v25,2026-06-06T04:42:54.751765,Target for Elegant Food template demo
Golden Temperature Control of Garland,HVAC,Garland,TX,Texas,"9181 Spring St, Garland, TX 59128",(512) 205-7801,True,,0.61,49,sweep_v25,2026-06-06T04:42:54.751806,Target for Modern Trade template demo
Central Air & Heating of San Antonio,HVAC,San Antonio,TX,Texas,"4761 Pine St, San Antonio, TX 94077",(512) 583-9638,True,,0.65,51,sweep_v25,2026-06-06T04:42:54.751849,Target for Modern Trade template demo
Climate Temperature Control,HVAC,Auburn,NY,New York,"4221 Jefferson Dr, Auburn, NY 58412",(315) 997-7785,True,,0.62,48,sweep_v25,2026-06-06T04:42:54.751891,Target for Modern Trade template demo
Southwest Ilion Steakhouse,Restaurant,Ilion,NY,New York,"671 State St, Ilion, NY 76379",(646) 576-4656,True,,0.8,41,sweep_v25,2026-06-06T04:42:54.751937,Target for Elegant Food template demo
Norton Mission HVAC,HVAC,Mission,TX,Texas,"413 River Rd, Mission, TX 56406",(409) 578-5173,True,,0.63,49,sweep_v25,2026-06-06T04:42:54.751978,Target for Modern Trade template demo
Blue Roofers,Roofing,Ithaca,NY,New York,"7555 2nd St, Ithaca, NY 73117",(914) 398-9153,True,,0.76,58,sweep_v25,2026-06-06T04:42:54.752020,Target for Modern Trade template demo
Sun Roofing Co.,Roofing,Goodyear,AZ,Arizona,"5384 Center St, Goodyear, AZ 85997",(520) 827-5617,False,,0.94,93,sweep_v25,2026-06-06T04:42:54.752061,Target for Modern Trade template demo
Classic Austin Roofing,Roofing,Austin,TX,Texas,"3233 Hamilton Ave, Austin, TX 65758",(915) 572-3283,True,,0.71,60,sweep_v25,2026-06-06T04:42:54.752103,Target for Modern Trade template demo
Copper Pflugerville Pizzeria,Restaurant,Pflugerville,TX,Texas,"4091 Franklin St, Pflugerville, TX 94369",(325) 870-3538,True,,0.66,43,sweep_v25,2026-06-06T04:42:54.752144,Target for Elegant Food template demo
Royal Italian Kitchen,Restaurant,Glen Cove,NY,New York,"501 Maple Dr, Glen Cove, NY 91339",(716) 871-3161,True,,0.87,44,sweep_v25,2026-06-06T04:42:54.752186,Target for Elegant Food template demo
Mountain Edinburg Roofing Co.,Roofing,Edinburg,TX,Texas,"7502 Spring St, Edinburg, TX 58282",(281) 434-2330,True,,0.83,53,sweep_v25,2026-06-06T04:42:54.752254,Target for Modern Trade template demo
Universal Air & Heating,HVAC,Beacon,NY,New York,"4601 Madison Ave, Beacon, NY 39254",(347) 834-2966,False,,0.82,83,sweep_v25,2026-06-06T04:42:54.752302,Target for Modern Trade template demo
Sun Roofing & Remodeling,Roofing,Mesquite,TX,Texas,"5067 Commerce St, Mesquite, TX 43206",(214) 457-4300,False,,0.91,94,sweep_v25,2026-06-06T04:42:54.752362,Target for Modern Trade template demo
Pro Benbrook Air Conditioning & Heating,HVAC,Benbrook,TX,Texas,"5927 State St, Benbrook, TX 93703",(915) 903-1793,False,,0.81,90,sweep_v25,2026-06-06T04:42:54.752404,Target for Modern Trade template demo
Imperial Lancaster Temperature Control,HVAC,Lancaster,TX,Texas,"5836 Hamilton Ave, Lancaster, TX 84919",(915) 551-8513,True,,0.69,49,sweep_v25,2026-06-06T04:42:54.752446,Target for Modern Trade template demo
Gulf Air Systems,HVAC,Glens Falls,NY,New York,"1317 River Rd, Glens Falls, NY 23269",(845) 247-2162,True,,0.7,51,sweep_v25,2026-06-06T04:42:54.752489,Target for Modern Trade template demo
Corner Yonkers Eatery,Restaurant,Yonkers,NY,New York,"5646 Sunset Blvd, Yonkers, NY 46982",(212) 712-4611,True,,0.84,47,sweep_v25,2026-06-06T04:42:54.752532,Target for Elegant Food template demo
Old Town Geneva Mexican Grill,Restaurant,Geneva,NY,New York,"3711 Sunset Blvd, Geneva, NY 72331",(845) 484-6775,True,,0.85,37,sweep_v25,2026-06-06T04:42:54.752574,Target for Elegant Food template demo
American Exteriors of El Mirage,Roofing,El Mirage,AZ,Arizona,"8943 Main St, El Mirage, AZ 74724",(520) 909-5320,False,,0.73,98,sweep_v25,2026-06-06T04:42:54.752616,Target for Modern Trade template demo
Embers Auburn Bakery & Cafe,Restaurant,Auburn,NY,New York,"3561 Main St, Auburn, NY 20432",(516) 809-9817,False,,0.84,79,sweep_v25,2026-06-06T04:42:54.752657,Target for Elegant Food template demo
Sunset Air & Heating of Oneonta,HVAC,Oneonta,NY,New York,"8761 Spring St, Oneonta, NY 45115",(516) 243-5655,False,,0.94,91,sweep_v25,2026-06-06T04:42:54.752699,Target for Modern Trade template demo
Bella Safford Grille,Restaurant,Safford,AZ,Arizona,"1628 Oak Ave, Safford, AZ 51609",(928) 613-2600,True,,0.79,38,sweep_v25,2026-06-06T04:42:54.752742,Target for Elegant Food template demo
Blue Air & Heating of San Angelo,HVAC,San Angelo,TX,Texas,"8216 Pine St, San Angelo, TX 80049",(972) 289-8164,True,,0.86,45,sweep_v25,2026-06-06T04:42:54.752784,Target for Modern Trade template demo
River Grille,Restaurant,Kingman,AZ,Arizona,"9584 Sunset Blvd, Kingman, AZ 86812",(520) 800-1037,False,,0.71,78,sweep_v25,2026-06-06T04:42:54.752826,Target for Elegant Food template demo
Reliable Exteriors of Johnstown,Roofing,Johnstown,NY,New York,"3712 Adams St, Johnstown, NY 86239",(716) 238-9941,False,,0.76,91,sweep_v25,2026-06-06T04:42:54.752871,Target for Modern Trade template demo
National Roofing of Jamestown,Roofing,Jamestown,NY,New York,"8554 Washington Blvd, Jamestown, NY 80367",(347) 969-6303,True,,0.69,51,sweep_v25,2026-06-06T04:42:54.752913,Target for Modern Trade template demo
Seven BBQ & Grill,Restaurant,Albany,NY,New York,"3301 Veterans Blvd, Albany, NY 95223",(518) 876-6923,False,,0.82,79,sweep_v25,2026-06-06T04:42:54.752960,Target for Elegant Food template demo
Diamond HVAC Services,HVAC,League City,TX,Texas,"9477 Monroe Ave, League City, TX 20162",(936) 936-6143,True,,0.8,48,sweep_v25,2026-06-06T04:42:54.753002,Target for Modern Trade template demo
Fortress Roof Specialists of Long Beach,Roofing,Long Beach,NY,New York,"2929 Business Park Dr, Long Beach, NY 10868",(716) 406-9177,False,,0.92,96,sweep_v25,2026-06-06T04:42:54.753044,Target for Modern Trade template demo
Blue Construction & Roofing,Roofing,Buckeye,AZ,Arizona,"1907 Elm St, Buckeye, AZ 16803",(928) 593-6472,False,,0.73,96,sweep_v25,2026-06-06T04:42:54.753086,Target for Modern Trade template demo
Silver HVAC Solutions of Saratoga Springs,HVAC,Saratoga Springs,NY,New York,"7416 State St, Saratoga Springs, NY 40368",(716) 212-4446,True,,0.78,49,sweep_v25,2026-06-06T04:42:54.753127,Target for Modern Trade template demo
Valley Comfort Systems of Flower Mound,HVAC,Flower Mound,TX,Texas,"1675 River Rd, Flower Mound, TX 63200",(817) 215-7602,True,,0.68,54,sweep_v25,2026-06-06T04:42:54.753171,Target for Modern Trade template demo
New Temperature Control,HVAC,Round Rock,TX,Texas,"9640 Pine St, Round Rock, TX 89327",(972) 603-1364,False,,0.76,94,sweep_v25,2026-06-06T04:42:54.753237,Target for Modern Trade template demo
AA HVAC,HVAC,Mamaroneck,NY,New York,"8421 Broadway, Mamaroneck, NY 85161",(917) 507-8265,True,,0.77,42,sweep_v25,2026-06-06T04:42:54.753283,Target for Modern Trade template demo
Crown AC & Heating of Socorro,HVAC,Socorro,TX,Texas,"809 Cedar Ln, Socorro, TX 88386",(903) 954-7908,True,,0.87,56,sweep_v25,2026-06-06T04:42:54.753326,Target for Modern Trade template demo
Lifetime Bullhead City Roofing Co.,Roofing,Bullhead City,AZ,Arizona,"8195 Spring St, Bullhead City, AZ 44895",(928) 536-9870,True,,0.87,61,sweep_v25,2026-06-06T04:42:54.753369,Target for Modern Trade template demo
Traditions BBQ & Grill,Restaurant,Midland,TX,Texas,"3454 Pine St, Midland, TX 26845",(956) 677-9024,False,,0.71,84,sweep_v25,2026-06-06T04:42:54.753412,Target for Elegant Food template demo
Liberty Roof Specialists of Midland,Roofing,Midland,TX,Texas,"6318 2nd St, Midland, TX 45505",(713) 865-5819,False,,0.84,92,sweep_v25,2026-06-06T04:42:54.753453,Target for Modern Trade template demo
West Florence Deli & Market,Restaurant,Florence,AZ,Arizona,"6314 School St, Florence, AZ 13458",(623) 766-7955,False,,0.72,88,sweep_v25,2026-06-06T04:42:54.753495,Target for Elegant Food template demo
Silver Phoenix Pizzeria,Restaurant,Phoenix,AZ,Arizona,"2782 State St, Phoenix, AZ 81632",(602) 260-7494,True,,0.88,44,sweep_v25,2026-06-06T04:42:54.753539,Target for Elegant Food template demo
Total Roofers of Lackawanna,Roofing,Lackawanna,NY,New York,"4759 Broadway, Lackawanna, NY 48129",(718) 804-2245,True,,0.81,58,sweep_v25,2026-06-06T04:42:54.753581,Target for Modern Trade template demo
Union Irving Eatery,Restaurant,Irving,TX,Texas,"2030 Enterprise Rd, Irving, TX 73292",(254) 675-6322,True,,0.85,50,sweep_v25,2026-06-06T04:42:54.753626,Target for Elegant Food template demo
Embers Nacogdoches Sushi Bar,Restaurant,Nacogdoches,TX,Texas,"9996 Veterans Blvd, Nacogdoches, TX 15502",(940) 681-5722,False,,0.79,90,sweep_v25,2026-06-06T04:42:54.753668,Target for Elegant Food template demo
Union Grille,Restaurant,Winslow,AZ,Arizona,"8647 Water St, Winslow, AZ 87612",(928) 417-9781,True,,0.7,45,sweep_v25,2026-06-06T04:42:54.753710,Target for Elegant Food template demo
Certified Roofing Contractors of Amarillo,Roofing,Amarillo,TX,Texas,"4967 Center St, Amarillo, TX 33102",(254) 374-9940,True,,0.71,55,sweep_v25,2026-06-06T04:42:54.753753,Target for Modern Trade template demo
Pinnacle Frisco Metal Roofing,Roofing,Frisco,TX,Texas,"7764 Broadway, Frisco, TX 67936",(409) 625-7138,True,,0.79,53,sweep_v25,2026-06-06T04:42:54.753795,Target for Modern Trade template demo
Triple Pizzeria,Restaurant,Gilbert,AZ,Arizona,"3841 Main St, Gilbert, AZ 62292",(928) 978-9763,True,,0.68,53,sweep_v25,2026-06-06T04:42:54.753836,Target for Elegant Food template demo
Superior Pharr Comfort Systems,HVAC,Pharr,TX,Texas,"9892 Park Ave, Pharr, TX 46160",(361) 366-6726,True,,0.88,50,sweep_v25,2026-06-06T04:42:54.753878,Target for Modern Trade template demo
Village Lubbock Sushi Bar,Restaurant,Lubbock,TX,Texas,"2196 Hill St, Lubbock, TX 21893",(915) 493-4022,True,,0.63,45,sweep_v25,2026-06-06T04:42:54.753919,Target for Elegant Food template demo
Green Bryan Italian Kitchen,Restaurant,Bryan,TX,Texas,"849 2nd St, Bryan, TX 42651",(806) 300-4075,False,,0.94,80,sweep_v25,2026-06-06T04:42:54.753966,Target for Elegant Food template demo
Total Georgetown Roofing & Construction,Roofing,Georgetown,TX,Texas,"6685 Jackson Blvd, Georgetown, TX 88159",(903) 686-3483,True,,0.79,59,sweep_v25,2026-06-06T04:42:54.754007,Target for Modern Trade template demo
Casa Kitchen,Restaurant,San Luis,AZ,Arizona,"6113 Elm St, San Luis, AZ 31129",(480) 481-2462,True,,0.7,48,sweep_v25,2026-06-06T04:42:54.754050,Target for Elegant Food template demo
Gulf Auburn Roofing & Construction,Roofing,Auburn,NY,New York,"3355 Cedar Ln, Auburn, NY 76943",(917) 595-1000,False,,0.75,88,sweep_v25,2026-06-06T04:42:54.754092,Target for Modern Trade template demo
Queen's Troy Pizzeria,Restaurant,Troy,NY,New York,"7232 Sunset Blvd, Troy, NY 72813",(516) 760-7688,True,,0.85,41,sweep_v25,2026-06-06T04:42:54.754134,Target for Elegant Food template demo
Sunrise Air Conditioning of Austin,HVAC,Austin,TX,Texas,"3750 Lincoln Ave, Austin, TX 75723",(713) 910-5157,True,,0.62,51,sweep_v25,2026-06-06T04:42:54.754177,Target for Modern Trade template demo
Island Hornell Kitchen,Restaurant,Hornell,NY,New York,"5540 Broadway, Hornell, NY 32026",(929) 265-3078,True,,0.84,48,sweep_v25,2026-06-06T04:42:54.754244,Target for Elegant Food template demo
Cactus Hutto HVAC Services,HVAC,Hutto,TX,Texas,"5911 Cedar Ln, Hutto, TX 21715",(361) 356-1331,False,,0.76,99,sweep_v25,2026-06-06T04:42:54.754289,Target for Modern Trade template demo
Iron Avondale Temperature Control,HVAC,Avondale,AZ,Arizona,"1762 Business Park Dr, Avondale, AZ 52682",(623) 631-9574,True,,0.79,50,sweep_v25,2026-06-06T04:42:54.754331,Target for Modern Trade template demo
Five Star Heating & Cooling of Houston,HVAC,Houston,TX,Texas,"8487 Industrial Blvd, Houston, TX 67670",(325) 287-2983,True,,0.76,50,sweep_v25,2026-06-06T04:42:54.754373,Target for Modern Trade template demo
The Beacon Sushi Bar,Restaurant,Beacon,NY,New York,"803 Cedar Ln, Beacon, NY 82767",(212) 829-5492,True,,0.83,48,sweep_v25,2026-06-06T04:42:54.754414,Target for Elegant Food template demo
Top Payson Pizza & Pasta,Restaurant,Payson,AZ,Arizona,"6509 Veterans Blvd, Payson, AZ 38093",(520) 291-2661,False,,0.87,85,sweep_v25,2026-06-06T04:42:54.754456,Target for Elegant Food template demo
Classic Roof & Gutter of Glens Falls,Roofing,Glens Falls,NY,New York,"2317 School St, Glens Falls, NY 39499",(518) 515-2683,False,,0.86,98,sweep_v25,2026-06-06T04:42:54.754500,Target for Modern Trade template demo
Arch Roofing Co. of Odessa,Roofing,Odessa,TX,Texas,"9605 Monroe Ave, Odessa, TX 50750",(806) 573-7551,True,,0.7,52,sweep_v25,2026-06-06T04:42:54.754542,Target for Modern Trade template demo
Desert White Plains Air Systems,HVAC,White Plains,NY,New York,"2313 Maple Dr, White Plains, NY 21573",(914) 623-1812,True,,0.77,57,sweep_v25,2026-06-06T04:42:54.754584,Target for Modern Trade template demo
River DeSoto Deli & Market,Restaurant,DeSoto,TX,Texas,"6374 Hill St, DeSoto, TX 80100",(512) 975-2362,False,,0.74,83,sweep_v25,2026-06-06T04:42:54.754625,Target for Elegant Food template demo
Pinnacle Air Conditioning,HVAC,Watertown,NY,New York,"6887 1st Ave, Watertown, NY 99847",(607) 679-6330,True,,0.68,45,sweep_v25,2026-06-06T04:42:54.754667,Target for Modern Trade template demo
Downtown BBQ & Grill,Restaurant,Pearland,TX,Texas,"8043 Maple Dr, Pearland, TX 67482",(936) 703-6741,False,,0.93,85,sweep_v25,2026-06-06T04:42:54.754709,Target for Elegant Food template demo
City Buckeye Kitchen,Restaurant,Buckeye,AZ,Arizona,"147 Lincoln Ave, Buckeye, AZ 56850",(602) 541-2426,True,,0.73,53,sweep_v25,2026-06-06T04:42:54.754783,Target for Elegant Food template demo
Rescue Roofing & Remodeling of Niagara Falls,Roofing,Niagara Falls,NY,New York,"9559 Maple Dr, Niagara Falls, NY 19603",(917) 867-3668,False,,0.88,87,sweep_v25,2026-06-06T04:42:54.754831,Target for Modern Trade template demo
City Sierra Vista HVAC,HVAC,Sierra Vista,AZ,Arizona,"2198 Jefferson Dr, Sierra Vista, AZ 44487",(520) 587-9017,True,,0.62,54,sweep_v25,2026-06-06T04:42:54.754874,Target for Modern Trade template demo
Family Syracuse Roofing Co.,Roofing,Syracuse,NY,New York,"1142 Business Park Dr, Syracuse, NY 83413",(315) 562-7546,False,,0.93,87,sweep_v25,2026-06-06T04:42:54.754916,Target for Modern Trade template demo
Green Cafe & Grill,Restaurant,Cedar Park,TX,Texas,"3275 Lake Dr, Cedar Park, TX 38399",(713) 592-2929,True,,0.78,47,sweep_v25,2026-06-06T04:42:54.754964,Target for Elegant Food template demo
Traditions Prescott Valley Sushi Bar,Restaurant,Prescott Valley,AZ,Arizona,"5452 Water St, Prescott Valley, AZ 13124",(928) 629-1310,True,,0.67,42,sweep_v25,2026-06-06T04:42:54.755006,Target for Elegant Food template demo
Secure Roofing Solutions,Roofing,Schenectady,NY,New York,"7534 Highland Ave, Schenectady, NY 97010",(315) 710-2546,False,,0.71,90,sweep_v25,2026-06-06T04:42:54.755048,Target for Modern Trade template demo
Elite Air Conditioning of Killeen,HVAC,Killeen,TX,Texas,"6003 Center St, Killeen, TX 34176",(940) 431-4894,True,,0.88,60,sweep_v25,2026-06-06T04:42:54.755090,Target for Modern Trade template demo
Pro Roofing Solutions,Roofing,Del Rio,TX,Texas,"7217 Center St, Del Rio, TX 96461",(936) 289-5211,False,,0.84,99,sweep_v25,2026-06-06T04:42:54.755132,Target for Modern Trade template demo
Heritage Roofing Services of Lewisville,Roofing,Lewisville,TX,Texas,"1993 1st Ave, Lewisville, TX 58700",(409) 639-6769,True,,0.72,60,sweep_v25,2026-06-06T04:42:54.755174,Target for Modern Trade template demo
Pioneer Air Conditioning & Heating of Florence,HVAC,Florence,AZ,Arizona,"1911 Park Ave, Florence, AZ 44547",(520) 579-9075,False,,0.72,93,sweep_v25,2026-06-06T04:42:54.755241,Target for Modern Trade template demo
Atlas Stephenville Roofing Solutions,Roofing,Stephenville,TX,Texas,"5431 Church St, Stephenville, TX 19823",(512) 608-1249,False,,0.79,98,sweep_v25,2026-06-06T04:42:54.755288,Target for Modern Trade template demo
Vista Steakhouse,Restaurant,Amsterdam,NY,New York,"4510 Water St, Amsterdam, NY 76907",(631) 637-9423,True,,0.74,47,sweep_v25,2026-06-06T04:42:54.755331,Target for Elegant Food template demo
Port Douglas Taqueria,Restaurant,Douglas,AZ,Arizona,"1398 Park Ave, Douglas, AZ 27665",(928) 998-5059,True,,0.82,43,sweep_v25,2026-06-06T04:42:54.755374,Target for Elegant Food template demo
Big Roofing & Construction of Utica,Roofing,Utica,NY,New York,"4912 Hamilton Ave, Utica, NY 50063",(929) 843-8529,True,,0.6,53,sweep_v25,2026-06-06T04:42:54.755419,Target for Modern Trade template demo
Pioneer Heating & Air of Middletown,HVAC,Middletown,NY,New York,"8387 3rd St, Middletown, NY 87252",(917) 934-4805,True,,0.81,52,sweep_v25,2026-06-06T04:42:54.755461,Target for Modern Trade template demo
Royal Exteriors,Roofing,Houston,TX,Texas,"4079 Spring St, Houston, TX 24365",(726) 422-6907,True,,0.79,58,sweep_v25,2026-06-06T04:42:54.755503,Target for Modern Trade template demo
Steadfast Roofing Company of Benbrook,Roofing,Benbrook,TX,Texas,"1929 Lincoln Ave, Benbrook, TX 17285",(682) 619-5997,True,,0.78,50,sweep_v25,2026-06-06T04:42:54.755547,Target for Modern Trade template demo
Home North Tonawanda Air & Heating,HVAC,North Tonawanda,NY,New York,"3474 Maple Dr, North Tonawanda, NY 77004",(631) 836-8753,False,,0.75,86,sweep_v25,2026-06-06T04:42:54.755591,Target for Modern Trade template demo
Heritage Cooling Solutions,HVAC,Wylie,TX,Texas,"4040 Church St, Wylie, TX 97760",(956) 589-9002,True,,0.82,57,sweep_v25,2026-06-06T04:42:54.755634,Target for Modern Trade template demo
Tri-State Service Experts,HVAC,Cedar Park,TX,Texas,"700 Madison Ave, Cedar Park, TX 92413",(512) 300-3638,False,,0.71,99,sweep_v25,2026-06-06T04:42:54.755676,Target for Modern Trade template demo
Express Roofing & Construction,Roofing,Geneva,NY,New York,"9183 Maple Dr, Geneva, NY 90465",(585) 576-6332,True,,0.73,60,sweep_v25,2026-06-06T04:42:54.755718,Target for Modern Trade template demo
Right Burleson Cooling & Heating,HVAC,Burleson,TX,Texas,"1719 Commerce St, Burleson, TX 59344",(903) 962-5433,True,,0.81,51,sweep_v25,2026-06-06T04:42:54.755759,Target for Modern Trade template demo
Dura Roofing Solutions of Sierra Vista,Roofing,Sierra Vista,AZ,Arizona,"3153 Industrial Blvd, Sierra Vista, AZ 30321",(602) 406-2724,False,,0.87,100,sweep_v25,2026-06-06T04:42:54.755801,Target for Modern Trade template demo
Desert Chino Valley Temperature Control,HVAC,Chino Valley,AZ,Arizona,"8021 Sunset Blvd, Chino Valley, AZ 75892",(623) 770-8295,True,,0.7,49,sweep_v25,2026-06-06T04:42:54.755845,Target for Modern Trade template demo
Express Flower Mound Construction & Roofing,Roofing,Flower Mound,TX,Texas,"9484 Church St, Flower Mound, TX 56210",(682) 687-3325,True,,0.67,62,sweep_v25,2026-06-06T04:42:54.755886,Target for Modern Trade template demo
Climate Coolidge Service Experts,HVAC,Coolidge,AZ,Arizona,"7021 Commerce St, Coolidge, AZ 40953",(928) 504-9226,True,,0.67,45,sweep_v25,2026-06-06T04:42:54.755931,Target for Modern Trade template demo
Original Kitchen,Restaurant,Dunkirk,NY,New York,"8509 Church St, Dunkirk, NY 99742",(929) 826-2532,False,,0.77,79,sweep_v25,2026-06-06T04:42:54.755973,Target for Elegant Food template demo
North Star HVAC Services of Niagara Falls,HVAC,Niagara Falls,NY,New York,"3274 Market St, Niagara Falls, NY 54419",(585) 925-3247,False,,0.84,86,sweep_v25,2026-06-06T04:42:54.756015,Target for Modern Trade template demo
Western Exteriors of Fountain Hills,Roofing,Fountain Hills,AZ,Arizona,"5191 Adams St, Fountain Hills, AZ 72689",(928) 912-5859,False,,0.88,100,sweep_v25,2026-06-06T04:42:54.756057,Target for Modern Trade template demo
Fortress Pasadena Roofing,Roofing,Pasadena,TX,Texas,"8603 Jefferson Dr, Pasadena, TX 32060",(214) 268-8819,True,,0.68,63,sweep_v25,2026-06-06T04:42:54.756099,Target for Modern Trade template demo
Elite Heating & Cooling,HVAC,Cottonwood,AZ,Arizona,"2633 Pine St, Cottonwood, AZ 43583",(520) 972-9083,True,,0.75,57,sweep_v25,2026-06-06T04:42:54.756142,Target for Modern Trade template demo
Harbor Kitchen,Restaurant,Long Beach,NY,New York,"2985 Jefferson Dr, Long Beach, NY 95472",(607) 841-9926,False,,0.9,83,sweep_v25,2026-06-06T04:42:54.756183,Target for Elegant Food template demo
City Cafe & Grill,Restaurant,San Antonio,TX,Texas,"5610 Highland Ave, San Antonio, TX 21317",(409) 432-6087,True,,0.66,55,sweep_v25,2026-06-06T04:42:54.756253,Target for Elegant Food template demo
Wild Cafe & Grill,Restaurant,Watertown,NY,New York,"8422 Madison Ave, Watertown, NY 96909",(347) 411-8441,True,,0.72,38,sweep_v25,2026-06-06T04:42:54.756300,Target for Elegant Food template demo
Guardian Glendale Shingle & Siding,Roofing,Glendale,AZ,Arizona,"2689 Pine St, Glendale, AZ 30596",(623) 245-8661,True,,0.73,52,sweep_v25,2026-06-06T04:42:54.756343,Target for Modern Trade template demo
Harbor Baytown Grille,Restaurant,Baytown,TX,Texas,"259 Valley Blvd, Baytown, TX 87884",(817) 362-9018,False,,0.9,83,sweep_v25,2026-06-06T04:42:54.756385,Target for Elegant Food template demo
Atlas Climate Control,HVAC,Ogdensburg,NY,New York,"4006 Market St, Ogdensburg, NY 21707",(516) 522-1170,True,,0.68,55,sweep_v25,2026-06-06T04:42:54.756427,Target for Modern Trade template demo
Bella Euless Bistro & Bar,Restaurant,Euless,TX,Texas,"9331 School St, Euless, TX 83754",(361) 531-2109,True,,0.63,52,sweep_v25,2026-06-06T04:42:54.756469,Target for Elegant Food template demo
Desert Cooling & Heating,HVAC,Long Beach,NY,New York,"6781 Cedar Ln, Long Beach, NY 31965",(315) 211-3070,True,,0.85,50,sweep_v25,2026-06-06T04:42:54.756511,Target for Modern Trade template demo
Tri-State Cooling Solutions of Cedar Hill,HVAC,Cedar Hill,TX,Texas,"3227 Washington Blvd, Cedar Hill, TX 37479",(936) 221-6918,True,,0.61,47,sweep_v25,2026-06-06T04:42:54.756553,Target for Modern Trade template demo
Traditions Grille,Restaurant,Cedar Hill,TX,Texas,"5825 Cedar Ln, Cedar Hill, TX 31878",(972) 786-8172,False,,0.85,87,sweep_v25,2026-06-06T04:42:54.756594,Target for Elegant Food template demo
New Bakery & Cafe,Restaurant,Fulton,NY,New York,"1779 River Rd, Fulton, NY 20334",(212) 677-2339,True,,0.86,43,sweep_v25,2026-06-06T04:42:54.756636,Target for Elegant Food template demo
Sun Flagstaff Italian Kitchen,Restaurant,Flagstaff,AZ,Arizona,"1554 Highland Ave, Flagstaff, AZ 54295",(623) 601-2705,False,,0.74,92,sweep_v25,2026-06-06T04:42:54.756677,Target for Elegant Food template demo
Frontier Cooling & Heating of Dunkirk,HVAC,Dunkirk,NY,New York,"6364 Hamilton Ave, Dunkirk, NY 40146",(212) 696-2360,False,,0.76,87,sweep_v25,2026-06-06T04:42:54.756720,Target for Modern Trade template demo
Grand Oneonta Restaurant,Restaurant,Oneonta,NY,New York,"2975 Market St, Oneonta, NY 96229",(718) 667-5882,True,,0.83,48,sweep_v25,2026-06-06T04:42:54.756761,Target for Elegant Food template demo
Embers Cohoes Taqueria,Restaurant,Cohoes,NY,New York,"385 Business Park Dr, Cohoes, NY 94226",(585) 900-2999,False,,0.89,81,sweep_v25,2026-06-06T04:42:54.756803,Target for Elegant Food template demo
Pioneer Little Falls Roofing & Construction,Roofing,Little Falls,NY,New York,"9415 Hill St, Little Falls, NY 46570",(646) 902-4992,True,,0.8,57,sweep_v25,2026-06-06T04:42:54.756859,Target for Modern Trade template demo
Valley Air Conditioning of Lake Havasu City,HVAC,Lake Havasu City,AZ,Arizona,"1640 1st Ave, Lake Havasu City, AZ 15468",(623) 322-6361,True,,0.62,49,sweep_v25,2026-06-06T04:42:54.756901,Target for Modern Trade template demo
Cool Service Experts of Beaumont,HVAC,Beaumont,TX,Texas,"3463 Lake Dr, Beaumont, TX 83079",(726) 416-3789,True,,0.62,47,sweep_v25,2026-06-06T04:42:54.756946,Target for Modern Trade template demo
Downtown Killeen Bistro & Bar,Restaurant,Killeen,TX,Texas,"3201 Monroe Ave, Killeen, TX 34707",(972) 526-9308,True,,0.82,46,sweep_v25,2026-06-06T04:42:54.756987,Target for Elegant Food template demo
Main New Rochelle Steakhouse,Restaurant,New Rochelle,NY,New York,"3877 Adams St, New Rochelle, NY 19537",(914) 867-2378,True,,0.66,52,sweep_v25,2026-06-06T04:42:54.757029,Target for Elegant Food template demo
National Air Systems of Plano,HVAC,Plano,TX,Texas,"2136 Business Park Dr, Plano, TX 51383",(281) 500-9983,True,,0.87,60,sweep_v25,2026-06-06T04:42:54.757071,Target for Modern Trade template demo
Embers Steakhouse,Restaurant,Coolidge,AZ,Arizona,"8856 Madison Ave, Coolidge, AZ 75998",(623) 680-7099,True,,0.72,49,sweep_v25,2026-06-06T04:42:54.757112,Target for Elegant Food template demo
Liberty Lockport Roofing & Construction,Roofing,Lockport,NY,New York,"3928 Jackson Blvd, Lockport, NY 67071",(585) 556-8419,False,,0.71,88,sweep_v25,2026-06-06T04:42:54.757155,Target for Modern Trade template demo
Blue Big Spring Climate Control,HVAC,Big Spring,TX,Texas,"6028 Business Park Dr, Big Spring, TX 38988",(737) 304-7387,True,,0.88,60,sweep_v25,2026-06-06T04:42:54.757217,Target for Modern Trade template demo
Famous Del Rio Restaurant,Restaurant,Del Rio,TX,Texas,"4228 Hill St, Del Rio, TX 17133",(737) 304-6393,True,,0.86,47,sweep_v25,2026-06-06T04:42:54.757266,Target for Elegant Food template demo
Liberty Waco Roof Specialists,Roofing,Waco,TX,Texas,"3827 Park Ave, Waco, TX 55236",(432) 653-8043,True,,0.82,61,sweep_v25,2026-06-06T04:42:54.757309,Target for Modern Trade template demo
Certified Sugar Land Roof Specialists,Roofing,Sugar Land,TX,Texas,"7778 Oak Ave, Sugar Land, TX 43522",(512) 464-3739,False,,0.85,90,sweep_v25,2026-06-06T04:42:54.757351,Target for Modern Trade template demo
New Sherman Kitchen,Restaurant,Sherman,TX,Texas,"8411 Center St, Sherman, TX 75785",(830) 615-3619,True,,0.87,51,sweep_v25,2026-06-06T04:42:54.757393,Target for Elegant Food template demo
Best Duncanville Climate Control,HVAC,Duncanville,TX,Texas,"9359 Monroe Ave, Duncanville, TX 23223",(210) 794-2097,False,,0.95,99,sweep_v25,2026-06-06T04:42:54.757437,Target for Modern Trade template demo
Desert Roofing Co. of Surprise,Roofing,Surprise,AZ,Arizona,"5234 State St, Surprise, AZ 33385",(928) 374-4250,False,,0.78,88,sweep_v25,2026-06-06T04:42:54.757480,Target for Modern Trade template demo
Eagle Shingle & Siding of Rensselaer,Roofing,Rensselaer,NY,New York,"5324 Madison Ave, Rensselaer, NY 95366",(646) 950-6910,True,,0.62,50,sweep_v25,2026-06-06T04:42:54.757523,Target for Modern Trade template demo
Pioneer Air Conditioning & Heating,HVAC,Hurst,TX,Texas,"2427 Park Ave, Hurst, TX 74435",(940) 806-4513,True,,0.66,51,sweep_v25,2026-06-06T04:42:54.757564,Target for Modern Trade template demo
New Surprise Bakery & Cafe,Restaurant,Surprise,AZ,Arizona,"3763 Broadway, Surprise, AZ 19043",(520) 851-7926,True,,0.68,53,sweep_v25,2026-06-06T04:42:54.757607,Target for Elegant Food template demo
Weather Shingle & Siding of Bisbee,Roofing,Bisbee,AZ,Arizona,"8310 Innovation Blvd, Bisbee, AZ 20825",(602) 980-9361,True,,0.73,51,sweep_v25,2026-06-06T04:42:54.757649,Target for Modern Trade template demo
Corner Pizzeria,Restaurant,Temple,TX,Texas,"6422 Water St, Temple, TX 34198",(432) 301-5286,True,,0.75,53,sweep_v25,2026-06-06T04:42:54.757690,Target for Elegant Food template demo
El Tucson Pizza & Pasta,Restaurant,Tucson,AZ,Arizona,"2839 Washington Blvd, Tucson, AZ 99665",(928) 651-6780,True,,0.83,44,sweep_v25,2026-06-06T04:42:54.757732,Target for Elegant Food template demo
State Scottsdale Bakery & Cafe,Restaurant,Scottsdale,AZ,Arizona,"2069 Market St, Scottsdale, AZ 53418",(928) 931-6910,True,,0.84,52,sweep_v25,2026-06-06T04:42:54.757773,Target for Elegant Food template demo
Family Bisbee Service Experts,HVAC,Bisbee,AZ,Arizona,"5589 Oak Ave, Bisbee, AZ 19126",(623) 290-9163,True,,0.63,47,sweep_v25,2026-06-06T04:42:54.757817,Target for Modern Trade template demo
Prime Service Experts of Baytown,HVAC,Baytown,TX,Texas,"9763 Cedar Ln, Baytown, TX 86750",(940) 323-5066,True,,0.81,54,sweep_v25,2026-06-06T04:42:54.757859,Target for Modern Trade template demo
Universal Haverstraw Mechanical,HVAC,Haverstraw,NY,New York,"4660 2nd St, Haverstraw, NY 49034",(716) 344-7421,True,,0.75,44,sweep_v25,2026-06-06T04:42:54.757901,Target for Modern Trade template demo
Top Roofing Company of Phoenix,Roofing,Phoenix,AZ,Arizona,"4981 2nd St, Phoenix, AZ 23951",(520) 552-2913,False,,0.74,95,sweep_v25,2026-06-06T04:42:54.757946,Target for Modern Trade template demo
Summit Sushi Bar,Restaurant,Victoria,TX,Texas,"2932 Lake Dr, Victoria, TX 64284",(254) 894-3329,False,,0.8,95,sweep_v25,2026-06-06T04:42:54.757988,Target for Elegant Food template demo
Royal Roofing Co.,Roofing,Poughkeepsie,NY,New York,"960 Innovation Blvd, Poughkeepsie, NY 42432",(646) 549-3763,False,,0.75,96,sweep_v25,2026-06-06T04:42:54.758032,Target for Modern Trade template demo
Red Mechanical of Youngtown,HVAC,Youngtown,AZ,Arizona,"2221 Commerce St, Youngtown, AZ 52698",(623) 480-9211,False,,0.94,89,sweep_v25,2026-06-06T04:42:54.758075,Target for Modern Trade template demo
Express Beacon Roofing,Roofing,Beacon,NY,New York,"4337 Main St, Beacon, NY 61490",(585) 923-4392,False,,0.95,91,sweep_v25,2026-06-06T04:42:54.758117,Target for Modern Trade template demo
Gulf Roofing,Roofing,The Colony,TX,Texas,"4997 Market St, The Colony, TX 38550",(972) 297-3579,False,,0.72,91,sweep_v25,2026-06-06T04:42:54.758158,Target for Modern Trade template demo
Keystone Lake Havasu City Roofing Contractors,Roofing,Lake Havasu City,AZ,Arizona,"5244 Park Ave, Lake Havasu City, AZ 87390",(928) 717-4690,True,,0.63,61,sweep_v25,2026-06-06T04:42:54.758220,Target for Modern Trade template demo
Valley HVAC,HVAC,The Colony,TX,Texas,"250 Hill St, The Colony, TX 57970",(254) 797-3252,True,,0.68,46,sweep_v25,2026-06-06T04:42:54.758270,Target for Modern Trade template demo
Home Shingle & Siding,Roofing,Carrollton,TX,Texas,"1282 Church St, Carrollton, TX 61709",(361) 987-4656,True,,0.87,65,sweep_v25,2026-06-06T04:42:54.758312,Target for Modern Trade template demo
Right Tucson Roof Specialists,Roofing,Tucson,AZ,Arizona,"7826 Center St, Tucson, AZ 19706",(623) 311-3406,False,,0.88,93,sweep_v25,2026-06-06T04:42:54.758355,Target for Modern Trade template demo
Mountain Wickenburg Cafe & Grill,Restaurant,Wickenburg,AZ,Arizona,"114 Oak Ave, Wickenburg, AZ 56440",(602) 752-6937,True,,0.7,53,sweep_v25,2026-06-06T04:42:54.758398,Target for Elegant Food template demo
Triple Lake Havasu City BBQ & Grill,Restaurant,Lake Havasu City,AZ,Arizona,"4422 1st Ave, Lake Havasu City, AZ 49694",(602) 315-3672,True,,0.78,38,sweep_v25,2026-06-06T04:42:54.758440,Target for Elegant Food template demo
Everest Roofing Company,Roofing,Watervliet,NY,New York,"2972 2nd St, Watervliet, NY 34452",(929) 414-5447,True,,0.82,56,sweep_v25,2026-06-06T04:42:54.758484,Target for Modern Trade template demo
Precision Port Arthur HVAC,HVAC,Port Arthur,TX,Texas,"8165 Oak Ave, Port Arthur, TX 27301",(806) 231-1423,False,,0.85,95,sweep_v25,2026-06-06T04:42:54.758526,Target for Modern Trade template demo
One Hour Heating & Air,HVAC,Pasadena,TX,Texas,"148 Market St, Pasadena, TX 72441",(737) 384-6298,False,,0.87,88,sweep_v25,2026-06-06T04:42:54.758567,Target for Modern Trade template demo
Village Eatery,Restaurant,Marana,AZ,Arizona,"257 3rd St, Marana, AZ 16725",(602) 835-7827,False,,0.94,81,sweep_v25,2026-06-06T04:42:54.758610,Target for Elegant Food template demo
Valley Wylie Steakhouse,Restaurant,Wylie,TX,Texas,"7209 Franklin St, Wylie, TX 12265",(512) 256-5086,True,,0.66,41,sweep_v25,2026-06-06T04:42:54.758652,Target for Elegant Food template demo
Mountain Air Conditioning of Mesa,HVAC,Mesa,AZ,Arizona,"8246 Elm St, Mesa, AZ 37032",(480) 825-4437,False,,0.86,96,sweep_v25,2026-06-06T04:42:54.758694,Target for Modern Trade template demo
Frontier Eloy Metal Roofing,Roofing,Eloy,AZ,Arizona,"5875 Commerce St, Eloy, AZ 59838",(623) 948-7204,False,,0.91,98,sweep_v25,2026-06-06T04:42:54.758767,Target for Modern Trade template demo
Famous Bakery & Cafe,Restaurant,Middletown,NY,New York,"3612 Maple Dr, Middletown, NY 29247",(631) 554-1260,False,,0.89,86,sweep_v25,2026-06-06T04:42:54.758814,Target for Elegant Food template demo
Paradise Pizza & Pasta,Restaurant,Hutto,TX,Texas,"9185 Elm St, Hutto, TX 16648",(817) 324-9363,True,,0.66,51,sweep_v25,2026-06-06T04:42:54.758856,Target for Elegant Food template demo
Port Haverstraw Deli & Market,Restaurant,Haverstraw,NY,New York,"9533 Jackson Blvd, Haverstraw, NY 15588",(585) 788-4042,True,,0.83,41,sweep_v25,2026-06-06T04:42:54.758899,Target for Elegant Food template demo
Guardian Roofing of Burleson,Roofing,Burleson,TX,Texas,"7655 Lake Dr, Burleson, TX 71785",(254) 987-7926,True,,0.61,58,sweep_v25,2026-06-06T04:42:54.758947,Target for Modern Trade template demo
Capital Roofing of Denton,Roofing,Denton,TX,Texas,"6490 Water St, Denton, TX 39971",(682) 574-6393,False,,0.71,100,sweep_v25,2026-06-06T04:42:54.758989,Target for Modern Trade template demo
Green Tucson HVAC Solutions,HVAC,Tucson,AZ,Arizona,"5613 Lake Dr, Tucson, AZ 12735",(520) 605-9807,False,,0.76,93,sweep_v25,2026-06-06T04:42:54.759031,Target for Modern Trade template demo
Supreme Home Improvements,Roofing,Haltom City,TX,Texas,"5925 Veterans Blvd, Haltom City, TX 91929",(254) 473-5949,True,,0.8,53,sweep_v25,2026-06-06T04:42:54.759073,Target for Modern Trade template demo
Total Temperature Control of Safford,HVAC,Safford,AZ,Arizona,"8740 Church St, Safford, AZ 61910",(928) 306-4071,False,,0.71,98,sweep_v25,2026-06-06T04:42:54.759115,Target for Modern Trade template demo
Champion Page Roofing,Roofing,Page,AZ,Arizona,"4227 Madison Ave, Page, AZ 47878",(520) 258-4196,True,,0.64,50,sweep_v25,2026-06-06T04:42:54.759156,Target for Modern Trade template demo
Steadfast Metal Roofing of Hutto,Roofing,Hutto,TX,Texas,"4493 Hill St, Hutto, TX 77538",(682) 414-9653,True,,0.71,61,sweep_v25,2026-06-06T04:42:54.759216,Target for Modern Trade template demo
Superior Roofing,Roofing,Winslow,AZ,Arizona,"2923 Jefferson Dr, Winslow, AZ 67499",(623) 693-3893,True,,0.62,57,sweep_v25,2026-06-06T04:42:54.759265,Target for Modern Trade template demo
Top Rome BBQ & Grill,Restaurant,Rome,NY,New York,"3909 1st Ave, Rome, NY 90153",(516) 464-4815,True,,0.67,49,sweep_v25,2026-06-06T04:42:54.759308,Target for Elegant Food template demo
Advanced Roofing Co. of Oneonta,Roofing,Oneonta,NY,New York,"5777 Elm St, Oneonta, NY 75758",(845) 802-1970,True,,0.71,59,sweep_v25,2026-06-06T04:42:54.759350,Target for Modern Trade template demo
Victory Olean Metal Roofing,Roofing,Olean,NY,New York,"9695 Sunset Blvd, Olean, NY 93895",(315) 789-2540,False,,0.9,98,sweep_v25,2026-06-06T04:42:54.759395,Target for Modern Trade template demo
Right Exteriors of San Angelo,Roofing,San Angelo,TX,Texas,"7118 Monroe Ave, San Angelo, TX 21129",(512) 505-7207,False,,0.76,90,sweep_v25,2026-06-06T04:42:54.759438,Target for Modern Trade template demo
Texas Tonawanda AC & Heating,HVAC,Tonawanda,NY,New York,"4264 Sunset Blvd, Tonawanda, NY 75251",(315) 429-4153,True,,0.76,42,sweep_v25,2026-06-06T04:42:54.759480,Target for Modern Trade template demo
Green Service Experts,HVAC,Odessa,TX,Texas,"9213 Church St, Odessa, TX 95442",(806) 603-3744,False,,0.83,99,sweep_v25,2026-06-06T04:42:54.759521,Target for Modern Trade template demo
Lone Star Peoria BBQ & Grill,Restaurant,Peoria,AZ,Arizona,"7753 Enterprise Rd, Peoria, AZ 75794",(623) 865-3319,True,,0.73,53,sweep_v25,2026-06-06T04:42:54.759563,Target for Elegant Food template demo
Corner Benbrook Italian Kitchen,Restaurant,Benbrook,TX,Texas,"6262 Franklin St, Benbrook, TX 90937",(512) 368-2196,True,,0.6,46,sweep_v25,2026-06-06T04:42:54.759605,Target for Elegant Food template demo
Vista Roofing & Remodeling of Grand Prairie,Roofing,Grand Prairie,TX,Texas,"8740 Jackson Blvd, Grand Prairie, TX 94838",(325) 925-3403,False,,0.76,92,sweep_v25,2026-06-06T04:42:54.759648,Target for Modern Trade template demo
Bella Waco Bistro & Bar,Restaurant,Waco,TX,Texas,"2019 Industrial Blvd, Waco, TX 66501",(210) 923-8512,True,,0.62,53,sweep_v25,2026-06-06T04:42:54.759691,Target for Elegant Food template demo
Royal Shingle & Siding,Roofing,Cedar Hill,TX,Texas,"1962 Hill St, Cedar Hill, TX 71230",(713) 852-6498,False,,0.73,90,sweep_v25,2026-06-06T04:42:54.759732,Target for Modern Trade template demo
Desert Roofing Company,Roofing,Cottonwood,AZ,Arizona,"6156 River Rd, Cottonwood, AZ 79112",(520) 201-6030,True,,0.87,54,sweep_v25,2026-06-06T04:42:54.759776,Target for Modern Trade template demo
Family Air & Heating,HVAC,Goodyear,AZ,Arizona,"2881 Valley Blvd, Goodyear, AZ 27923",(602) 452-1248,False,,0.76,92,sweep_v25,2026-06-06T04:42:54.759821,Target for Modern Trade template demo
Blue Beaumont Taqueria,Restaurant,Beaumont,TX,Texas,"495 Lincoln Ave, Beaumont, TX 87244",(972) 686-8780,True,,0.67,46,sweep_v25,2026-06-06T04:42:54.759863,Target for Elegant Food template demo
Smart Cooling Solutions,HVAC,Eloy,AZ,Arizona,"7415 Park Ave, Eloy, AZ 57801",(623) 348-7964,True,,0.74,52,sweep_v25,2026-06-06T04:42:54.759904,Target for Modern Trade template demo
Five Star Roofing & Construction,Roofing,Baytown,TX,Texas,"5984 Enterprise Rd, Baytown, TX 84182",(254) 848-8352,True,,0.9,61,sweep_v25,2026-06-06T04:42:54.759955,Target for Modern Trade template demo
Cactus Comfort Systems of Lockport,HVAC,Lockport,NY,New York,"4737 3rd St, Lockport, NY 44292",(347) 609-9168,False,,0.77,84,sweep_v25,2026-06-06T04:42:54.760011,Target for Modern Trade template demo
One Poughkeepsie Bakery & Cafe,Restaurant,Poughkeepsie,NY,New York,"3651 Market St, Poughkeepsie, NY 62033",(631) 565-8024,False,,0.75,84,sweep_v25,2026-06-06T04:42:54.760068,Target for Elegant Food template demo
Silver Grille,Restaurant,Amarillo,TX,Texas,"4445 Oak Ave, Amarillo, TX 42231",(830) 367-1090,False,,0.77,82,sweep_v25,2026-06-06T04:42:54.760129,Target for Elegant Food template demo
AA Comfort Systems of Phoenix,HVAC,Phoenix,AZ,Arizona,"7595 Hamilton Ave, Phoenix, AZ 89948",(623) 977-6535,True,,0.72,56,sweep_v25,2026-06-06T04:42:54.760190,Target for Modern Trade template demo
Iron Kingman Roofing Solutions,Roofing,Kingman,AZ,Arizona,"6494 Main St, Kingman, AZ 88956",(480) 381-4370,False,,0.76,88,sweep_v25,2026-06-06T04:42:54.760263,Target for Modern Trade template demo
Guardian Douglas Metal Roofing,Roofing,Douglas,AZ,Arizona,"2732 Technology Dr, Douglas, AZ 82829",(928) 411-8340,False,,0.78,100,sweep_v25,2026-06-06T04:42:54.760308,Target for Modern Trade template demo
Integrity Pearland Cooling & Heating,HVAC,Pearland,TX,Texas,"5581 Center St, Pearland, TX 76980",(409) 300-9095,True,,0.71,45,sweep_v25,2026-06-06T04:42:54.760355,Target for Modern Trade template demo
River Eloy Deli & Market,Restaurant,Eloy,AZ,Arizona,"4004 Lincoln Ave, Eloy, AZ 18475",(928) 239-6720,True,,0.78,47,sweep_v25,2026-06-06T04:42:54.760397,Target for Elegant Food template demo
Castle Tyler Roof Specialists,Roofing,Tyler,TX,Texas,"563 Market St, Tyler, TX 76859",(979) 471-8928,False,,0.87,91,sweep_v25,2026-06-06T04:42:54.760439,Target for Modern Trade template demo
Island Bistro & Bar,Restaurant,Massena,NY,New York,"9841 Sunset Blvd, Massena, NY 98759",(646) 684-9437,True,,0.63,37,sweep_v25,2026-06-06T04:42:54.760482,Target for Elegant Food template demo
Copper El Mirage Sushi Bar,Restaurant,El Mirage,AZ,Arizona,"9204 Sunset Blvd, El Mirage, AZ 33400",(623) 366-8262,True,,0.74,46,sweep_v25,2026-06-06T04:42:54.760524,Target for Elegant Food template demo
Supreme Roof & Gutter of Hurst,Roofing,Hurst,TX,Texas,"8613 Hill St, Hurst, TX 95631",(432) 471-2620,True,,0.74,55,sweep_v25,2026-06-06T04:42:54.760567,Target for Modern Trade template demo
Five Star Cooling Solutions of Wichita Falls,HVAC,Wichita Falls,TX,Texas,"2593 Washington Blvd, Wichita Falls, TX 85482",(936) 965-8176,True,,0.66,57,sweep_v25,2026-06-06T04:42:54.760609,Target for Modern Trade template demo
Universal HVAC Solutions,HVAC,Rensselaer,NY,New York,"1320 Innovation Blvd, Rensselaer, NY 97694",(518) 862-5622,True,,0.84,42,sweep_v25,2026-06-06T04:42:54.760651,Target for Modern Trade template demo
Clear Air Conditioning of Fountain Hills,HVAC,Fountain Hills,AZ,Arizona,"8734 Washington Blvd, Fountain Hills, AZ 76252",(602) 628-9428,True,,0.72,45,sweep_v25,2026-06-06T04:42:54.760693,Target for Modern Trade template demo
Santa Fe Watervliet Restaurant,Restaurant,Watervliet,NY,New York,"5341 State St, Watervliet, NY 89097",(607) 296-3435,True,,0.83,39,sweep_v25,2026-06-06T04:42:54.760734,Target for Elegant Food template demo
Empire Roofing Contractors,Roofing,San Marcos,TX,Texas,"9894 Pine St, San Marcos, TX 51177",(737) 646-7240,False,,0.82,100,sweep_v25,2026-06-06T04:42:54.760781,Target for Modern Trade template demo
Blue Climate Control,HVAC,Dallas,TX,Texas,"3277 Jackson Blvd, Dallas, TX 49010",(936) 734-9694,False,,0.79,95,sweep_v25,2026-06-06T04:42:54.760823,Target for Modern Trade template demo
Old Glendale Diner,Restaurant,Glendale,AZ,Arizona,"5886 Monroe Ave, Glendale, AZ 16536",(928) 866-7293,True,,0.74,50,sweep_v25,2026-06-06T04:42:54.760865,Target for Elegant Food template demo
All-Pro HVAC Services of Troy,HVAC,Troy,NY,New York,"242 Elm St, Troy, NY 43735",(518) 461-1885,False,,0.75,94,sweep_v25,2026-06-06T04:42:54.760908,Target for Modern Trade template demo
Payless Grapevine HVAC Services,HVAC,Grapevine,TX,Texas,"801 Lincoln Ave, Grapevine, TX 86585",(915) 795-2241,False,,0.81,89,sweep_v25,2026-06-06T04:42:54.760954,Target for Modern Trade template demo
Capital Heating & Cooling,HVAC,Syracuse,NY,New York,"1151 Cedar Ln, Syracuse, NY 24267",(716) 620-1400,True,,0.72,56,sweep_v25,2026-06-06T04:42:54.760996,Target for Modern Trade template demo
Eagle Massena Roofers,Roofing,Massena,NY,New York,"9050 Innovation Blvd, Massena, NY 51297",(646) 960-8824,False,,0.91,90,sweep_v25,2026-06-06T04:42:54.761038,Target for Modern Trade template demo
House of Keller Restaurant,Restaurant,Keller,TX,Texas,"9015 River Rd, Keller, TX 51371",(432) 870-8479,True,,0.61,47,sweep_v25,2026-06-06T04:42:54.761082,Target for Elegant Food template demo
Tough Oswego Roofing Solutions,Roofing,Oswego,NY,New York,"1978 Lake Dr, Oswego, NY 78292",(929) 381-8673,False,,0.79,88,sweep_v25,2026-06-06T04:42:54.761124,Target for Modern Trade template demo
Town HVAC Services of Lubbock,HVAC,Lubbock,TX,Texas,"1554 Water St, Lubbock, TX 96381",(409) 978-2458,True,,0.68,54,sweep_v25,2026-06-06T04:42:54.761166,Target for Modern Trade template demo
Arch Roofing & Remodeling of Corning,Roofing,Corning,NY,New York,"8783 Pine St, Corning, NY 42871",(518) 438-7341,False,,0.72,100,sweep_v25,2026-06-06T04:42:54.761234,Target for Modern Trade template demo
King Roofing Co. of Euless,Roofing,Euless,TX,Texas,"6984 Monroe Ave, Euless, TX 18392",(915) 929-8624,True,,0.74,61,sweep_v25,2026-06-06T04:42:54.761280,Target for Modern Trade template demo
Advanced Construction & Roofing,Roofing,Wylie,TX,Texas,"3195 River Rd, Wylie, TX 69929",(713) 893-4218,True,,0.64,55,sweep_v25,2026-06-06T04:42:54.761322,Target for Modern Trade template demo
Elite Mexican Grill,Restaurant,Tyler,TX,Texas,"4245 1st Ave, Tyler, TX 89164",(972) 695-5107,True,,0.88,47,sweep_v25,2026-06-06T04:42:54.761364,Target for Elegant Food template demo
Premier Laredo Air & Heating,HVAC,Laredo,TX,Texas,"6774 Park Ave, Laredo, TX 88337",(737) 431-9107,True,,0.76,50,sweep_v25,2026-06-06T04:42:54.761408,Target for Modern Trade template demo
Salt Laredo Bistro & Bar,Restaurant,Laredo,TX,Texas,"5476 Valley Blvd, Laredo, TX 11218",(972) 867-9284,False,,0.77,85,sweep_v25,2026-06-06T04:42:54.761450,Target for Elegant Food template demo
Iron Albany Temperature Control,HVAC,Albany,NY,New York,"9477 Valley Blvd, Albany, NY 61412",(212) 363-5456,False,,0.78,82,sweep_v25,2026-06-06T04:42:54.761491,Target for Modern Trade template demo
Union Bistro & Bar,Restaurant,Richardson,TX,Texas,"9874 2nd St, Richardson, TX 99775",(214) 829-1943,False,,0.72,93,sweep_v25,2026-06-06T04:42:54.761533,Target for Elegant Food template demo
Central Heating & Cooling,HVAC,Norwich,NY,New York,"6192 State St, Norwich, NY 84486",(845) 586-8604,True,,0.87,55,sweep_v25,2026-06-06T04:42:54.761575,Target for Modern Trade template demo
Elite Bakery & Cafe,Restaurant,San Angelo,TX,Texas,"2967 Main St, San Angelo, TX 62974",(726) 864-6150,True,,0.81,44,sweep_v25,2026-06-06T04:42:54.761617,Target for Elegant Food template demo
West Roofing & Construction,Roofing,New Braunfels,TX,Texas,"2310 Veterans Blvd, New Braunfels, TX 18536",(432) 868-7484,True,,0.62,50,sweep_v25,2026-06-06T04:42:54.761661,Target for Modern Trade template demo
Western HVAC Services of University Park,HVAC,University Park,TX,Texas,"4773 Lincoln Ave, University Park, TX 34522",(903) 894-6537,True,,0.6,58,sweep_v25,2026-06-06T04:42:54.761703,Target for Modern Trade template demo
Royal Rosenberg Roofing Company,Roofing,Rosenberg,TX,Texas,"665 Sunset Blvd, Rosenberg, TX 93769",(214) 817-8932,False,,0.95,92,sweep_v25,2026-06-06T04:42:54.761746,Target for Modern Trade template demo
Main Chandler Steakhouse,Restaurant,Chandler,AZ,Arizona,"1758 Business Park Dr, Chandler, AZ 99446",(520) 924-7961,True,,0.81,39,sweep_v25,2026-06-06T04:42:54.761788,Target for Elegant Food template demo
Integrity Exteriors of Plano,Roofing,Plano,TX,Texas,"1473 Market St, Plano, TX 37326",(737) 528-1819,True,,0.61,64,sweep_v25,2026-06-06T04:42:54.761829,Target for Modern Trade template demo
Texas HVAC,HVAC,Edinburg,TX,Texas,"4528 Lake Dr, Edinburg, TX 67883",(214) 985-1377,True,,0.83,49,sweep_v25,2026-06-06T04:42:54.761870,Target for Modern Trade template demo
Silver Hudson Italian Kitchen,Restaurant,Hudson,NY,New York,"4372 Madison Ave, Hudson, NY 38747",(347) 287-7033,True,,0.64,38,sweep_v25,2026-06-06T04:42:54.761912,Target for Elegant Food template demo
Grand Mamaroneck Deli & Market,Restaurant,Mamaroneck,NY,New York,"8480 River Rd, Mamaroneck, NY 24598",(212) 764-9629,False,,0.92,88,sweep_v25,2026-06-06T04:42:54.761957,Target for Elegant Food template demo
Royal Bistro & Bar,Restaurant,Rochester,NY,New York,"7507 Broadway, Rochester, NY 72015",(607) 731-1681,True,,0.77,47,sweep_v25,2026-06-06T04:42:54.761999,Target for Elegant Food template demo
AAA Buffalo Roofing & Remodeling,Roofing,Buffalo,NY,New York,"819 Commerce St, Buffalo, NY 17130",(845) 421-8276,True,,0.88,57,sweep_v25,2026-06-06T04:42:54.762043,Target for Modern Trade template demo
Valley Heating & Air of Flagstaff,HVAC,Flagstaff,AZ,Arizona,"8166 Maple Dr, Flagstaff, AZ 28653",(520) 808-6960,True,,0.76,48,sweep_v25,2026-06-06T04:42:54.762087,Target for Modern Trade template demo
Texas Kingston HVAC,HVAC,Kingston,NY,New York,"5731 Commerce St, Kingston, NY 97404",(914) 452-6786,False,,0.7,94,sweep_v25,2026-06-06T04:42:54.762129,Target for Modern Trade template demo
Atlas Roofers of Missouri City,Roofing,Missouri City,TX,Texas,"8092 Business Park Dr, Missouri City, TX 63779",(214) 321-3595,False,,0.71,94,sweep_v25,2026-06-06T04:42:54.762171,Target for Modern Trade template demo
Wild Farmers Branch Pizza & Pasta,Restaurant,Farmers Branch,TX,Texas,"3794 2nd St, Farmers Branch, TX 53305",(210) 494-3083,True,,0.66,55,sweep_v25,2026-06-06T04:42:54.762239,Target for Elegant Food template demo
Corner Ithaca Diner,Restaurant,Ithaca,NY,New York,"1400 Industrial Blvd, Ithaca, NY 77893",(917) 868-3314,False,,0.93,77,sweep_v25,2026-06-06T04:42:54.762286,Target for Elegant Food template demo
Three Taqueria,Restaurant,Yuma,AZ,Arizona,"7816 Main St, Yuma, AZ 34755",(520) 317-4197,False,,0.71,82,sweep_v25,2026-06-06T04:42:54.762331,Target for Elegant Food template demo
Pine Deli & Market,Restaurant,Lewisville,TX,Texas,"8195 Innovation Blvd, Lewisville, TX 65984",(940) 615-5775,True,,0.77,50,sweep_v25,2026-06-06T04:42:54.762373,Target for Elegant Food template demo
Everest Shingle & Siding of Lancaster,Roofing,Lancaster,TX,Texas,"6167 Hill St, Lancaster, TX 62383",(830) 577-7679,True,,0.83,55,sweep_v25,2026-06-06T04:42:54.762415,Target for Modern Trade template demo
Southwest Mexican Grill,Restaurant,Lackawanna,NY,New York,"2233 Valley Blvd, Lackawanna, NY 14537",(212) 955-6976,False,,0.92,82,sweep_v25,2026-06-06T04:42:54.762457,Target for Elegant Food template demo
National Air Conditioning,HVAC,Glen Cove,NY,New York,"453 Oak Ave, Glen Cove, NY 38874",(845) 898-5853,True,,0.65,57,sweep_v25,2026-06-06T04:42:54.762500,Target for Modern Trade template demo
Royal Roof Specialists,Roofing,Port Arthur,TX,Texas,"1979 Hill St, Port Arthur, TX 52370",(281) 563-3322,False,,0.71,91,sweep_v25,2026-06-06T04:42:54.762544,Target for Modern Trade template demo
Great Mexican Grill,Restaurant,Huntsville,TX,Texas,"8711 Business Park Dr, Huntsville, TX 57016",(713) 292-5331,False,,0.75,82,sweep_v25,2026-06-06T04:42:54.762585,Target for Elegant Food template demo
Heritage New Rochelle Roofing Company,Roofing,New Rochelle,NY,New York,"8696 School St, New Rochelle, NY 87431",(917) 374-5270,True,,0.63,48,sweep_v25,2026-06-06T04:42:54.762627,Target for Modern Trade template demo
Cactus Payson HVAC Solutions,HVAC,Payson,AZ,Arizona,"763 Industrial Blvd, Payson, AZ 64624",(623) 269-4563,False,,0.93,86,sweep_v25,2026-06-06T04:42:54.762669,Target for Modern Trade template demo
United Air Conditioning & Heating,HVAC,Johnstown,NY,New York,"9176 Technology Dr, Johnstown, NY 69766",(518) 903-5887,False,,0.87,82,sweep_v25,2026-06-06T04:42:54.762712,Target for Modern Trade template demo
Silver Roofing Services of Maricopa,Roofing,Maricopa,AZ,Arizona,"5434 2nd St, Maricopa, AZ 44793",(928) 478-9373,True,,0.76,63,sweep_v25,2026-06-06T04:42:54.762788,Target for Modern Trade template demo
Elite Metal Roofing,Roofing,Haverstraw,NY,New York,"9930 Pine St, Haverstraw, NY 64247",(212) 550-6697,False,,0.89,95,sweep_v25,2026-06-06T04:42:54.762833,Target for Modern Trade template demo
Three Buffalo Bistro & Bar,Restaurant,Buffalo,NY,New York,"4856 Spring St, Buffalo, NY 59987",(516) 330-1686,True,,0.84,49,sweep_v25,2026-06-06T04:42:54.762876,Target for Elegant Food template demo
Metal Casa Grande Roofing Services,Roofing,Casa Grande,AZ,Arizona,"5315 Market St, Casa Grande, AZ 19128",(480) 461-2052,True,,0.83,58,sweep_v25,2026-06-06T04:42:54.762918,Target for Modern Trade template demo
All-American Roofing Services of Glen Cove,Roofing,Glen Cove,NY,New York,"1725 Valley Blvd, Glen Cove, NY 92655",(917) 700-4477,True,,0.88,56,sweep_v25,2026-06-06T04:42:54.762964,Target for Modern Trade template demo
Southwest Mesa Eatery,Restaurant,Mesa,AZ,Arizona,"660 Commerce St, Mesa, AZ 60565",(928) 605-8798,True,,0.72,42,sweep_v25,2026-06-06T04:42:54.763019,Target for Elegant Food template demo
Lone Star Bakery & Cafe,Restaurant,Parker,AZ,Arizona,"5542 Spring St, Parker, AZ 88826",(520) 853-1467,True,,0.69,41,sweep_v25,2026-06-06T04:42:54.763061,Target for Elegant Food template demo
Santa Fe Rye Taqueria,Restaurant,Rye,NY,New York,"4418 School St, Rye, NY 64462",(716) 329-4233,True,,0.63,43,sweep_v25,2026-06-06T04:42:54.763103,Target for Elegant Food template demo
Southwest Cooling & Heating of Apache Junction,HVAC,Apache Junction,AZ,Arizona,"5665 Pine St, Apache Junction, AZ 14158",(623) 636-3043,True,,0.63,48,sweep_v25,2026-06-06T04:42:54.763145,Target for Modern Trade template demo
Harvest Mexican Grill,Restaurant,University Park,TX,Texas,"4023 Oak Ave, University Park, TX 48651",(361) 567-3792,True,,0.66,42,sweep_v25,2026-06-06T04:42:54.763187,Target for Elegant Food template demo
Wild Pasadena Sushi Bar,Restaurant,Pasadena,TX,Texas,"7445 Center St, Pasadena, TX 78917",(915) 959-8579,True,,0.86,40,sweep_v25,2026-06-06T04:42:54.763257,Target for Elegant Food template demo
Atlas Roofing Co. of Prescott,Roofing,Prescott,AZ,Arizona,"1957 Market St, Prescott, AZ 12416",(520) 474-7869,True,,0.67,58,sweep_v25,2026-06-06T04:42:54.763303,Target for Modern Trade template demo
Tower Roof & Gutter,Roofing,Galveston,TX,Texas,"4870 River Rd, Galveston, TX 60782",(936) 884-2531,False,,0.8,91,sweep_v25,2026-06-06T04:42:54.763346,Target for Modern Trade template demo
Express Exteriors,Roofing,Flagstaff,AZ,Arizona,"8485 Technology Dr, Flagstaff, AZ 50970",(520) 540-3835,False,,0.91,100,sweep_v25,2026-06-06T04:42:54.763388,Target for Modern Trade template demo
Home Roofing Services of Big Spring,Roofing,Big Spring,TX,Texas,"7630 Oak Ave, Big Spring, TX 50838",(682) 790-7188,True,,0.75,60,sweep_v25,2026-06-06T04:42:54.763433,Target for Modern Trade template demo
Red Cooling Solutions,HVAC,Fort Worth,TX,Texas,"4276 Jackson Blvd, Fort Worth, TX 52424",(432) 245-5581,True,,0.72,50,sweep_v25,2026-06-06T04:42:54.763479,Target for Modern Trade template demo
Mountain Cottonwood Eatery,Restaurant,Cottonwood,AZ,Arizona,"801 Washington Blvd, Cottonwood, AZ 11872",(928) 961-2194,False,,0.86,78,sweep_v25,2026-06-06T04:42:54.763521,Target for Elegant Food template demo
Norton Mechanical of Maricopa,HVAC,Maricopa,AZ,Arizona,"485 State St, Maricopa, AZ 42441",(602) 888-6990,False,,0.91,98,sweep_v25,2026-06-06T04:42:54.763563,Target for Modern Trade template demo
North Metal Roofing,Roofing,Plattsburgh,NY,New York,"3847 State St, Plattsburgh, NY 47902",(917) 544-5315,False,,0.7,91,sweep_v25,2026-06-06T04:42:54.763604,Target for Modern Trade template demo
Capital Schenectady Temperature Control,HVAC,Schenectady,NY,New York,"9456 Highland Ave, Schenectady, NY 15737",(646) 990-1109,True,,0.67,56,sweep_v25,2026-06-06T04:42:54.763646,Target for Modern Trade template demo
Elite Cooling Solutions,HVAC,Corpus Christi,TX,Texas,"6542 Lincoln Ave, Corpus Christi, TX 17631",(979) 324-9258,False,,0.89,86,sweep_v25,2026-06-06T04:42:54.763688,Target for Modern Trade template demo
Lone Star Service Experts of North Richland Hills,HVAC,North Richland Hills,TX,Texas,"149 Elm St, North Richland Hills, TX 84386",(281) 248-7320,True,,0.73,54,sweep_v25,2026-06-06T04:42:54.763730,Target for Modern Trade template demo
Valley Yonkers Cooling & Heating,HVAC,Yonkers,NY,New York,"4251 Monroe Ave, Yonkers, NY 78874",(631) 292-3894,True,,0.64,42,sweep_v25,2026-06-06T04:42:54.763772,Target for Modern Trade template demo
Victory Roofing & Remodeling of Richardson,Roofing,Richardson,TX,Texas,"7904 Sunset Blvd, Richardson, TX 60566",(903) 600-9375,True,,0.64,52,sweep_v25,2026-06-06T04:42:54.763813,Target for Modern Trade template demo
First Buffalo Mechanical,HVAC,Buffalo,NY,New York,"3068 Technology Dr, Buffalo, NY 29154",(347) 251-2702,False,,0.93,91,sweep_v25,2026-06-06T04:42:54.763855,Target for Modern Trade template demo
State Sushi Bar,Restaurant,Rosenberg,TX,Texas,"2900 Madison Ave, Rosenberg, TX 43502",(214) 292-1939,True,,0.74,52,sweep_v25,2026-06-06T04:42:54.763899,Target for Elegant Food template demo
Guardian Roof Specialists of Victoria,Roofing,Victoria,TX,Texas,"1175 Main St, Victoria, TX 79434",(915) 480-9518,False,,0.73,100,sweep_v25,2026-06-06T04:42:54.763944,Target for Modern Trade template demo
Desert Temple Cooling Solutions,HVAC,Temple,TX,Texas,"4566 Business Park Dr, Temple, TX 86584",(979) 644-8546,False,,0.82,93,sweep_v25,2026-06-06T04:42:54.763986,Target for Modern Trade template demo
Village Sierra Vista Taqueria,Restaurant,Sierra Vista,AZ,Arizona,"8634 Lake Dr, Sierra Vista, AZ 53355",(480) 942-9097,True,,0.89,44,sweep_v25,2026-06-06T04:42:54.764028,Target for Elegant Food template demo
State Air Conditioning & Heating,HVAC,Prescott,AZ,Arizona,"2935 Highland Ave, Prescott, AZ 25861",(480) 289-4719,False,,0.92,88,sweep_v25,2026-06-06T04:42:54.764070,Target for Modern Trade template demo
Certified Avondale Roofing,Roofing,Avondale,AZ,Arizona,"4694 Madison Ave, Avondale, AZ 54883",(602) 731-8684,False,,0.9,100,sweep_v25,2026-06-06T04:42:54.764111,Target for Modern Trade template demo
Blue Yonkers Roof & Gutter,Roofing,Yonkers,NY,New York,"5588 Sunset Blvd, Yonkers, NY 33807",(917) 935-4580,False,,0.87,90,sweep_v25,2026-06-06T04:42:54.764153,Target for Modern Trade template demo
Patriot Air Systems of Galveston,HVAC,Galveston,TX,Texas,"2567 Spring St, Galveston, TX 30402",(469) 336-5458,False,,0.76,88,sweep_v25,2026-06-06T04:42:54.764214,Target for Modern Trade template demo
Pioneer Parker Comfort Systems,HVAC,Parker,AZ,Arizona,"842 School St, Parker, AZ 18552",(520) 668-5689,False,,0.71,84,sweep_v25,2026-06-06T04:42:54.764264,Target for Modern Trade template demo
Johnson Surprise Heating & Air,HVAC,Surprise,AZ,Arizona,"9343 Veterans Blvd, Surprise, AZ 20616",(480) 793-1353,True,,0.89,55,sweep_v25,2026-06-06T04:42:54.764307,Target for Modern Trade template demo
Mesa Texas City Italian Kitchen,Restaurant,Texas City,TX,Texas,"4443 1st Ave, Texas City, TX 87915",(817) 638-1449,False,,0.72,86,sweep_v25,2026-06-06T04:42:54.764352,Target for Elegant Food template demo
Famous The Colony Mexican Grill,Restaurant,The Colony,TX,Texas,"1108 Highland Ave, The Colony, TX 35492",(254) 317-5377,True,,0.67,50,sweep_v25,2026-06-06T04:42:54.764394,Target for Elegant Food template demo
Fortress Roofing of San Luis,Roofing,San Luis,AZ,Arizona,"2379 Madison Ave, San Luis, AZ 18258",(520) 631-5567,True,,0.86,48,sweep_v25,2026-06-06T04:42:54.764436,Target for Modern Trade template demo
Main Tempe Eatery,Restaurant,Tempe,AZ,Arizona,"2328 1st Ave, Tempe, AZ 66144",(623) 258-2264,False,,0.95,86,sweep_v25,2026-06-06T04:42:54.764478,Target for Elegant Food template demo
Queen's Odessa Italian Kitchen,Restaurant,Odessa,TX,Texas,"9987 Spring St, Odessa, TX 18468",(409) 511-3625,True,,0.76,53,sweep_v25,2026-06-06T04:42:54.764520,Target for Elegant Food template demo
Great Pizza & Pasta,Restaurant,Bisbee,AZ,Arizona,"9655 Madison Ave, Bisbee, AZ 85247",(480) 836-2367,True,,0.84,51,sweep_v25,2026-06-06T04:42:54.764561,Target for Elegant Food template demo
Summit Prescott Valley Roofing Company,Roofing,Prescott Valley,AZ,Arizona,"9136 Water St, Prescott Valley, AZ 10593",(928) 819-1565,True,,0.87,59,sweep_v25,2026-06-06T04:42:54.764602,Target for Modern Trade template demo
Lake Mechanicville Bakery & Cafe,Restaurant,Mechanicville,NY,New York,"8362 Hill St, Mechanicville, NY 87540",(212) 359-9724,False,,0.92,90,sweep_v25,2026-06-06T04:42:54.764644,Target for Elegant Food template demo
Family Roofing Services of Mission,Roofing,Mission,TX,Texas,"9040 Highland Ave, Mission, TX 66004",(737) 695-7780,False,,0.92,96,sweep_v25,2026-06-06T04:42:54.764696,Target for Modern Trade template demo
Texas Shingle & Siding of Chino Valley,Roofing,Chino Valley,AZ,Arizona,"8478 Veterans Blvd, Chino Valley, AZ 94027",(623) 280-7154,False,,0.71,95,sweep_v25,2026-06-06T04:42:54.764754,Target for Modern Trade template demo
Precision Cooling & Heating of Amsterdam,HVAC,Amsterdam,NY,New York,"2009 Cedar Ln, Amsterdam, NY 80493",(718) 594-5615,True,,0.64,57,sweep_v25,2026-06-06T04:42:54.764817,Target for Modern Trade template demo
Cactus Huntsville Service Experts,HVAC,Huntsville,TX,Texas,"119 Hamilton Ave, Huntsville, TX 97264",(956) 393-5771,False,,0.83,97,sweep_v25,2026-06-06T04:42:54.764875,Target for Modern Trade template demo
Crown Cooling Solutions of Abilene,HVAC,Abilene,TX,Texas,"1125 Lincoln Ave, Abilene, TX 19965",(726) 454-5422,True,,0.88,46,sweep_v25,2026-06-06T04:42:54.764937,Target for Modern Trade template demo
Sunrise Page Heating & Air,HVAC,Page,AZ,Arizona,"8418 Main St, Page, AZ 49500",(520) 818-1995,False,,0.75,84,sweep_v25,2026-06-06T04:42:54.764981,Target for Modern Trade template demo
Pine Edinburg Pizzeria,Restaurant,Edinburg,TX,Texas,"7308 Valley Blvd, Edinburg, TX 39464",(325) 508-2177,False,,0.77,90,sweep_v25,2026-06-06T04:42:54.765023,Target for Elegant Food template demo
Guardian Roofing Services of Cohoes,Roofing,Cohoes,NY,New York,"6188 Lincoln Ave, Cohoes, NY 34941",(914) 869-1695,False,,0.85,98,sweep_v25,2026-06-06T04:42:54.765065,Target for Modern Trade template demo
Imperial Heating & Cooling of Rye,HVAC,Rye,NY,New York,"1979 Jefferson Dr, Rye, NY 76473",(718) 369-7112,True,,0.69,48,sweep_v25,2026-06-06T04:42:54.765108,Target for Modern Trade template demo
Rapid HVAC Solutions,HVAC,Olean,NY,New York,"7694 Hill St, Olean, NY 49214",(914) 264-5944,True,,0.82,55,sweep_v25,2026-06-06T04:42:54.765149,Target for Modern Trade template demo
Three Ogdensburg Bakery & Cafe,Restaurant,Ogdensburg,NY,New York,"492 Jackson Blvd, Ogdensburg, NY 42211",(607) 590-8655,True,,0.89,49,sweep_v25,2026-06-06T04:42:54.765191,Target for Elegant Food template demo
Patriot AC & Heating,HVAC,Mechanicville,NY,New York,"7200 Franklin St, Mechanicville, NY 77484",(917) 724-9257,False,,0.74,85,sweep_v25,2026-06-06T04:42:54.765261,Target for Modern Trade template demo
Vista Oro Valley Taqueria,Restaurant,Oro Valley,AZ,Arizona,"8673 Jefferson Dr, Oro Valley, AZ 64245",(623) 606-8049,True,,0.8,51,sweep_v25,2026-06-06T04:42:54.765310,Target for Elegant Food template demo
Iron Rome Air Conditioning,HVAC,Rome,NY,New York,"2487 Hill St, Rome, NY 84736",(518) 716-7214,False,,0.73,85,sweep_v25,2026-06-06T04:42:54.765357,Target for Modern Trade template demo
North Albany Exteriors,Roofing,Albany,NY,New York,"2828 Industrial Blvd, Albany, NY 51147",(917) 877-5655,True,,0.62,52,sweep_v25,2026-06-06T04:42:54.765401,Target for Modern Trade template demo
Royal Mechanical of Southlake,HVAC,Southlake,TX,Texas,"4610 Highland Ave, Southlake, TX 31849",(512) 948-6182,False,,0.93,100,sweep_v25,2026-06-06T04:42:54.765443,Target for Modern Trade template demo
Union Big Spring Italian Kitchen,Restaurant,Big Spring,TX,Texas,"1567 School St, Big Spring, TX 64253",(214) 223-9893,True,,0.83,41,sweep_v25,2026-06-06T04:42:54.765485,Target for Elegant Food template demo
Red Comfort Systems of Keller,HVAC,Keller,TX,Texas,"5929 1st Ave, Keller, TX 87262",(903) 612-1594,True,,0.72,55,sweep_v25,2026-06-06T04:42:54.765527,Target for Modern Trade template demo
Downtown Little Elm Eatery,Restaurant,Little Elm,TX,Texas,"7463 Elm St, Little Elm, TX 38754",(512) 278-4185,False,,0.94,83,sweep_v25,2026-06-06T04:42:54.765569,Target for Elegant Food template demo
Tri-State El Paso HVAC Solutions,HVAC,El Paso,TX,Texas,"5871 School St, El Paso, TX 49749",(361) 787-8914,False,,0.9,89,sweep_v25,2026-06-06T04:42:54.765611,Target for Modern Trade template demo
Pioneer Shingle & Siding of Allen,Roofing,Allen,TX,Texas,"2622 Main St, Allen, TX 62671",(940) 525-1539,False,,0.93,94,sweep_v25,2026-06-06T04:42:54.765652,Target for Modern Trade template demo
Salt Little Falls Bakery & Cafe,Restaurant,Little Falls,NY,New York,"9142 Water St, Little Falls, NY 54791",(347) 201-2554,True,,0.7,45,sweep_v25,2026-06-06T04:42:54.765694,Target for Elegant Food template demo
Valley North Tonawanda Roofing Company,Roofing,North Tonawanda,NY,New York,"3153 Elm St, North Tonawanda, NY 22902",(607) 703-1874,False,,0.82,90,sweep_v25,2026-06-06T04:42:54.765738,Target for Modern Trade template demo
West Mechanical of College Station,HVAC,College Station,TX,Texas,"2340 Innovation Blvd, College Station, TX 45115",(830) 992-6152,True,,0.75,56,sweep_v25,2026-06-06T04:42:54.765781,Target for Modern Trade template demo
Old Town Bistro & Bar,Restaurant,Dallas,TX,Texas,"1901 Cedar Ln, Dallas, TX 52492",(214) 243-8788,True,,0.66,55,sweep_v25,2026-06-06T04:42:54.765824,Target for Elegant Food template demo
Quality Chandler Comfort Systems,HVAC,Chandler,AZ,Arizona,"7740 School St, Chandler, AZ 98361",(623) 289-8547,True,,0.73,45,sweep_v25,2026-06-06T04:42:54.765865,Target for Modern Trade template demo
Five Kitchen,Restaurant,Jamestown,NY,New York,"1680 Park Ave, Jamestown, NY 59144",(646) 468-6314,True,,0.77,39,sweep_v25,2026-06-06T04:42:54.765907,Target for Elegant Food template demo
Universal Elmira AC & Heating,HVAC,Elmira,NY,New York,"4088 2nd St, Elmira, NY 73561",(914) 323-4289,True,,0.8,55,sweep_v25,2026-06-06T04:42:54.765953,Target for Modern Trade template demo
Pinnacle HVAC Solutions of Peoria,HVAC,Peoria,AZ,Arizona,"3208 Market St, Peoria, AZ 73442",(623) 807-6153,False,,0.81,83,sweep_v25,2026-06-06T04:42:54.765997,Target for Modern Trade template demo
Tri-State Yuma Heating & Cooling,HVAC,Yuma,AZ,Arizona,"417 Adams St, Yuma, AZ 95933",(520) 965-9442,False,,0.94,90,sweep_v25,2026-06-06T04:42:54.766039,Target for Modern Trade template demo
Payless Heating & Air of New York City,HVAC,New York City,NY,New York,"8386 Market St, New York City, NY 32795",(315) 461-8614,True,,0.78,44,sweep_v25,2026-06-06T04:42:54.766081,Target for Modern Trade template demo
JD Service Experts,HVAC,Carrollton,TX,Texas,"2590 Commerce St, Carrollton, TX 19270",(817) 295-9966,False,,0.84,85,sweep_v25,2026-06-06T04:42:54.766124,Target for Modern Trade template demo
Sun Saratoga Springs Italian Kitchen,Restaurant,Saratoga Springs,NY,New York,"2900 Market St, Saratoga Springs, NY 83706",(347) 942-6209,True,,0.89,50,sweep_v25,2026-06-06T04:42:54.766167,Target for Elegant Food template demo
Champion Troy Construction & Roofing,Roofing,Troy,NY,New York,"5520 Center St, Troy, NY 11156",(518) 433-1868,True,,0.72,52,sweep_v25,2026-06-06T04:42:54.766234,Target for Modern Trade template demo
AA Coppell Cooling Solutions,HVAC,Coppell,TX,Texas,"9599 Jackson Blvd, Coppell, TX 21638",(254) 365-9188,True,,0.83,56,sweep_v25,2026-06-06T04:42:54.766280,Target for Modern Trade template demo
One Hour Hornell Service Experts,HVAC,Hornell,NY,New York,"2404 Water St, Hornell, NY 18169",(646) 460-2090,True,,0.6,43,sweep_v25,2026-06-06T04:42:54.766322,Target for Modern Trade template demo
Service Mechanical of Pflugerville,HVAC,Pflugerville,TX,Texas,"5102 Highland Ave, Pflugerville, TX 21194",(713) 603-3074,True,,0.75,54,sweep_v25,2026-06-06T04:42:54.766365,Target for Modern Trade template demo
Empire Cooling & Heating of Jamestown,HVAC,Jamestown,NY,New York,"844 1st Ave, Jamestown, NY 88197",(347) 738-6875,True,,0.86,54,sweep_v25,2026-06-06T04:42:54.766406,Target for Modern Trade template demo
Economy Hudson Roof Specialists,Roofing,Hudson,NY,New York,"6575 School St, Hudson, NY 31842",(315) 511-1400,True,,0.61,52,sweep_v25,2026-06-06T04:42:54.766448,Target for Modern Trade template demo
Southwest Pizzeria,Restaurant,White Plains,NY,New York,"7186 Innovation Blvd, White Plains, NY 39013",(516) 338-6173,True,,0.73,50,sweep_v25,2026-06-06T04:42:54.766490,Target for Elegant Food template demo
One Kitchen,Restaurant,Mission,TX,Texas,"4713 Lake Dr, Mission, TX 13347",(469) 997-6191,True,,0.81,53,sweep_v25,2026-06-06T04:42:54.766532,Target for Elegant Food template demo
Silver Wickenburg Roofing Contractors,Roofing,Wickenburg,AZ,Arizona,"5834 1st Ave, Wickenburg, AZ 59783",(623) 972-9101,False,,0.92,93,sweep_v25,2026-06-06T04:42:54.766573,Target for Modern Trade template demo
Western Roofing Services,Roofing,Holbrook,AZ,Arizona,"8172 Spring St, Holbrook, AZ 57619",(602) 553-2765,True,,0.8,49,sweep_v25,2026-06-06T04:42:54.766619,Target for Modern Trade template demo
Big Exteriors of Pflugerville,Roofing,Pflugerville,TX,Texas,"9950 Hill St, Pflugerville, TX 57923",(737) 490-5715,True,,0.65,52,sweep_v25,2026-06-06T04:42:54.766660,Target for Modern Trade template demo
Pacific Cooling & Heating of Conroe,HVAC,Conroe,TX,Texas,"5815 Broadway, Conroe, TX 36025",(469) 252-1487,False,,0.75,88,sweep_v25,2026-06-06T04:42:54.766702,Target for Modern Trade template demo
Noble Roofing Solutions of Pearland,Roofing,Pearland,TX,Texas,"6436 2nd St, Pearland, TX 91601",(713) 301-3822,True,,0.74,52,sweep_v25,2026-06-06T04:42:54.766778,Target for Modern Trade template demo
Total Kyle Air & Heating,HVAC,Kyle,TX,Texas,"6433 Elm St, Kyle, TX 82690",(325) 975-9757,False,,0.86,85,sweep_v25,2026-06-06T04:42:54.766825,Target for Modern Trade template demo
Great BBQ & Grill,Restaurant,Norwich,NY,New York,"9232 State St, Norwich, NY 77515",(518) 281-8146,True,,0.71,44,sweep_v25,2026-06-06T04:42:54.766868,Target for Elegant Food template demo
Iron Apache Junction Home Improvements,Roofing,Apache Junction,AZ,Arizona,"3907 Lincoln Ave, Apache Junction, AZ 14285",(602) 723-6027,True,,0.77,58,sweep_v25,2026-06-06T04:42:54.766911,Target for Modern Trade template demo
Right Roofing & Construction,Roofing,Tonawanda,NY,New York,"6487 Hamilton Ave, Tonawanda, NY 30300",(718) 881-1421,False,,0.93,100,sweep_v25,2026-06-06T04:42:54.766956,Target for Modern Trade template demo
Seven Kitchen,Restaurant,Coppell,TX,Texas,"2999 Washington Blvd, Coppell, TX 84616",(915) 475-1707,True,,0.81,42,sweep_v25,2026-06-06T04:42:54.766998,Target for Elegant Food template demo
Elite Metal Roofing of White Plains,Roofing,White Plains,NY,New York,"9984 Jefferson Dr, White Plains, NY 92047",(212) 902-5963,False,,0.77,97,sweep_v25,2026-06-06T04:42:54.767040,Target for Modern Trade template demo
Lone Star BBQ & Grill,Restaurant,North Richland Hills,TX,Texas,"4445 Veterans Blvd, North Richland Hills, TX 41442",(903) 255-1006,False,,0.83,82,sweep_v25,2026-06-06T04:42:54.767085,Target for Elegant Food template demo
Royal Denton Diner,Restaurant,Denton,TX,Texas,"3069 Washington Blvd, Denton, TX 19195",(210) 899-3769,True,,0.79,48,sweep_v25,2026-06-06T04:42:54.767127,Target for Elegant Food template demo
Crown Corpus Christi Roofing & Construction,Roofing,Corpus Christi,TX,Texas,"6435 Innovation Blvd, Corpus Christi, TX 59552",(956) 335-4497,False,,0.79,95,sweep_v25,2026-06-06T04:42:54.767169,Target for Modern Trade template demo
King HVAC of Bedford,HVAC,Bedford,TX,Texas,"8625 3rd St, Bedford, TX 66885",(817) 525-5800,False,,0.77,95,sweep_v25,2026-06-06T04:42:54.767236,Target for Modern Trade template demo
Valley Casa Grande AC & Heating,HVAC,Casa Grande,AZ,Arizona,"1457 Sunset Blvd, Casa Grande, AZ 90641",(520) 968-8324,False,,0.81,98,sweep_v25,2026-06-06T04:42:54.767282,Target for Modern Trade template demo
West Fort Worth Cafe & Grill,Restaurant,Fort Worth,TX,Texas,"3718 Industrial Blvd, Fort Worth, TX 33134",(281) 950-1732,True,,0.78,40,sweep_v25,2026-06-06T04:42:54.767324,Target for Elegant Food template demo
Santa Fe Clifton Eatery,Restaurant,Clifton,AZ,Arizona,"6303 Lake Dr, Clifton, AZ 48867",(480) 315-8435,True,,0.68,49,sweep_v25,2026-06-06T04:42:54.767371,Target for Elegant Food template demo
Desert Del Rio Air & Heating,HVAC,Del Rio,TX,Texas,"8107 Main St, Del Rio, TX 77030",(979) 414-5960,False,,0.82,96,sweep_v25,2026-06-06T04:42:54.767419,Target for Modern Trade template demo
Payless Air & Heating,HVAC,Amarillo,TX,Texas,"5123 Enterprise Rd, Amarillo, TX 13553",(936) 483-3248,True,,0.85,56,sweep_v25,2026-06-06T04:42:54.767477,Target for Modern Trade template demo
Iron Construction & Roofing of Conroe,Roofing,Conroe,TX,Texas,"9127 Church St, Conroe, TX 60620",(713) 733-2902,False,,0.93,100,sweep_v25,2026-06-06T04:42:54.767535,Target for Modern Trade template demo
Sun Bakery & Cafe,Restaurant,Allen,TX,Texas,"2858 2nd St, Allen, TX 82222",(432) 658-1713,True,,0.84,40,sweep_v25,2026-06-06T04:42:54.767596,Target for Elegant Food template demo
A1 Metal Roofing,Roofing,Paris,TX,Texas,"9669 Veterans Blvd, Paris, TX 54574",(254) 752-7479,True,,0.72,61,sweep_v25,2026-06-06T04:42:54.767653,Target for Modern Trade template demo
Famous Round Rock Sushi Bar,Restaurant,Round Rock,TX,Texas,"4111 Commerce St, Round Rock, TX 89822",(409) 263-3393,False,,0.86,91,sweep_v25,2026-06-06T04:42:54.767711,Target for Elegant Food template demo
Royal Greenville Sushi Bar,Restaurant,Greenville,TX,Texas,"3486 Industrial Blvd, Greenville, TX 79020",(806) 621-2651,False,,0.93,85,sweep_v25,2026-06-06T04:42:54.767768,Target for Elegant Food template demo
Texas Roofers of Little Elm,Roofing,Little Elm,TX,Texas,"2310 Market St, Little Elm, TX 78986",(830) 351-6791,False,,0.87,100,sweep_v25,2026-06-06T04:42:54.767828,Target for Modern Trade template demo
Mountain Missouri City Pizzeria,Restaurant,Missouri City,TX,Texas,"1435 Jackson Blvd, Missouri City, TX 77421",(940) 953-8163,True,,0.89,40,sweep_v25,2026-06-06T04:42:54.767872,Target for Elegant Food template demo
Champion Roofing Contractors,Roofing,Ogdensburg,NY,New York,"3256 Enterprise Rd, Ogdensburg, NY 31402",(516) 377-1738,False,,0.8,91,sweep_v25,2026-06-06T04:42:54.767914,Target for Modern Trade template demo
City Rome Roofing Contractors,Roofing,Rome,NY,New York,"5870 Madison Ave, Rome, NY 72797",(585) 719-3429,False,,0.94,100,sweep_v25,2026-06-06T04:42:54.767961,Target for Modern Trade template demo
Harbor Mount Vernon Pizza & Pasta,Restaurant,Mount Vernon,NY,New York,"2254 3rd St, Mount Vernon, NY 38280",(917) 922-2436,True,,0.62,51,sweep_v25,2026-06-06T04:42:54.768003,Target for Elegant Food template demo
Top Chino Valley Pizza & Pasta,Restaurant,Chino Valley,AZ,Arizona,"5191 Market St, Chino Valley, AZ 93486",(480) 905-7477,True,,0.89,39,sweep_v25,2026-06-06T04:42:54.768045,Target for Elegant Food template demo
Sun Middletown Exteriors,Roofing,Middletown,NY,New York,"8460 Sunset Blvd, Middletown, NY 58835",(845) 409-5946,True,,0.72,59,sweep_v25,2026-06-06T04:42:54.768091,Target for Modern Trade template demo
First Steakhouse,Restaurant,Schenectady,NY,New York,"8858 Adams St, Schenectady, NY 63807",(914) 725-5562,True,,0.75,47,sweep_v25,2026-06-06T04:42:54.768132,Target for Elegant Food template demo
Express HVAC Services of Rochester,HVAC,Rochester,NY,New York,"8897 3rd St, Rochester, NY 16681",(845) 807-6038,True,,0.73,44,sweep_v25,2026-06-06T04:42:54.768174,Target for Modern Trade template demo
Total Norwich Construction & Roofing,Roofing,Norwich,NY,New York,"3827 Valley Blvd, Norwich, NY 28427",(516) 976-4071,False,,0.95,99,sweep_v25,2026-06-06T04:42:54.768240,Target for Modern Trade template demo
Total Newburgh Construction & Roofing,Roofing,Newburgh,NY,New York,"9362 Market St, Newburgh, NY 76075",(347) 397-5795,False,,0.87,92,sweep_v25,2026-06-06T04:42:54.768287,Target for Modern Trade template demo
Express Scottsdale Roofing Company,Roofing,Scottsdale,AZ,Arizona,"4322 3rd St, Scottsdale, AZ 27280",(623) 492-6649,True,,0.67,59,sweep_v25,2026-06-06T04:42:54.768329,Target for Modern Trade template demo
The Kitchen,Restaurant,Niagara Falls,NY,New York,"2382 2nd St, Niagara Falls, NY 69657",(646) 429-9984,False,,0.87,83,sweep_v25,2026-06-06T04:42:54.768371,Target for Elegant Food template demo
Smart Brownsville AC & Heating,HVAC,Brownsville,TX,Texas,"5514 Madison Ave, Brownsville, TX 82397",(254) 323-5135,True,,0.9,58,sweep_v25,2026-06-06T04:42:54.768414,Target for Modern Trade template demo
Steadfast Roofing & Remodeling of Watertown,Roofing,Watertown,NY,New York,"840 Monroe Ave, Watertown, NY 51035",(646) 718-2833,False,,0.92,100,sweep_v25,2026-06-06T04:42:54.768458,Target for Modern Trade template demo
Harbor Prescott Kitchen,Restaurant,Prescott,AZ,Arizona,"3221 River Rd, Prescott, AZ 56174",(928) 421-3102,True,,0.71,43,sweep_v25,2026-06-06T04:42:54.768501,Target for Elegant Food template demo
Empire AC & Heating of Little Elm,HVAC,Little Elm,TX,Texas,"3319 Enterprise Rd, Little Elm, TX 94667",(210) 454-2778,True,,0.88,49,sweep_v25,2026-06-06T04:42:54.768546,Target for Modern Trade template demo
Lone Star Roofing Services,Roofing,Nogales,AZ,Arizona,"7339 Highland Ave, Nogales, AZ 43954",(480) 716-2570,False,,0.73,100,sweep_v25,2026-06-06T04:42:54.768588,Target for Modern Trade template demo
Highland BBQ & Grill,Restaurant,Salamanca,NY,New York,"1930 Main St, Salamanca, NY 83970",(212) 964-9610,True,,0.68,51,sweep_v25,2026-06-06T04:42:54.768630,Target for Elegant Food template demo
High Desert HVAC Solutions,HVAC,Euless,TX,Texas,"6512 Jefferson Dr, Euless, TX 13726",(903) 471-6317,True,,0.74,59,sweep_v25,2026-06-06T04:42:54.768671,Target for Modern Trade template demo
Port Carrollton Taqueria,Restaurant,Carrollton,TX,Texas,"9878 Veterans Blvd, Carrollton, TX 18687",(214) 275-2438,False,,0.89,92,sweep_v25,2026-06-06T04:42:54.768715,Target for Elegant Food template demo
Highland San Marcos Restaurant,Restaurant,San Marcos,TX,Texas,"2699 Jefferson Dr, San Marcos, TX 52541",(214) 693-8296,True,,0.89,44,sweep_v25,2026-06-06T04:42:54.768758,Target for Elegant Food template demo
AAA Farmers Branch Roofers,Roofing,Farmers Branch,TX,Texas,"7693 Maple Dr, Farmers Branch, TX 27296",(726) 243-7569,False,,0.73,95,sweep_v25,2026-06-06T04:42:54.768800,Target for Modern Trade template demo
Top Roofing & Remodeling of Bedford,Roofing,Bedford,TX,Texas,"3042 Water St, Bedford, TX 12143",(682) 660-4212,True,,0.87,58,sweep_v25,2026-06-06T04:42:54.768841,Target for Modern Trade template demo
Top Harlingen Diner,Restaurant,Harlingen,TX,Texas,"3755 Madison Ave, Harlingen, TX 82854",(956) 378-2707,False,,0.89,88,sweep_v25,2026-06-06T04:42:54.768883,Target for Elegant Food template demo
Town Oswego Bistro & Bar,Restaurant,Oswego,NY,New York,"2137 Technology Dr, Oswego, NY 51268",(585) 360-6631,False,,0.79,89,sweep_v25,2026-06-06T04:42:54.768929,Target for Elegant Food template demo
United Allen Service Experts,HVAC,Allen,TX,Texas,"7039 Enterprise Rd, Allen, TX 49244",(936) 993-2737,False,,0.92,86,sweep_v25,2026-06-06T04:42:54.768975,Target for Modern Trade template demo
National Grand Prairie Cooling & Heating,HVAC,Grand Prairie,TX,Texas,"9627 River Rd, Grand Prairie, TX 78759",(254) 844-1975,True,,0.61,60,sweep_v25,2026-06-06T04:42:54.769033,Target for Modern Trade template demo
Arrow AC & Heating of DeSoto,HVAC,DeSoto,TX,Texas,"2040 Water St, DeSoto, TX 12306",(682) 852-5351,True,,0.78,58,sweep_v25,2026-06-06T04:42:54.769091,Target for Modern Trade template demo
King Mesquite AC & Heating,HVAC,Mesquite,TX,Texas,"3459 School St, Mesquite, TX 16184",(903) 303-3881,False,,0.82,99,sweep_v25,2026-06-06T04:42:54.769147,Target for Modern Trade template demo
Capital Roofing of Paradise Valley,Roofing,Paradise Valley,AZ,Arizona,"9980 River Rd, Paradise Valley, AZ 87546",(623) 305-5894,True,,0.89,57,sweep_v25,2026-06-06T04:42:54.769191,Target for Modern Trade template demo
City Eatery,Restaurant,Georgetown,TX,Texas,"8362 Franklin St, Georgetown, TX 68775",(806) 424-2604,False,,0.77,93,sweep_v25,2026-06-06T04:42:54.769261,Target for Elegant Food template demo
Fork & Mexican Grill,Restaurant,Lancaster,TX,Texas,"1919 Center St, Lancaster, TX 71994",(409) 584-7426,True,,0.8,52,sweep_v25,2026-06-06T04:42:54.769305,Target for Elegant Food template demo
Supreme Roofing Services,Roofing,Sherman,TX,Texas,"1514 State St, Sherman, TX 99710",(972) 355-4646,True,,0.86,52,sweep_v25,2026-06-06T04:42:54.769349,Target for Modern Trade template demo
Texas Lewisville Air Systems,HVAC,Lewisville,TX,Texas,"1130 Technology Dr, Lewisville, TX 14289",(512) 360-5005,True,,0.73,45,sweep_v25,2026-06-06T04:42:54.769390,Target for Modern Trade template demo
Downtown Pizzeria,Restaurant,Hurst,TX,Texas,"4128 Park Ave, Hurst, TX 26475",(817) 685-4892,True,,0.89,46,sweep_v25,2026-06-06T04:42:54.769437,Target for Elegant Food template demo
Tri-State Cooling & Heating of Midland,HVAC,Midland,TX,Texas,"2515 Maple Dr, Midland, TX 83730",(830) 935-9323,False,,0.73,88,sweep_v25,2026-06-06T04:42:54.769480,Target for Modern Trade template demo
Victory Exteriors of Florence,Roofing,Florence,AZ,Arizona,"8026 Hamilton Ave, Florence, AZ 91113",(520) 349-9492,True,,0.81,58,sweep_v25,2026-06-06T04:42:54.769523,Target for Modern Trade template demo
Old Utica BBQ & Grill,Restaurant,Utica,NY,New York,"6406 Church St, Utica, NY 12462",(518) 919-3151,True,,0.89,40,sweep_v25,2026-06-06T04:42:54.769565,Target for Elegant Food template demo
Five Plattsburgh Mexican Grill,Restaurant,Plattsburgh,NY,New York,"2844 Adams St, Plattsburgh, NY 71519",(845) 976-7846,True,,0.72,52,sweep_v25,2026-06-06T04:42:54.769606,Target for Elegant Food template demo
Great Casa Grande Italian Kitchen,Restaurant,Casa Grande,AZ,Arizona,"8934 Oak Ave, Casa Grande, AZ 40879",(928) 860-5373,False,,0.84,82,sweep_v25,2026-06-06T04:42:54.769648,Target for Elegant Food template demo
Reliable Air & Heating of New Rochelle,HVAC,New Rochelle,NY,New York,"3749 Lincoln Ave, New Rochelle, NY 75764",(716) 913-4319,False,,0.73,97,sweep_v25,2026-06-06T04:42:54.769690,Target for Modern Trade template demo
Little Kitchen,Restaurant,Page,AZ,Arizona,"1810 Innovation Blvd, Page, AZ 82041",(602) 822-3380,False,,0.93,84,sweep_v25,2026-06-06T04:42:54.769732,Target for Elegant Food template demo
Red Amsterdam Roofing Company,Roofing,Amsterdam,NY,New York,"8341 Technology Dr, Amsterdam, NY 96909",(917) 641-7300,True,,0.64,48,sweep_v25,2026-06-06T04:42:54.769774,Target for Modern Trade template demo
Olive League City Steakhouse,Restaurant,League City,TX,Texas,"9952 Technology Dr, League City, TX 82220",(409) 489-2581,False,,0.76,91,sweep_v25,2026-06-06T04:42:54.769815,Target for Elegant Food template demo
Atlas Scottsdale HVAC,HVAC,Scottsdale,AZ,Arizona,"5873 Sunset Blvd, Scottsdale, AZ 80609",(520) 458-5404,True,,0.9,50,sweep_v25,2026-06-06T04:42:54.769857,Target for Modern Trade template demo
American Shingle & Siding,Roofing,Huntsville,TX,Texas,"1595 Valley Blvd, Huntsville, TX 93242",(726) 626-6642,True,,0.6,52,sweep_v25,2026-06-06T04:42:54.769900,Target for Modern Trade template demo
River Conroe Taqueria,Restaurant,Conroe,TX,Texas,"1045 Maple Dr, Conroe, TX 77597",(713) 274-5415,False,,0.83,93,sweep_v25,2026-06-06T04:42:54.769946,Target for Elegant Food template demo
Keystone Roofing Contractors,Roofing,Show Low,AZ,Arizona,"6792 Technology Dr, Show Low, AZ 67538",(602) 732-1359,False,,0.84,100,sweep_v25,2026-06-06T04:42:54.769989,Target for Modern Trade template demo
Silver Rochester Roofing Co.,Roofing,Rochester,NY,New York,"241 Veterans Blvd, Rochester, NY 21235",(716) 243-2060,False,,0.88,94,sweep_v25,2026-06-06T04:42:54.770032,Target for Modern Trade template demo
Cool Stephenville AC & Heating,HVAC,Stephenville,TX,Texas,"5232 State St, Stephenville, TX 70369",(281) 488-6845,True,,0.78,46,sweep_v25,2026-06-06T04:42:54.770075,Target for Modern Trade template demo
Mountain Mexican Grill,Restaurant,Corning,NY,New York,"3577 Oak Ave, Corning, NY 40020",(631) 654-6625,True,,0.75,47,sweep_v25,2026-06-06T04:42:54.770117,Target for Elegant Food template demo
Union Burleson Pizzeria,Restaurant,Burleson,TX,Texas,"1041 Washington Blvd, Burleson, TX 92073",(469) 686-5906,False,,0.88,91,sweep_v25,2026-06-06T04:42:54.770158,Target for Elegant Food template demo
Pride Arlington Roof & Gutter,Roofing,Arlington,TX,Texas,"7492 Sunset Blvd, Arlington, TX 16262",(281) 806-7781,True,,0.69,54,sweep_v25,2026-06-06T04:42:54.770221,Target for Modern Trade template demo
Guardian Lubbock Construction & Roofing,Roofing,Lubbock,TX,Texas,"7713 Cedar Ln, Lubbock, TX 75112",(361) 643-8271,False,,0.75,95,sweep_v25,2026-06-06T04:42:54.770271,Target for Modern Trade template demo
Top Grapevine Italian Kitchen,Restaurant,Grapevine,TX,Texas,"3376 Broadway, Grapevine, TX 57042",(940) 834-8828,True,,0.89,51,sweep_v25,2026-06-06T04:42:54.770313,Target for Elegant Food template demo
El New Braunfels Pizzeria,Restaurant,New Braunfels,TX,Texas,"928 Franklin St, New Braunfels, TX 29116",(940) 742-4398,True,,0.6,43,sweep_v25,2026-06-06T04:42:54.770358,Target for Elegant Food template demo
Best Buckeye Cooling Solutions,HVAC,Buckeye,AZ,Arizona,"5009 Park Ave, Buckeye, AZ 94159",(480) 627-7188,False,,0.88,95,sweep_v25,2026-06-06T04:42:54.770400,Target for Modern Trade template demo
Liberty Roofing & Remodeling of Rye,Roofing,Rye,NY,New York,"8008 Technology Dr, Rye, NY 45231",(929) 931-9133,True,,0.75,53,sweep_v25,2026-06-06T04:42:54.770443,Target for Modern Trade template demo
Lone Star Haltom City Mexican Grill,Restaurant,Haltom City,TX,Texas,"830 Hamilton Ave, Haltom City, TX 58275",(830) 495-8265,False,,0.76,82,sweep_v25,2026-06-06T04:42:54.770485,Target for Elegant Food template demo
Royal Deli & Market,Restaurant,Sugar Land,TX,Texas,"1364 Hill St, Sugar Land, TX 80396",(915) 934-1216,True,,0.65,48,sweep_v25,2026-06-06T04:42:54.770527,Target for Elegant Food template demo
Gulf AC & Heating of Newburgh,HVAC,Newburgh,NY,New York,"9509 1st Ave, Newburgh, NY 94299",(914) 977-2286,False,,0.84,86,sweep_v25,2026-06-06T04:42:54.770570,Target for Modern Trade template demo
Sun San Luis HVAC,HVAC,San Luis,AZ,Arizona,"6544 Business Park Dr, San Luis, AZ 91041",(480) 680-1338,False,,0.77,88,sweep_v25,2026-06-06T04:42:54.770612,Target for Modern Trade template demo
Integrity Salamanca Temperature Control,HVAC,Salamanca,NY,New York,"3875 Washington Blvd, Salamanca, NY 78926",(914) 347-5908,False,,0.89,91,sweep_v25,2026-06-06T04:42:54.770653,Target for Modern Trade template demo
Empire Air Conditioning,HVAC,Paradise Valley,AZ,Arizona,"4327 Technology Dr, Paradise Valley, AZ 81543",(928) 604-4259,True,,0.75,45,sweep_v25,2026-06-06T04:42:54.770695,Target for Modern Trade template demo
Valley Yuma Roofing Co.,Roofing,Yuma,AZ,Arizona,"6053 Market St, Yuma, AZ 61378",(928) 902-7485,True,,0.65,56,sweep_v25,2026-06-06T04:42:54.770773,Target for Modern Trade template demo
Seven Syracuse Eatery,Restaurant,Syracuse,NY,New York,"2992 Jackson Blvd, Syracuse, NY 26520",(929) 664-8065,True,,0.81,41,sweep_v25,2026-06-06T04:42:54.770824,Target for Elegant Food template demo
Station Austin Italian Kitchen,Restaurant,Austin,TX,Texas,"8807 Industrial Blvd, Austin, TX 76115",(713) 770-8490,True,,0.79,52,sweep_v25,2026-06-06T04:42:54.770874,Target for Elegant Food template demo
Mesa Elmira Taqueria,Restaurant,Elmira,NY,New York,"6340 Veterans Blvd, Elmira, NY 91138",(212) 476-2601,True,,0.77,47,sweep_v25,2026-06-06T04:42:54.770938,Target for Elegant Food template demo
Home Home Improvements,Roofing,Tolleson,AZ,Arizona,"2143 Washington Blvd, Tolleson, AZ 16398",(928) 938-9666,True,,0.76,52,sweep_v25,2026-06-06T04:42:54.771000,Target for Modern Trade template demo
Pine Avondale Kitchen,Restaurant,Avondale,AZ,Arizona,"2258 State St, Avondale, AZ 37164",(928) 273-5294,False,,0.91,92,sweep_v25,2026-06-06T04:42:54.771044,Target for Elegant Food template demo
Silver Corpus Christi Cafe & Grill,Restaurant,Corpus Christi,TX,Texas,"7116 Water St, Corpus Christi, TX 33107",(830) 908-7659,False,,0.74,84,sweep_v25,2026-06-06T04:42:54.771087,Target for Elegant Food template demo
Pro Fort Worth Roofing,Roofing,Fort Worth,TX,Texas,"321 Valley Blvd, Fort Worth, TX 65723",(726) 211-9058,True,,0.77,63,sweep_v25,2026-06-06T04:42:54.771130,Target for Modern Trade template demo
Veteran HVAC,HVAC,Fulton,NY,New York,"1855 Center St, Fulton, NY 93826",(914) 403-1776,True,,0.62,51,sweep_v25,2026-06-06T04:42:54.771172,Target for Modern Trade template demo
Embers Bistro & Bar,Restaurant,Pharr,TX,Texas,"9530 1st Ave, Pharr, TX 14408",(817) 671-9246,True,,0.77,47,sweep_v25,2026-06-06T04:42:54.771244,Target for Elegant Food template demo
Top Ithaca Heating & Air,HVAC,Ithaca,NY,New York,"3015 School St, Ithaca, NY 82149",(929) 779-4223,False,,0.79,86,sweep_v25,2026-06-06T04:42:54.771291,Target for Modern Trade template demo
Island Eatery,Restaurant,Newburgh,NY,New York,"6057 1st Ave, Newburgh, NY 56220",(716) 645-7147,False,,0.83,92,sweep_v25,2026-06-06T04:42:54.771338,Target for Elegant Food template demo
Veteran HVAC Services of San Marcos,HVAC,San Marcos,TX,Texas,"3762 Elm St, San Marcos, TX 31151",(409) 449-2575,False,,0.93,90,sweep_v25,2026-06-06T04:42:54.771381,Target for Modern Trade template demo
Best Hudson Cooling & Heating,HVAC,Hudson,NY,New York,"4130 Enterprise Rd, Hudson, NY 49379",(716) 950-3554,True,,0.65,51,sweep_v25,2026-06-06T04:42:54.771423,Target for Modern Trade template demo
Grand Roofing of Brownsville,Roofing,Brownsville,TX,Texas,"2709 School St, Brownsville, TX 17129",(325) 929-6451,False,,0.81,96,sweep_v25,2026-06-06T04:42:54.771465,Target for Modern Trade template demo
Golden Richardson HVAC Solutions,HVAC,Richardson,TX,Texas,"2916 Madison Ave, Richardson, TX 51537",(325) 369-8608,False,,0.83,88,sweep_v25,2026-06-06T04:42:54.771510,Target for Modern Trade template demo
Sunset Air Conditioning & Heating of Sherman,HVAC,Sherman,TX,Texas,"6539 State St, Sherman, TX 53561",(737) 961-5486,True,,0.81,47,sweep_v25,2026-06-06T04:42:54.771552,Target for Modern Trade template demo
Embers Eatery,Restaurant,Brownsville,TX,Texas,"971 Innovation Blvd, Brownsville, TX 13551",(817) 751-5293,True,,0.68,50,sweep_v25,2026-06-06T04:42:54.771594,Target for Elegant Food template demo
Storm Exteriors of Harlingen,Roofing,Harlingen,TX,Texas,"2194 Park Ave, Harlingen, TX 99979",(915) 460-5267,True,,0.87,58,sweep_v25,2026-06-06T04:42:54.771636,Target for Modern Trade template demo
Casa Steakhouse,Restaurant,Socorro,TX,Texas,"4751 2nd St, Socorro, TX 58147",(361) 676-3074,True,,0.85,50,sweep_v25,2026-06-06T04:42:54.771677,Target for Elegant Food template demo
Pacific AC & Heating,HVAC,Waco,TX,Texas,"5646 Lake Dr, Waco, TX 87792",(432) 604-4765,True,,0.77,54,sweep_v25,2026-06-06T04:42:54.771784,Target for Modern Trade template demo
Central Frisco Cooling Solutions,HVAC,Frisco,TX,Texas,"8717 School St, Frisco, TX 67848",(726) 968-5235,False,,0.76,86,sweep_v25,2026-06-06T04:42:54.771831,Target for Modern Trade template demo
First Glens Falls Deli & Market,Restaurant,Glens Falls,NY,New York,"9387 Maple Dr, Glens Falls, NY 96520",(716) 626-8021,False,,0.74,87,sweep_v25,2026-06-06T04:42:54.771873,Target for Elegant Food template demo
Storm DeSoto Roof & Gutter,Roofing,DeSoto,TX,Texas,"1760 River Rd, DeSoto, TX 63520",(956) 296-9117,False,,0.82,92,sweep_v25,2026-06-06T04:42:54.771915,Target for Modern Trade template demo
Market Bakery & Cafe,Restaurant,Apache Junction,AZ,Arizona,"357 Sunset Blvd, Apache Junction, AZ 83727",(520) 735-9278,False,,0.83,92,sweep_v25,2026-06-06T04:42:54.771962,Target for Elegant Food template demo
Cactus Glendale Cooling Solutions,HVAC,Glendale,AZ,Arizona,"8571 Sunset Blvd, Glendale, AZ 75362",(480) 234-1892,True,,0.79,50,sweep_v25,2026-06-06T04:42:54.772004,Target for Modern Trade template demo
Armor Roofing Services of Nacogdoches,Roofing,Nacogdoches,TX,Texas,"7426 Oak Ave, Nacogdoches, TX 58321",(817) 305-5783,True,,0.68,64,sweep_v25,2026-06-06T04:42:54.772045,Target for Modern Trade template demo
Prime Cooling Solutions of Tempe,HVAC,Tempe,AZ,Arizona,"5248 Maple Dr, Tempe, AZ 34033",(928) 404-1797,False,,0.93,88,sweep_v25,2026-06-06T04:42:54.772087,Target for Modern Trade template demo
Casa Pizzeria,Restaurant,Plano,TX,Texas,"8123 Hamilton Ave, Plano, TX 47982",(830) 510-2361,False,,0.8,90,sweep_v25,2026-06-06T04:42:54.772129,Target for Elegant Food template demo
United Heating & Cooling of Douglas,HVAC,Douglas,AZ,Arizona,"668 Innovation Blvd, Douglas, AZ 50436",(928) 501-1330,False,,0.75,97,sweep_v25,2026-06-06T04:42:54.772170,Target for Modern Trade template demo
Storm Roofing Solutions of Abilene,Roofing,Abilene,TX,Texas,"2024 Elm St, Abilene, TX 21524",(432) 622-8152,False,,0.86,90,sweep_v25,2026-06-06T04:42:54.772239,Target for Modern Trade template demo
AA Climate Control,HVAC,New Braunfels,TX,Texas,"7818 Elm St, New Braunfels, TX 73600",(409) 441-6641,False,,0.73,98,sweep_v25,2026-06-06T04:42:54.772287,Target for Modern Trade template demo
Village Southlake Pizzeria,Restaurant,Southlake,TX,Texas,"9534 Oak Ave, Southlake, TX 77969",(830) 455-2324,True,,0.72,53,sweep_v25,2026-06-06T04:42:54.772330,Target for Elegant Food template demo
Southwest Kyle Mexican Grill,Restaurant,Kyle,TX,Texas,"9305 Lake Dr, Kyle, TX 29428",(210) 352-9148,False,,0.81,83,sweep_v25,2026-06-06T04:42:54.772372,Target for Elegant Food template demo
Highland Houston Kitchen,Restaurant,Houston,TX,Texas,"3014 State St, Houston, TX 22738",(972) 956-2694,True,,0.72,52,sweep_v25,2026-06-06T04:42:54.772414,Target for Elegant Food template demo
Western Roofers of Safford,Roofing,Safford,AZ,Arizona,"3997 Enterprise Rd, Safford, AZ 43109",(520) 282-7781,True,,0.85,54,sweep_v25,2026-06-06T04:42:54.772457,Target for Modern Trade template demo
Boss Hornell Metal Roofing,Roofing,Hornell,NY,New York,"8213 Hill St, Hornell, NY 69939",(718) 753-4680,False,,0.92,100,sweep_v25,2026-06-06T04:42:54.772543,Target for Modern Trade template demo
Smart Batavia Comfort Systems,HVAC,Batavia,NY,New York,"9734 Hamilton Ave, Batavia, NY 49464",(929) 550-5420,False,,0.75,97,sweep_v25,2026-06-06T04:42:54.772592,Target for Modern Trade template demo
City Heating & Air,HVAC,Georgetown,TX,Texas,"6858 Hill St, Georgetown, TX 15838",(903) 571-2497,True,,0.64,50,sweep_v25,2026-06-06T04:42:54.772635,Target for Modern Trade template demo
One Abilene Restaurant,Restaurant,Abilene,TX,Texas,"1670 State St, Abilene, TX 76413",(214) 327-6508,True,,0.8,44,sweep_v25,2026-06-06T04:42:54.772677,Target for Elegant Food template demo
Service Mechanical,HVAC,Texas City,TX,Texas,"8539 1st Ave, Texas City, TX 91001",(726) 559-9668,True,,0.84,60,sweep_v25,2026-06-06T04:42:54.772720,Target for Modern Trade template demo
Vista Exteriors,Roofing,North Richland Hills,TX,Texas,"3851 Technology Dr, North Richland Hills, TX 30566",(361) 940-9258,True,,0.82,61,sweep_v25,2026-06-06T04:42:54.772764,Target for Modern Trade template demo
Heritage Climate Control of Haltom City,HVAC,Haltom City,TX,Texas,"1680 School St, Haltom City, TX 12690",(956) 744-6627,True,,0.71,60,sweep_v25,2026-06-06T04:42:54.772874,Target for Modern Trade template demo
Clear Comfort Systems of Holbrook,HVAC,Holbrook,AZ,Arizona,"780 Innovation Blvd, Holbrook, AZ 18756",(520) 308-9064,True,,0.71,52,sweep_v25,2026-06-06T04:42:54.772919,Target for Modern Trade template demo
Alpine Parker Shingle & Siding,Roofing,Parker,AZ,Arizona,"7161 Church St, Parker, AZ 32779",(928) 278-9875,False,,0.9,100,sweep_v25,2026-06-06T04:42:54.772969,Target for Modern Trade template demo
AA Denton Heating & Air,HVAC,Denton,TX,Texas,"3972 Franklin St, Denton, TX 10540",(903) 349-1827,True,,0.76,51,sweep_v25,2026-06-06T04:42:54.773011,Target for Modern Trade template demo
Sun Restaurant,Restaurant,Olean,NY,New York,"6773 State St, Olean, NY 59365",(607) 711-1479,False,,0.75,78,sweep_v25,2026-06-06T04:42:54.773053,Target for Elegant Food template demo
Old Town Steakhouse,Restaurant,Mesquite,TX,Texas,"6363 Innovation Blvd, Mesquite, TX 65142",(936) 418-3757,True,,0.73,48,sweep_v25,2026-06-06T04:42:54.773095,Target for Elegant Food template demo
One Youngtown Pizzeria,Restaurant,Youngtown,AZ,Arizona,"4137 Jefferson Dr, Youngtown, AZ 49617",(480) 313-3468,True,,0.89,44,sweep_v25,2026-06-06T04:42:54.773137,Target for Elegant Food template demo
West El Paso Italian Kitchen,Restaurant,El Paso,TX,Texas,"9270 State St, El Paso, TX 50236",(903) 552-2869,False,,0.81,80,sweep_v25,2026-06-06T04:42:54.773179,Target for Elegant Food template demo
Theo's Rensselaer Bakery & Cafe,Restaurant,Rensselaer,NY,New York,"7609 1st Ave, Rensselaer, NY 63110",(646) 456-2159,True,,0.79,47,sweep_v25,2026-06-06T04:42:54.773248,Target for Elegant Food template demo
Premier Cooling & Heating of Massena,HVAC,Massena,NY,New York,"6411 Lake Dr, Massena, NY 58377",(315) 332-7045,False,,0.76,83,sweep_v25,2026-06-06T04:42:54.773298,Target for Modern Trade template demo
Smart Air & Heating of Little Falls,HVAC,Little Falls,NY,New York,"9103 Pine St, Little Falls, NY 10972",(631) 795-3898,True,,0.86,44,sweep_v25,2026-06-06T04:42:54.773340,Target for Modern Trade template demo
Frontier HVAC Services of Irving,HVAC,Irving,TX,Texas,"2559 Lake Dr, Irving, TX 87511",(956) 518-1460,True,,0.68,48,sweep_v25,2026-06-06T04:42:54.773383,Target for Modern Trade template demo
Cactus Cooling Solutions of Paris,HVAC,Paris,TX,Texas,"422 Highland Ave, Paris, TX 20397",(726) 227-9458,True,,0.74,57,sweep_v25,2026-06-06T04:42:54.773425,Target for Modern Trade template demo
City Missouri City AC & Heating,HVAC,Missouri City,TX,Texas,"924 Industrial Blvd, Missouri City, TX 96362",(817) 294-1223,False,,0.72,86,sweep_v25,2026-06-06T04:42:54.773467,Target for Modern Trade template demo
Precision Mechanical of Utica,HVAC,Utica,NY,New York,"5442 Industrial Blvd, Utica, NY 14272",(917) 404-5597,True,,0.72,57,sweep_v25,2026-06-06T04:42:54.773509,Target for Modern Trade template demo
Fork & Restaurant,Restaurant,Flower Mound,TX,Texas,"1422 Hamilton Ave, Flower Mound, TX 33095",(713) 780-6442,True,,0.64,45,sweep_v25,2026-06-06T04:42:54.773551,Target for Elegant Food template demo
Norton Cooling & Heating of Arlington,HVAC,Arlington,TX,Texas,"1809 Commerce St, Arlington, TX 37830",(903) 584-1398,False,,0.82,86,sweep_v25,2026-06-06T04:42:54.773594,Target for Modern Trade template demo
North Batavia Roofing Services,Roofing,Batavia,NY,New York,"9515 Veterans Blvd, Batavia, NY 27752",(516) 373-1166,True,,0.76,58,sweep_v25,2026-06-06T04:42:54.773637,Target for Modern Trade template demo
Right Climate Control of Victoria,HVAC,Victoria,TX,Texas,"7782 Sunset Blvd, Victoria, TX 47127",(361) 256-3205,True,,0.81,52,sweep_v25,2026-06-06T04:42:54.773679,Target for Modern Trade template demo
Vista Johnstown Mexican Grill,Restaurant,Johnstown,NY,New York,"3022 3rd St, Johnstown, NY 39317",(929) 745-2796,True,,0.73,37,sweep_v25,2026-06-06T04:42:54.773722,Target for Elegant Food template demo
Best Mount Vernon Cooling & Heating,HVAC,Mount Vernon,NY,New York,"8394 Enterprise Rd, Mount Vernon, NY 51500",(716) 351-5315,True,,0.73,44,sweep_v25,2026-06-06T04:42:54.773763,Target for Modern Trade template demo
West Roofing Contractors,Roofing,San Antonio,TX,Texas,"8967 Commerce St, San Antonio, TX 13706",(432) 568-2295,False,,0.73,100,sweep_v25,2026-06-06T04:42:54.773805,Target for Modern Trade template demo
Atlas Garland Roofing & Remodeling,Roofing,Garland,TX,Texas,"7155 Enterprise Rd, Garland, TX 16759",(903) 961-2713,True,,0.89,65,sweep_v25,2026-06-06T04:42:54.773848,Target for Modern Trade template demo
Master Construction & Roofing of Greenville,Roofing,Greenville,TX,Texas,"9113 Lake Dr, Greenville, TX 85209",(713) 730-5540,True,,0.6,52,sweep_v25,2026-06-06T04:42:54.773896,Target for Modern Trade template demo
Service Comfort Systems,HVAC,Geneva,NY,New York,"9772 Maple Dr, Geneva, NY 62093",(516) 272-2378,False,,0.71,87,sweep_v25,2026-06-06T04:42:54.773958,Target for Modern Trade template demo
Elite Harlingen Climate Control,HVAC,Harlingen,TX,Texas,"9402 Valley Blvd, Harlingen, TX 44633",(806) 771-7559,False,,0.73,96,sweep_v25,2026-06-06T04:42:54.774018,Target for Modern Trade template demo
AA Sedona Air Systems,HVAC,Sedona,AZ,Arizona,"2202 Lincoln Ave, Sedona, AZ 83552",(480) 597-1743,False,,0.78,94,sweep_v25,2026-06-06T04:42:54.774073,Target for Modern Trade template demo
Right Roofing Services of Keller,Roofing,Keller,TX,Texas,"1284 School St, Keller, TX 72666",(806) 208-1531,True,,0.79,58,sweep_v25,2026-06-06T04:42:54.774117,Target for Modern Trade template demo
One Steakhouse,Restaurant,Goodyear,AZ,Arizona,"6623 Center St, Goodyear, AZ 51038",(520) 880-9988,True,,0.89,42,sweep_v25,2026-06-06T04:42:54.774159,Target for Elegant Food template demo
New New York City Taqueria,Restaurant,New York City,NY,New York,"6077 2nd St, New York City, NY 50295",(516) 522-7010,True,,0.78,51,sweep_v25,2026-06-06T04:42:54.774229,Target for Elegant Food template demo
Atlas Gilbert Roofing,Roofing,Gilbert,AZ,Arizona,"4336 Maple Dr, Gilbert, AZ 57144",(928) 307-4910,False,,0.92,88,sweep_v25,2026-06-06T04:42:54.774280,Target for Modern Trade template demo
Arrow Oneida Air Conditioning,HVAC,Oneida,NY,New York,"4965 Jackson Blvd, Oneida, NY 25915",(646) 880-5384,True,,0.89,45,sweep_v25,2026-06-06T04:42:54.774327,Target for Modern Trade template demo
Grand Temple Roofing & Construction,Roofing,Temple,TX,Texas,"9690 Water St, Temple, TX 21509",(726) 566-1119,True,,0.66,57,sweep_v25,2026-06-06T04:42:54.774369,Target for Modern Trade template demo
Island Wichita Falls Pizza & Pasta,Restaurant,Wichita Falls,TX,Texas,"2101 Highland Ave, Wichita Falls, TX 48603",(979) 698-3578,False,,0.9,91,sweep_v25,2026-06-06T04:42:54.774411,Target for Elegant Food template demo
United HVAC Solutions of Greenville,HVAC,Greenville,TX,Texas,"5606 Washington Blvd, Greenville, TX 48646",(830) 316-9861,True,,0.6,49,sweep_v25,2026-06-06T04:42:54.774453,Target for Modern Trade template demo
Top AC & Heating of Ilion,HVAC,Ilion,NY,New York,"2056 Spring St, Ilion, NY 15226",(929) 544-7620,False,,0.77,97,sweep_v25,2026-06-06T04:42:54.774495,Target for Modern Trade template demo
Empire Chandler Roofing & Construction,Roofing,Chandler,AZ,Arizona,"4131 Monroe Ave, Chandler, AZ 46016",(928) 606-5636,False,,0.75,93,sweep_v25,2026-06-06T04:42:54.774537,Target for Modern Trade template demo
Little Kitchen,Restaurant,Arlington,TX,Texas,"9948 Center St, Arlington, TX 41830",(940) 583-6726,True,,0.84,45,sweep_v25,2026-06-06T04:42:54.774580,Target for Elegant Food template demo
Peak Kingston Roofing,Roofing,Kingston,NY,New York,"6542 Center St, Kingston, NY 77342",(845) 657-3518,True,,0.69,49,sweep_v25,2026-06-06T04:42:54.774622,Target for Modern Trade template demo
AAA Coolidge Roof Specialists,Roofing,Coolidge,AZ,Arizona,"1979 Jackson Blvd, Coolidge, AZ 64733",(520) 267-5667,False,,0.71,91,sweep_v25,2026-06-06T04:42:54.774665,Target for Modern Trade template demo
United Bullhead City Air & Heating,HVAC,Bullhead City,AZ,Arizona,"9248 Jackson Blvd, Bullhead City, AZ 99878",(480) 773-8799,False,,0.92,95,sweep_v25,2026-06-06T04:42:54.774708,Target for Modern Trade template demo
Capital Bryan Air & Heating,HVAC,Bryan,TX,Texas,"8984 Adams St, Bryan, TX 88384",(956) 839-8012,False,,0.93,86,sweep_v25,2026-06-06T04:42:54.774782,Target for Modern Trade template demo
American Poughkeepsie Air Systems,HVAC,Poughkeepsie,NY,New York,"596 Lake Dr, Poughkeepsie, NY 94889",(607) 966-6256,True,,0.66,55,sweep_v25,2026-06-06T04:42:54.774828,Target for Modern Trade template demo
State Clifton Climate Control,HVAC,Clifton,AZ,Arizona,"3617 Elm St, Clifton, AZ 99336",(928) 400-2333,True,,0.64,48,sweep_v25,2026-06-06T04:42:54.774871,Target for Modern Trade template demo
Highland Tonawanda Bakery & Cafe,Restaurant,Tonawanda,NY,New York,"9223 Water St, Tonawanda, NY 35109",(845) 830-9158,False,,0.84,84,sweep_v25,2026-06-06T04:42:54.774913,Target for Elegant Food template demo
Green Frisco Kitchen,Restaurant,Frisco,TX,Texas,"1110 Maple Dr, Frisco, TX 10241",(940) 480-8298,True,,0.84,44,sweep_v25,2026-06-06T04:42:54.774962,Target for Elegant Food template demo
Top Roofing & Remodeling,Roofing,Elmira,NY,New York,"3919 Cedar Ln, Elmira, NY 43840",(315) 605-4049,True,,0.62,60,sweep_v25,2026-06-06T04:42:54.775004,Target for Modern Trade template demo
Payless Heating & Cooling,HVAC,Gilbert,AZ,Arizona,"8843 Market St, Gilbert, AZ 97275",(480) 325-2654,True,,0.68,54,sweep_v25,2026-06-06T04:42:54.775046,Target for Modern Trade template demo
Elite Mexican Grill,Restaurant,Binghamton,NY,New York,"228 Innovation Blvd, Binghamton, NY 20717",(212) 469-8486,False,,0.89,84,sweep_v25,2026-06-06T04:42:54.775088,Target for Elegant Food template demo
Southwest Heating & Cooling of Oswego,HVAC,Oswego,NY,New York,"818 Franklin St, Oswego, NY 33194",(212) 251-9505,True,,0.84,49,sweep_v25,2026-06-06T04:42:54.775132,Target for Modern Trade template demo
Triple Restaurant,Restaurant,Stephenville,TX,Texas,"7420 Lake Dr, Stephenville, TX 15680",(903) 677-4340,True,,0.87,52,sweep_v25,2026-06-06T04:42:54.775176,Target for Elegant Food template demo
Pro Socorro Metal Roofing,Roofing,Socorro,TX,Texas,"1540 Veterans Blvd, Socorro, TX 39426",(713) 963-1168,True,,0.9,62,sweep_v25,2026-06-06T04:42:54.775244,Target for Modern Trade template demo
Johnson Prescott Valley Cooling Solutions,HVAC,Prescott Valley,AZ,Arizona,"306 Park Ave, Prescott Valley, AZ 42254",(928) 497-9367,True,,0.85,57,sweep_v25,2026-06-06T04:42:54.775289,Target for Modern Trade template demo
Santa Fe Nogales Mexican Grill,Restaurant,Nogales,AZ,Arizona,"3366 Jefferson Dr, Nogales, AZ 97628",(602) 971-5733,True,,0.89,52,sweep_v25,2026-06-06T04:42:54.775332,Target for Elegant Food template demo
Family Wichita Falls Metal Roofing,Roofing,Wichita Falls,TX,Texas,"8893 Technology Dr, Wichita Falls, TX 57639",(469) 637-6583,True,,0.88,55,sweep_v25,2026-06-06T04:42:54.775374,Target for Modern Trade template demo
Wild Maricopa Sushi Bar,Restaurant,Maricopa,AZ,Arizona,"2247 Main St, Maricopa, AZ 40499",(928) 866-8299,True,,0.62,43,sweep_v25,2026-06-06T04:42:54.775416,Target for Elegant Food template demo
A1 Mesa Roofing Co.,Roofing,Mesa,AZ,Arizona,"5886 School St, Mesa, AZ 45568",(520) 537-4929,True,,0.63,57,sweep_v25,2026-06-06T04:42:54.775457,Target for Modern Trade template demo
Everest Construction & Roofing,Roofing,New York City,NY,New York,"3219 State St, New York City, NY 90429",(585) 705-9272,True,,0.74,51,sweep_v25,2026-06-06T04:42:54.775499,Target for Modern Trade template demo
Heritage Service Experts of Sugar Land,HVAC,Sugar Land,TX,Texas,"1150 Hamilton Ave, Sugar Land, TX 89388",(956) 975-2428,False,,0.75,90,sweep_v25,2026-06-06T04:42:54.775541,Target for Modern Trade template demo
Economy Cedar Park Roofing Solutions,Roofing,Cedar Park,TX,Texas,"9984 Hamilton Ave, Cedar Park, TX 87705",(726) 668-7585,False,,0.92,99,sweep_v25,2026-06-06T04:42:54.775587,Target for Modern Trade template demo
Alpine Marana Roofers,Roofing,Marana,AZ,Arizona,"1322 Franklin St, Marana, AZ 30233",(480) 428-2612,False,,0.74,97,sweep_v25,2026-06-06T04:42:54.775648,Target for Modern Trade template demo
Liberty Roofing Co. of Beaumont,Roofing,Beaumont,TX,Texas,"9563 Broadway, Beaumont, TX 89534",(713) 239-9084,True,,0.79,59,sweep_v25,2026-06-06T04:42:54.775706,Target for Modern Trade template demo
Gulf Climate Control of Rosenberg,HVAC,Rosenberg,TX,Texas,"9844 Maple Dr, Rosenberg, TX 85760",(726) 792-9510,False,,0.84,92,sweep_v25,2026-06-06T04:42:54.775768,Target for Modern Trade template demo
Rapid Air Conditioning & Heating of Lackawanna,HVAC,Lackawanna,NY,New York,"1245 Lake Dr, Lackawanna, NY 57881",(585) 796-1433,True,,0.7,57,sweep_v25,2026-06-06T04:42:54.775815,Target for Modern Trade template demo
Superior Metal Roofing,Roofing,Mount Vernon,NY,New York,"571 1st Ave, Mount Vernon, NY 68658",(631) 533-7913,False,,0.93,98,sweep_v25,2026-06-06T04:42:54.775858,Target for Modern Trade template demo
North Star AC & Heating of Cohoes,HVAC,Cohoes,NY,New York,"1642 River Rd, Cohoes, NY 82688",(845) 719-3398,True,,0.61,42,sweep_v25,2026-06-06T04:42:54.775899,Target for Modern Trade template demo
Arch Binghamton Roofing Contractors,Roofing,Binghamton,NY,New York,"8061 Main St, Binghamton, NY 12769",(917) 510-6968,True,,0.83,47,sweep_v25,2026-06-06T04:42:54.775946,Target for Modern Trade template demo
A Paradise Valley Steakhouse,Restaurant,Paradise Valley,AZ,Arizona,"4229 Jackson Blvd, Paradise Valley, AZ 87537",(520) 556-9310,True,,0.89,51,sweep_v25,2026-06-06T04:42:54.775989,Target for Elegant Food template demo
Signature Coppell Roof Specialists,Roofing,Coppell,TX,Texas,"2612 Maple Dr, Coppell, TX 67121",(979) 544-2408,False,,0.76,100,sweep_v25,2026-06-06T04:42:54.776031,Target for Modern Trade template demo
Elite Air Conditioning,HVAC,Binghamton,NY,New York,"2705 Adams St, Binghamton, NY 17162",(917) 977-5537,True,,0.65,45,sweep_v25,2026-06-06T04:42:54.776074,Target for Modern Trade template demo
The Bedford Italian Kitchen,Restaurant,Bedford,TX,Texas,"9201 Lake Dr, Bedford, TX 70650",(325) 283-7255,False,,0.77,83,sweep_v25,2026-06-06T04:42:54.776115,Target for Elegant Food template demo
American Plattsburgh Climate Control,HVAC,Plattsburgh,NY,New York,"8322 Veterans Blvd, Plattsburgh, NY 89156",(929) 458-3651,False,,0.74,97,sweep_v25,2026-06-06T04:42:54.776157,Target for Modern Trade template demo
Tower Roofing Solutions,Roofing,Mechanicville,NY,New York,"7314 Highland Ave, Mechanicville, NY 67431",(631) 257-1474,False,,0.78,87,sweep_v25,2026-06-06T04:42:54.776218,Target for Modern Trade template demo
Rescue Duncanville Roofing & Remodeling,Roofing,Duncanville,TX,Texas,"5681 Sunset Blvd, Duncanville, TX 18364",(903) 404-3459,False,,0.9,90,sweep_v25,2026-06-06T04:42:54.776267,Target for Modern Trade template demo
Famous Bakery & Cafe,Restaurant,Sedona,AZ,Arizona,"8909 Enterprise Rd, Sedona, AZ 31695",(623) 915-6157,False,,0.9,80,sweep_v25,2026-06-06T04:42:54.776310,Target for Elegant Food template demo
Red Nacogdoches Air Conditioning & Heating,HVAC,Nacogdoches,TX,Texas,"9537 Business Park Dr, Nacogdoches, TX 39474",(915) 590-8347,True,,0.67,51,sweep_v25,2026-06-06T04:42:54.776354,Target for Modern Trade template demo
United Show Low AC & Heating,HVAC,Show Low,AZ,Arizona,"551 Hamilton Ave, Show Low, AZ 83827",(520) 400-9867,False,,0.93,91,sweep_v25,2026-06-06T04:42:54.776396,Target for Modern Trade template demo
Desert Kingman HVAC,HVAC,Kingman,AZ,Arizona,"9024 1st Ave, Kingman, AZ 88606",(480) 370-8981,False,,0.74,98,sweep_v25,2026-06-06T04:42:54.776439,Target for Modern Trade template demo
Noble Metal Roofing of Round Rock,Roofing,Round Rock,TX,Texas,"1070 Business Park Dr, Round Rock, TX 20325",(726) 871-7657,True,,0.68,64,sweep_v25,2026-06-06T04:42:54.776495,Target for Modern Trade template demo
Central Roofing Contractors of Ilion,Roofing,Ilion,NY,New York,"2369 Washington Blvd, Ilion, NY 40315",(631) 534-3611,True,,0.61,49,sweep_v25,2026-06-06T04:42:54.776539,Target for Modern Trade template demo
The Grand Prairie Grille,Restaurant,Grand Prairie,TX,Texas,"6026 State St, Grand Prairie, TX 89080",(325) 982-1235,True,,0.71,52,sweep_v25,2026-06-06T04:42:54.776581,Target for Elegant Food template demo
Pacific Roofing Solutions,Roofing,Dallas,TX,Texas,"7966 Technology Dr, Dallas, TX 48607",(361) 265-6915,False,,0.84,92,sweep_v25,2026-06-06T04:42:54.776623,Target for Modern Trade template demo
Eagle Roofing Solutions,Roofing,Sedona,AZ,Arizona,"5239 Valley Blvd, Sedona, AZ 51282",(520) 287-2451,True,,0.77,50,sweep_v25,2026-06-06T04:42:54.776664,Target for Modern Trade template demo
Iron Mamaroneck Roofing Co.,Roofing,Mamaroneck,NY,New York,"5531 Center St, Mamaroneck, NY 70088",(917) 612-9513,True,,0.65,62,sweep_v25,2026-06-06T04:42:54.776706,Target for Modern Trade template demo
A Bullhead City Deli & Market,Restaurant,Bullhead City,AZ,Arizona,"9134 Innovation Blvd, Bullhead City, AZ 11302",(623) 207-3359,True,,0.69,38,sweep_v25,2026-06-06T04:42:54.776748,Target for Elegant Food template demo
Sun Youngtown Construction & Roofing,Roofing,Youngtown,AZ,Arizona,"739 2nd St, Youngtown, AZ 61605",(520) 395-4197,True,,0.65,58,sweep_v25,2026-06-06T04:42:54.776790,Target for Modern Trade template demo
Royal Roofing Contractors of Grapevine,Roofing,Grapevine,TX,Texas,"4239 Adams St, Grapevine, TX 13521",(432) 734-4480,True,,0.84,59,sweep_v25,2026-06-06T04:42:54.776858,Target for Modern Trade template demo
Crown Diner,Restaurant,Garland,TX,Texas,"6391 Church St, Garland, TX 75153",(512) 997-9727,True,,0.85,55,sweep_v25,2026-06-06T04:42:54.776916,Target for Elegant Food template demo
Imperial Oro Valley Cooling & Heating,HVAC,Oro Valley,AZ,Arizona,"5122 2nd St, Oro Valley, AZ 50539",(602) 610-2082,True,,0.87,56,sweep_v25,2026-06-06T04:42:54.776982,Target for Modern Trade template demo
Seven Taqueria,Restaurant,Port Arthur,TX,Texas,"1395 Innovation Blvd, Port Arthur, TX 47133",(281) 348-3148,True,,0.82,48,sweep_v25,2026-06-06T04:42:54.777036,Target for Elegant Food template demo
Smart Winslow Mechanical,HVAC,Winslow,AZ,Arizona,"9783 Lincoln Ave, Winslow, AZ 97172",(623) 323-9487,True,,0.71,52,sweep_v25,2026-06-06T04:42:54.777081,Target for Modern Trade template demo
Empire Tyler Air Conditioning,HVAC,Tyler,TX,Texas,"1751 Lincoln Ave, Tyler, TX 86482",(512) 863-3412,True,,0.77,47,sweep_v25,2026-06-06T04:42:54.777123,Target for Modern Trade template demo
Advanced Roofing Solutions of Oneida,Roofing,Oneida,NY,New York,"5761 Washington Blvd, Oneida, NY 62443",(646) 299-4018,False,,0.83,95,sweep_v25,2026-06-06T04:42:54.777165,Target for Modern Trade template demo
Royal Lockport Pizza & Pasta,Restaurant,Lockport,NY,New York,"7134 2nd St, Lockport, NY 12788",(718) 977-7103,True,,0.6,41,sweep_v25,2026-06-06T04:42:54.777230,Target for Elegant Food template demo
Pro University Park Metal Roofing,Roofing,University Park,TX,Texas,"4700 Center St, University Park, TX 43418",(817) 290-6497,True,,0.86,65,sweep_v25,2026-06-06T04:42:54.777280,Target for Modern Trade template demo
Market Bakery & Cafe,Restaurant,Kingston,NY,New York,"4035 Technology Dr, Kingston, NY 66533",(716) 672-5223,False,,0.84,90,sweep_v25,2026-06-06T04:42:54.777324,Target for Elegant Food template demo
Traditions Fountain Hills Kitchen,Restaurant,Fountain Hills,AZ,Arizona,"6535 River Rd, Fountain Hills, AZ 14071",(928) 251-8812,True,,0.75,41,sweep_v25,2026-06-06T04:42:54.777367,Target for Elegant Food template demo
Copper Grille,Restaurant,College Station,TX,Texas,"432 Industrial Blvd, College Station, TX 87136",(254) 377-8909,False,,0.77,91,sweep_v25,2026-06-06T04:42:54.777411,Target for Elegant Food template demo
Triple North Tonawanda BBQ & Grill,Restaurant,North Tonawanda,NY,New York,"8479 Enterprise Rd, North Tonawanda, NY 50911",(631) 560-3272,False,,0.89,89,sweep_v25,2026-06-06T04:42:54.777456,Target for Elegant Food template demo
Home Construction & Roofing of Killeen,Roofing,Killeen,TX,Texas,"9057 Cedar Ln, Killeen, TX 33730",(830) 517-7227,True,,0.61,63,sweep_v25,2026-06-06T04:42:54.777500,Target for Modern Trade template demo
Old Batavia Deli & Market,Restaurant,Batavia,NY,New York,"148 State St, Batavia, NY 32253",(914) 686-4980,True,,0.71,42,sweep_v25,2026-06-06T04:42:54.777542,Target for Elegant Food template demo
Summit Duncanville Mexican Grill,Restaurant,Duncanville,TX,Texas,"2773 Jefferson Dr, Duncanville, TX 77957",(817) 919-3921,True,,0.72,51,sweep_v25,2026-06-06T04:42:54.777584,Target for Elegant Food template demo
Family Roofing,Roofing,Laredo,TX,Texas,"4431 River Rd, Laredo, TX 68682",(254) 591-6341,True,,0.77,59,sweep_v25,2026-06-06T04:42:54.777626,Target for Modern Trade template demo
House of McKinney Deli & Market,Restaurant,McKinney,TX,Texas,"821 Enterprise Rd, McKinney, TX 50273",(409) 482-1783,True,,0.65,45,sweep_v25,2026-06-06T04:42:54.777668,Target for Elegant Food template demo
Patriot HVAC Services,HVAC,Marana,AZ,Arizona,"6013 Hill St, Marana, AZ 34895",(520) 667-3534,False,,0.84,93,sweep_v25,2026-06-06T04:42:54.777712,Target for Modern Trade template demo
City Roofing & Construction of Oro Valley,Roofing,Oro Valley,AZ,Arizona,"2555 Industrial Blvd, Oro Valley, AZ 46821",(520) 785-1142,False,,0.93,100,sweep_v25,2026-06-06T04:42:54.777756,Target for Modern Trade template demo
Home Construction & Roofing of Salamanca,Roofing,Salamanca,NY,New York,"4497 Innovation Blvd, Salamanca, NY 72230",(516) 552-8077,False,,0.95,90,sweep_v25,2026-06-06T04:42:54.777800,Target for Modern Trade template demo
Silver Roofing Contractors of Saratoga Springs,Roofing,Saratoga Springs,NY,New York,"7896 Center St, Saratoga Springs, NY 75799",(716) 925-9899,True,,0.83,56,sweep_v25,2026-06-06T04:42:54.777842,Target for Modern Trade template demo
Sunrise Farmers Branch Comfort Systems,HVAC,Farmers Branch,TX,Texas,"7713 Innovation Blvd, Farmers Branch, TX 94999",(214) 974-4928,False,,0.78,94,sweep_v25,2026-06-06T04:42:54.777884,Target for Modern Trade template demo
Golden Restaurant,Restaurant,Tolleson,AZ,Arizona,"2181 Innovation Blvd, Tolleson, AZ 53432",(602) 227-6277,True,,0.84,41,sweep_v25,2026-06-06T04:42:54.777933,Target for Elegant Food template demo
Supreme Texas City Roofing Services,Roofing,Texas City,TX,Texas,"6395 Oak Ave, Texas City, TX 90540",(936) 859-1012,False,,0.9,91,sweep_v25,2026-06-06T04:42:54.777975,Target for Modern Trade template demo
Mesa Cafe & Grill,Restaurant,Oneida,NY,New York,"3319 River Rd, Oneida, NY 20562",(347) 859-4360,True,,0.81,44,sweep_v25,2026-06-06T04:42:54.778017,Target for Elegant Food template demo
Sahara Wickenburg Comfort Systems,HVAC,Wickenburg,AZ,Arizona,"8126 Park Ave, Wickenburg, AZ 63257",(520) 754-6731,False,,0.75,87,sweep_v25,2026-06-06T04:42:54.778058,Target for Modern Trade template demo
Supreme Roofing of McKinney,Roofing,McKinney,TX,Texas,"8883 Enterprise Rd, McKinney, TX 27098",(915) 877-7771,False,,0.87,100,sweep_v25,2026-06-06T04:42:54.778100,Target for Modern Trade template demo
Premier HVAC of McKinney,HVAC,McKinney,TX,Texas,"881 Valley Blvd, McKinney, TX 39697",(713) 622-9030,True,,0.89,50,sweep_v25,2026-06-06T04:42:54.778141,Target for Modern Trade template demo
Fortress College Station Roof & Gutter,Roofing,College Station,TX,Texas,"7718 3rd St, College Station, TX 18295",(979) 733-9941,True,,0.83,60,sweep_v25,2026-06-06T04:42:54.778183,Target for Modern Trade template demo
Armor Roofing Contractors of Southlake,Roofing,Southlake,TX,Texas,"4370 Highland Ave, Southlake, TX 83862",(915) 227-6776,False,,0.79,95,sweep_v25,2026-06-06T04:42:54.778251,Target for Modern Trade template demo
A1 Nogales Heating & Air,HVAC,Nogales,AZ,Arizona,"3191 Center St, Nogales, AZ 25336",(623) 642-9462,True,,0.67,48,sweep_v25,2026-06-06T04:42:54.778296,Target for Modern Trade template demo
First Roofing Company of Pharr,Roofing,Pharr,TX,Texas,"1193 Lake Dr, Pharr, TX 81179",(512) 394-6030,False,,0.74,94,sweep_v25,2026-06-06T04:42:54.778339,Target for Modern Trade template demo
Station Restaurant,Restaurant,Galveston,TX,Texas,"7836 Commerce St, Galveston, TX 80698",(432) 844-5921,True,,0.82,51,sweep_v25,2026-06-06T04:42:54.778383,Target for Elegant Food template demo
Signature Peoria Construction & Roofing,Roofing,Peoria,AZ,Arizona,"3137 Hill St, Peoria, AZ 22841",(623) 437-3005,True,,0.62,53,sweep_v25,2026-06-06T04:42:54.778427,Target for Modern Trade template demo
Advanced Construction & Roofing,Roofing,Tempe,AZ,Arizona,"5360 Jackson Blvd, Tempe, AZ 65804",(480) 315-1614,False,,0.93,96,sweep_v25,2026-06-06T04:42:54.778469,Target for Modern Trade template demo
Reliable Roofers of Dunkirk,Roofing,Dunkirk,NY,New York,"1398 State St, Dunkirk, NY 71024",(646) 476-2749,False,,0.84,94,sweep_v25,2026-06-06T04:42:54.778511,Target for Modern Trade template demo
Payless Tolleson HVAC Solutions,HVAC,Tolleson,AZ,Arizona,"6806 Business Park Dr, Tolleson, AZ 15562",(928) 479-4454,True,,0.82,51,sweep_v25,2026-06-06T04:42:54.778552,Target for Modern Trade template demo
Storm League City Shingle & Siding,Roofing,League City,TX,Texas,"6596 Sunset Blvd, League City, TX 95872",(214) 347-6344,False,,0.87,95,sweep_v25,2026-06-06T04:42:54.778595,Target for Modern Trade template demo
Total Clifton Roofing & Remodeling,Roofing,Clifton,AZ,Arizona,"7439 Enterprise Rd, Clifton, AZ 49054",(602) 729-8045,True,,0.64,54,sweep_v25,2026-06-06T04:42:54.778637,Target for Modern Trade template demo
Quality Climate Control,HVAC,El Mirage,AZ,Arizona,"909 Jefferson Dr, El Mirage, AZ 39212",(623) 286-6223,True,,0.7,52,sweep_v25,2026-06-06T04:42:54.778679,Target for Modern Trade template demo
City Mechanical,HVAC,Corning,NY,New York,"3193 Hamilton Ave, Corning, NY 44928",(646) 226-7173,False,,0.85,97,sweep_v25,2026-06-06T04:42:54.778721,Target for Modern Trade template demo
Five Star Roof & Gutter of Bryan,Roofing,Bryan,TX,Texas,"1008 Hill St, Bryan, TX 56264",(281) 209-8012,True,,0.67,58,sweep_v25,2026-06-06T04:42:54.778799,Target for Modern Trade template demo
One Paris Eatery,Restaurant,Paris,TX,Texas,"1572 Hamilton Ave, Paris, TX 45561",(214) 464-1786,True,,0.85,52,sweep_v25,2026-06-06T04:42:54.778846,Target for Elegant Food template demo
Gulf Home Improvements of Payson,Roofing,Payson,AZ,Arizona,"5797 2nd St, Payson, AZ 70558",(520) 796-8117,True,,0.81,59,sweep_v25,2026-06-06T04:42:54.778888,Target for Modern Trade template demo
Vista Roofing Co. of Kyle,Roofing,Kyle,TX,Texas,"8266 Market St, Kyle, TX 79338",(214) 662-8456,False,,0.81,96,sweep_v25,2026-06-06T04:42:54.778934,Target for Modern Trade template demo
Arch Roofing,Roofing,El Paso,TX,Texas,"6256 Business Park Dr, El Paso, TX 45551",(512) 846-9034,True,,0.68,59,sweep_v25,2026-06-06T04:42:54.778976,Target for Modern Trade template demo
North Metal Roofing of Irving,Roofing,Irving,TX,Texas,"9491 2nd St, Irving, TX 96253",(682) 382-9278,True,,0.76,51,sweep_v25,2026-06-06T04:42:54.779018,Target for Modern Trade template demo
Crown Holbrook Bistro & Bar,Restaurant,Holbrook,AZ,Arizona,"4900 Oak Ave, Holbrook, AZ 16975",(623) 512-7998,False,,0.73,90,sweep_v25,2026-06-06T04:42:54.779063,Target for Elegant Food template demo
Cactus Watervliet Comfort Systems,HVAC,Watervliet,NY,New York,"8569 Cedar Ln, Watervliet, NY 23615",(516) 613-8628,True,,0.83,55,sweep_v25,2026-06-06T04:42:54.779105,Target for Modern Trade template demo
Right Roofing & Remodeling of Fulton,Roofing,Fulton,NY,New York,"6720 3rd St, Fulton, NY 17487",(646) 593-3019,False,,0.84,89,sweep_v25,2026-06-06T04:42:54.779147,Target for Modern Trade template demo
The Show Low Pizzeria,Restaurant,Show Low,AZ,Arizona,"922 Main St, Show Low, AZ 33780",(623) 421-1698,False,,0.83,85,sweep_v25,2026-06-06T04:42:54.779189,Target for Elegant Food template demo
Pacific Garland Air Conditioning,HVAC,Garland,TX,Texas,"3549 Franklin St, Garland, TX 75551",(432) 476-5299,False,,0.76,89,sweep_v25,2026-06-06T04:42:54.779258,Target for Modern Trade template demo
Texas Heating & Cooling,HVAC,San Antonio,TX,Texas,"9234 1st Ave, San Antonio, TX 33231",(940) 881-2179,True,,0.64,48,sweep_v25,2026-06-06T04:42:54.779305,Target for Modern Trade template demo
Atlas Auburn HVAC Services,HVAC,Auburn,NY,New York,"1586 Water St, Auburn, NY 14927",(845) 512-6770,True,,0.7,50,sweep_v25,2026-06-06T04:42:54.779348,Target for Modern Trade template demo
Mesa Ilion Italian Kitchen,Restaurant,Ilion,NY,New York,"9347 Elm St, Ilion, NY 63425",(917) 673-9627,False,,0.75,77,sweep_v25,2026-06-06T04:42:54.779391,Target for Elegant Food template demo
Pinnacle Mission Cooling & Heating,HVAC,Mission,TX,Texas,"3897 Park Ave, Mission, TX 79080",(806) 431-5831,True,,0.65,57,sweep_v25,2026-06-06T04:42:54.779433,Target for Modern Trade template demo
Classic Exteriors,Roofing,Ithaca,NY,New York,"7277 Innovation Blvd, Ithaca, NY 63850",(607) 401-9368,True,,0.89,52,sweep_v25,2026-06-06T04:42:54.779475,Target for Modern Trade template demo
AAA Goodyear Home Improvements,Roofing,Goodyear,AZ,Arizona,"944 Adams St, Goodyear, AZ 86843",(602) 549-3848,False,,0.71,90,sweep_v25,2026-06-06T04:42:54.779518,Target for Modern Trade template demo
Everest Roofing & Remodeling,Roofing,Austin,TX,Texas,"7411 Main St, Austin, TX 52412",(806) 376-1510,True,,0.65,60,sweep_v25,2026-06-06T04:42:54.779559,Target for Modern Trade template demo
Green Pflugerville Pizzeria,Restaurant,Pflugerville,TX,Texas,"6794 Madison Ave, Pflugerville, TX 39314",(737) 318-2180,True,,0.75,45,sweep_v25,2026-06-06T04:42:54.779601,Target for Elegant Food template demo
The Glen Cove BBQ & Grill,Restaurant,Glen Cove,NY,New York,"5991 Washington Blvd, Glen Cove, NY 40252",(212) 525-5305,True,,0.65,47,sweep_v25,2026-06-06T04:42:54.779643,Target for Elegant Food template demo
Best Edinburg Exteriors,Roofing,Edinburg,TX,Texas,"8521 State St, Edinburg, TX 98390",(512) 471-9245,False,,0.76,100,sweep_v25,2026-06-06T04:42:54.779685,Target for Modern Trade template demo
United Temperature Control of Beacon,HVAC,Beacon,NY,New York,"2696 3rd St, Beacon, NY 76833",(646) 982-5146,True,,0.88,43,sweep_v25,2026-06-06T04:42:54.779734,Target for Modern Trade template demo
Sky Mesquite Home Improvements,Roofing,Mesquite,TX,Texas,"3216 Oak Ave, Mesquite, TX 83319",(817) 733-3802,False,,0.72,91,sweep_v25,2026-06-06T04:42:54.779776,Target for Modern Trade template demo
Diamond Temperature Control,HVAC,Benbrook,TX,Texas,"2645 Business Park Dr, Benbrook, TX 47549",(972) 250-3039,True,,0.69,45,sweep_v25,2026-06-06T04:42:54.779817,Target for Modern Trade template demo
Iron AC & Heating of Lancaster,HVAC,Lancaster,TX,Texas,"8793 Business Park Dr, Lancaster, TX 94179",(512) 447-9083,False,,0.95,89,sweep_v25,2026-06-06T04:42:54.779859,Target for Modern Trade template demo
State Mechanical of Glens Falls,HVAC,Glens Falls,NY,New York,"2348 Market St, Glens Falls, NY 81151",(607) 260-3648,False,,0.82,84,sweep_v25,2026-06-06T04:42:54.779901,Target for Modern Trade template demo
Valley Yonkers Steakhouse,Restaurant,Yonkers,NY,New York,"9263 Washington Blvd, Yonkers, NY 36099",(914) 934-5197,False,,0.95,89,sweep_v25,2026-06-06T04:42:54.779946,Target for Elegant Food template demo
Green Geneva Restaurant,Restaurant,Geneva,NY,New York,"5511 Water St, Geneva, NY 97434",(518) 282-9350,True,,0.64,45,sweep_v25,2026-06-06T04:42:54.779988,Target for Elegant Food template demo
Peak El Mirage Roofers,Roofing,El Mirage,AZ,Arizona,"2108 Business Park Dr, El Mirage, AZ 66525",(520) 320-1010,False,,0.82,93,sweep_v25,2026-06-06T04:42:54.780030,Target for Modern Trade template demo
Main Auburn Steakhouse,Restaurant,Auburn,NY,New York,"4726 Lincoln Ave, Auburn, NY 94230",(646) 705-8425,True,,0.63,45,sweep_v25,2026-06-06T04:42:54.780074,Target for Elegant Food template demo
Integrity Temperature Control,HVAC,Oneonta,NY,New York,"3097 School St, Oneonta, NY 38684",(347) 584-8319,True,,0.74,55,sweep_v25,2026-06-06T04:42:54.780116,Target for Modern Trade template demo
Traditions Safford Italian Kitchen,Restaurant,Safford,AZ,Arizona,"8968 Center St, Safford, AZ 60175",(602) 707-2921,True,,0.72,42,sweep_v25,2026-06-06T04:42:54.780159,Target for Elegant Food template demo
Cool San Angelo Air Systems,HVAC,San Angelo,TX,Texas,"2269 Elm St, San Angelo, TX 98793",(432) 667-9540,False,,0.93,91,sweep_v25,2026-06-06T04:42:54.780222,Target for Modern Trade template demo
Heritage Kingman Deli & Market,Restaurant,Kingman,AZ,Arizona,"6620 Technology Dr, Kingman, AZ 31428",(520) 837-6529,True,,0.84,52,sweep_v25,2026-06-06T04:42:54.780269,Target for Elegant Food template demo
All-American Roofing of Johnstown,Roofing,Johnstown,NY,New York,"6936 Spring St, Johnstown, NY 35334",(518) 965-8503,True,,0.69,51,sweep_v25,2026-06-06T04:42:54.780312,Target for Modern Trade template demo
Five Star Metal Roofing of Jamestown,Roofing,Jamestown,NY,New York,"2289 Maple Dr, Jamestown, NY 23692",(718) 260-1937,True,,0.82,58,sweep_v25,2026-06-06T04:42:54.780358,Target for Modern Trade template demo
Mountain Albany Pizza & Pasta,Restaurant,Albany,NY,New York,"8162 Highland Ave, Albany, NY 24412",(716) 639-1492,True,,0.73,42,sweep_v25,2026-06-06T04:42:54.780400,Target for Elegant Food template demo
King Mechanical of League City,HVAC,League City,TX,Texas,"5949 Commerce St, League City, TX 89996",(325) 874-5886,False,,0.84,100,sweep_v25,2026-06-06T04:42:54.780444,Target for Modern Trade template demo
Superior Roof & Gutter of Long Beach,Roofing,Long Beach,NY,New York,"1156 3rd St, Long Beach, NY 81477",(845) 952-5819,False,,0.75,100,sweep_v25,2026-06-06T04:42:54.780486,Target for Modern Trade template demo
Family Shingle & Siding,Roofing,Buckeye,AZ,Arizona,"8238 Lincoln Ave, Buckeye, AZ 26283",(520) 271-7911,True,,0.61,53,sweep_v25,2026-06-06T04:42:54.780538,Target for Modern Trade template demo
Home Saratoga Springs Service Experts,HVAC,Saratoga Springs,NY,New York,"361 Hamilton Ave, Saratoga Springs, NY 19400",(585) 310-2939,True,,0.73,43,sweep_v25,2026-06-06T04:42:54.780597,Target for Modern Trade template demo
Atlas Flower Mound Comfort Systems,HVAC,Flower Mound,TX,Texas,"6663 Hamilton Ave, Flower Mound, TX 78280",(830) 283-4563,True,,0.61,45,sweep_v25,2026-06-06T04:42:54.780661,Target for Modern Trade template demo
Right Service Experts,HVAC,Round Rock,TX,Texas,"3319 Broadway, Round Rock, TX 35836",(214) 859-1305,False,,0.79,90,sweep_v25,2026-06-06T04:42:54.780706,Target for Modern Trade template demo
Sun Mamaroneck HVAC Services,HVAC,Mamaroneck,NY,New York,"7219 Broadway, Mamaroneck, NY 71982",(631) 225-8688,True,,0.78,56,sweep_v25,2026-06-06T04:42:54.780748,Target for Modern Trade template demo
A1 Comfort Systems of Socorro,HVAC,Socorro,TX,Texas,"577 Lincoln Ave, Socorro, TX 79801",(956) 413-7277,True,,0.65,46,sweep_v25,2026-06-06T04:42:54.780791,Target for Modern Trade template demo
Gulf Bullhead City Roof & Gutter,Roofing,Bullhead City,AZ,Arizona,"773 Center St, Bullhead City, AZ 24180",(623) 240-3175,True,,0.72,55,sweep_v25,2026-06-06T04:42:54.780833,Target for Modern Trade template demo
Heritage Midland Pizza & Pasta,Restaurant,Midland,TX,Texas,"2016 Oak Ave, Midland, TX 70051",(979) 723-5127,True,,0.74,48,sweep_v25,2026-06-06T04:42:54.780875,Target for Elegant Food template demo
Master Exteriors of Midland,Roofing,Midland,TX,Texas,"8559 Veterans Blvd, Midland, TX 56383",(956) 957-4566,True,,0.78,56,sweep_v25,2026-06-06T04:42:54.780916,Target for Modern Trade template demo
Red Florence Bakery & Cafe,Restaurant,Florence,AZ,Arizona,"9362 Industrial Blvd, Florence, AZ 13683",(602) 300-1484,True,,0.76,46,sweep_v25,2026-06-06T04:42:54.780963,Target for Elegant Food template demo
Original Phoenix Deli & Market,Restaurant,Phoenix,AZ,Arizona,"3874 Madison Ave, Phoenix, AZ 34451",(928) 555-4903,True,,0.73,44,sweep_v25,2026-06-06T04:42:54.781007,Target for Elegant Food template demo
Texas Roofing of Lackawanna,Roofing,Lackawanna,NY,New York,"9214 Park Ave, Lackawanna, NY 67307",(585) 702-8224,True,,0.77,54,sweep_v25,2026-06-06T04:42:54.781051,Target for Modern Trade template demo
Golden Pizzeria,Restaurant,Irving,TX,Texas,"813 Pine St, Irving, TX 43479",(512) 364-7087,False,,0.93,88,sweep_v25,2026-06-06T04:42:54.781094,Target for Elegant Food template demo
Three Nacogdoches Mexican Grill,Restaurant,Nacogdoches,TX,Texas,"5250 Jefferson Dr, Nacogdoches, TX 81760",(956) 633-4906,True,,0.67,46,sweep_v25,2026-06-06T04:42:54.781136,Target for Elegant Food template demo
Lake Pizza & Pasta,Restaurant,Winslow,AZ,Arizona,"3285 Hamilton Ave, Winslow, AZ 12660",(480) 247-5170,True,,0.82,49,sweep_v25,2026-06-06T04:42:54.781178,Target for Elegant Food template demo
National Roofing & Remodeling of Amarillo,Roofing,Amarillo,TX,Texas,"6402 Broadway, Amarillo, TX 82079",(737) 586-4595,True,,0.85,54,sweep_v25,2026-06-06T04:42:54.781244,Target for Modern Trade template demo
Integrity Roofing & Remodeling of Frisco,Roofing,Frisco,TX,Texas,"3125 Enterprise Rd, Frisco, TX 19807",(281) 495-8536,False,,0.88,100,sweep_v25,2026-06-06T04:42:54.781288,Target for Modern Trade template demo
One BBQ & Grill,Restaurant,Gilbert,AZ,Arizona,"6887 Veterans Blvd, Gilbert, AZ 89202",(602) 365-7325,True,,0.79,38,sweep_v25,2026-06-06T04:42:54.781332,Target for Elegant Food template demo
Red Pharr HVAC,HVAC,Pharr,TX,Texas,"3530 Technology Dr, Pharr, TX 80857",(214) 262-3597,True,,0.88,50,sweep_v25,2026-06-06T04:42:54.781374,Target for Modern Trade template demo
One Lubbock Eatery,Restaurant,Lubbock,TX,Texas,"5463 Adams St, Lubbock, TX 43094",(940) 869-3822,False,,0.81,95,sweep_v25,2026-06-06T04:42:54.781416,Target for Elegant Food template demo
Brick Mexican Grill,Restaurant,Bryan,TX,Texas,"6300 Innovation Blvd, Bryan, TX 42223",(325) 816-2510,True,,0.86,55,sweep_v25,2026-06-06T04:42:54.781458,Target for Elegant Food template demo
Dura Roofers of Georgetown,Roofing,Georgetown,TX,Texas,"1214 Veterans Blvd, Georgetown, TX 88878",(361) 568-5908,True,,0.7,54,sweep_v25,2026-06-06T04:42:54.781500,Target for Modern Trade template demo
Pine San Luis Deli & Market,Restaurant,San Luis,AZ,Arizona,"4290 Commerce St, San Luis, AZ 55920",(928) 943-2952,True,,0.89,47,sweep_v25,2026-06-06T04:42:54.781546,Target for Elegant Food template demo
United Roofing,Roofing,Auburn,NY,New York,"2995 Oak Ave, Auburn, NY 14679",(914) 396-5647,True,,0.73,54,sweep_v25,2026-06-06T04:42:54.781589,Target for Modern Trade template demo
Brick Bistro & Bar,Restaurant,Troy,NY,New York,"8450 Valley Blvd, Troy, NY 55082",(518) 270-5634,True,,0.68,42,sweep_v25,2026-06-06T04:42:54.781631,Target for Elegant Food template demo
Patriot Comfort Systems of Austin,HVAC,Austin,TX,Texas,"572 Valley Blvd, Austin, TX 53293",(737) 362-5896,False,,0.77,100,sweep_v25,2026-06-06T04:42:54.781675,Target for Modern Trade template demo
Red Pizza & Pasta,Restaurant,Hornell,NY,New York,"2029 Lincoln Ave, Hornell, NY 12657",(585) 872-9583,True,,0.74,52,sweep_v25,2026-06-06T04:42:54.781716,Target for Elegant Food template demo
Western HVAC Services,HVAC,Hutto,TX,Texas,"5972 Market St, Hutto, TX 73649",(972) 832-2411,False,,0.85,99,sweep_v25,2026-06-06T04:42:54.781758,Target for Modern Trade template demo
Golden HVAC,HVAC,Avondale,AZ,Arizona,"2010 Hamilton Ave, Avondale, AZ 82387",(520) 809-7476,True,,0.63,53,sweep_v25,2026-06-06T04:42:54.781800,Target for Modern Trade template demo
Pinnacle HVAC Services of Houston,HVAC,Houston,TX,Texas,"197 Jefferson Dr, Houston, TX 61531",(432) 939-5552,False,,0.87,94,sweep_v25,2026-06-06T04:42:54.781854,Target for Modern Trade template demo
Harbor Pizza & Pasta,Restaurant,Beacon,NY,New York,"7565 1st Ave, Beacon, NY 53135",(607) 796-8905,False,,0.9,79,sweep_v25,2026-06-06T04:42:54.781912,Target for Elegant Food template demo
Market Payson Restaurant,Restaurant,Payson,AZ,Arizona,"7809 School St, Payson, AZ 68132",(623) 346-6802,True,,0.8,44,sweep_v25,2026-06-06T04:42:54.781977,Target for Elegant Food template demo
Sun Roofing Co. of Glens Falls,Roofing,Glens Falls,NY,New York,"2639 2nd St, Glens Falls, NY 40947",(716) 827-5758,False,,0.91,92,sweep_v25,2026-06-06T04:42:54.782024,Target for Modern Trade template demo
Iron Roofing Company of Odessa,Roofing,Odessa,TX,Texas,"3905 Hamilton Ave, Odessa, TX 89397",(726) 643-6620,True,,0.78,51,sweep_v25,2026-06-06T04:42:54.782066,Target for Modern Trade template demo
Green Service Experts,HVAC,White Plains,NY,New York,"6015 Oak Ave, White Plains, NY 73156",(917) 409-3650,True,,0.84,42,sweep_v25,2026-06-06T04:42:54.782109,Target for Modern Trade template demo
Golden DeSoto Kitchen,Restaurant,DeSoto,TX,Texas,"6594 2nd St, DeSoto, TX 61057",(830) 405-9983,False,,0.83,92,sweep_v25,2026-06-06T04:42:54.782151,Target for Elegant Food template demo
North Star Comfort Systems of Watertown,HVAC,Watertown,NY,New York,"4529 1st Ave, Watertown, NY 35327",(631) 571-1193,False,,0.75,86,sweep_v25,2026-06-06T04:42:54.782212,Target for Modern Trade template demo
Triple Pearland Grille,Restaurant,Pearland,TX,Texas,"8339 1st Ave, Pearland, TX 84894",(512) 861-1656,True,,0.88,40,sweep_v25,2026-06-06T04:42:54.782264,Target for Elegant Food template demo
Three Buckeye Mexican Grill,Restaurant,Buckeye,AZ,Arizona,"5883 Broadway, Buckeye, AZ 38284",(520) 344-7871,False,,0.81,92,sweep_v25,2026-06-06T04:42:54.782308,Target for Elegant Food template demo
Noble Roofers,Roofing,Niagara Falls,NY,New York,"5854 Jackson Blvd, Niagara Falls, NY 17207",(518) 984-5715,True,,0.76,48,sweep_v25,2026-06-06T04:42:54.782350,Target for Modern Trade template demo
Quality Cooling & Heating of Sierra Vista,HVAC,Sierra Vista,AZ,Arizona,"5404 2nd St, Sierra Vista, AZ 17387",(520) 287-2288,True,,0.81,54,sweep_v25,2026-06-06T04:42:54.782393,Target for Modern Trade template demo
Big Home Improvements,Roofing,Syracuse,NY,New York,"8756 Lake Dr, Syracuse, NY 43019",(845) 575-2964,False,,0.94,91,sweep_v25,2026-06-06T04:42:54.782438,Target for Modern Trade template demo
Piazza Cedar Park Taqueria,Restaurant,Cedar Park,TX,Texas,"937 School St, Cedar Park, TX 51359",(936) 336-9166,True,,0.65,45,sweep_v25,2026-06-06T04:42:54.782482,Target for Elegant Food template demo
Red Prescott Valley Restaurant,Restaurant,Prescott Valley,AZ,Arizona,"8604 Oak Ave, Prescott Valley, AZ 86732",(480) 831-1218,True,,0.89,51,sweep_v25,2026-06-06T04:42:54.782524,Target for Elegant Food template demo
Iron Shingle & Siding,Roofing,Schenectady,NY,New York,"7002 Jackson Blvd, Schenectady, NY 45830",(845) 223-1329,False,,0.85,97,sweep_v25,2026-06-06T04:42:54.782616,Target for Modern Trade template demo
Royal Killeen HVAC Services,HVAC,Killeen,TX,Texas,"9119 Industrial Blvd, Killeen, TX 25596",(512) 850-8700,True,,0.73,50,sweep_v25,2026-06-06T04:42:54.782667,Target for Modern Trade template demo
Superior Del Rio Roofing & Construction,Roofing,Del Rio,TX,Texas,"2571 Lake Dr, Del Rio, TX 16224",(281) 977-9154,True,,0.64,52,sweep_v25,2026-06-06T04:42:54.782710,Target for Modern Trade template demo
Sky Shingle & Siding of Lewisville,Roofing,Lewisville,TX,Texas,"342 3rd St, Lewisville, TX 68138",(713) 831-8116,False,,0.71,100,sweep_v25,2026-06-06T04:42:54.782784,Target for Modern Trade template demo
Smart Florence Air & Heating,HVAC,Florence,AZ,Arizona,"9307 Enterprise Rd, Florence, AZ 29576",(520) 436-2342,True,,0.85,44,sweep_v25,2026-06-06T04:42:54.782831,Target for Modern Trade template demo
City Shingle & Siding,Roofing,Stephenville,TX,Texas,"5818 Adams St, Stephenville, TX 37658",(806) 696-7855,True,,0.8,62,sweep_v25,2026-06-06T04:42:54.782875,Target for Modern Trade template demo
Embers Amsterdam Diner,Restaurant,Amsterdam,NY,New York,"2073 Sunset Blvd, Amsterdam, NY 15422",(516) 370-6763,False,,0.94,84,sweep_v25,2026-06-06T04:42:54.782918,Target for Elegant Food template demo
Santa Fe Douglas Deli & Market,Restaurant,Douglas,AZ,Arizona,"579 Hill St, Douglas, AZ 43212",(623) 535-8659,True,,0.88,43,sweep_v25,2026-06-06T04:42:54.782964,Target for Elegant Food template demo
Family Roofing Contractors,Roofing,Utica,NY,New York,"6488 Valley Blvd, Utica, NY 89851",(585) 614-7657,True,,0.72,47,sweep_v25,2026-06-06T04:42:54.783009,Target for Modern Trade template demo
Crown AC & Heating,HVAC,Middletown,NY,New York,"1281 1st Ave, Middletown, NY 69818",(518) 229-4962,True,,0.83,51,sweep_v25,2026-06-06T04:42:54.783051,Target for Modern Trade template demo
Diamond Roofing of Houston,Roofing,Houston,TX,Texas,"2132 Franklin St, Houston, TX 81277",(432) 403-6169,False,,0.89,95,sweep_v25,2026-06-06T04:42:54.783093,Target for Modern Trade template demo
Mountain Roofing Solutions of Benbrook,Roofing,Benbrook,TX,Texas,"2590 2nd St, Benbrook, TX 61820",(361) 688-9513,True,,0.62,50,sweep_v25,2026-06-06T04:42:54.783138,Target for Modern Trade template demo
Patriot Cooling Solutions,HVAC,North Tonawanda,NY,New York,"5802 Market St, North Tonawanda, NY 20462",(631) 518-2479,True,,0.81,51,sweep_v25,2026-06-06T04:42:54.783180,Target for Modern Trade template demo
Climate Climate Control,HVAC,Wylie,TX,Texas,"2935 Hamilton Ave, Wylie, TX 14995",(806) 992-7384,True,,0.73,47,sweep_v25,2026-06-06T04:42:54.783250,Target for Modern Trade template demo
Express Air Conditioning of Cedar Park,HVAC,Cedar Park,TX,Texas,"7855 Church St, Cedar Park, TX 64606",(469) 500-4539,False,,0.81,98,sweep_v25,2026-06-06T04:42:54.783298,Target for Modern Trade template demo
Big Roofing & Remodeling,Roofing,Geneva,NY,New York,"9945 Elm St, Geneva, NY 10384",(914) 634-4517,False,,0.92,92,sweep_v25,2026-06-06T04:42:54.783341,Target for Modern Trade template demo
Johnson Burleson Air & Heating,HVAC,Burleson,TX,Texas,"3232 School St, Burleson, TX 49326",(806) 667-6011,False,,0.79,85,sweep_v25,2026-06-06T04:42:54.783384,Target for Modern Trade template demo
Signature Roofing Solutions,Roofing,Sierra Vista,AZ,Arizona,"1366 Hamilton Ave, Sierra Vista, AZ 22270",(928) 860-3028,False,,0.85,94,sweep_v25,2026-06-06T04:42:54.783427,Target for Modern Trade template demo
Silver Chino Valley Mechanical,HVAC,Chino Valley,AZ,Arizona,"3682 Industrial Blvd, Chino Valley, AZ 11971",(602) 556-1860,True,,0.87,47,sweep_v25,2026-06-06T04:42:54.783472,Target for Modern Trade template demo
Valley Roofing Solutions,Roofing,Flower Mound,TX,Texas,"331 Hill St, Flower Mound, TX 27694",(972) 731-5073,True,,0.69,63,sweep_v25,2026-06-06T04:42:54.783514,Target for Modern Trade template demo
North Star Coolidge HVAC Services,HVAC,Coolidge,AZ,Arizona,"5329 Business Park Dr, Coolidge, AZ 72625",(928) 889-3297,True,,0.67,43,sweep_v25,2026-06-06T04:42:54.783557,Target for Modern Trade template demo
Five Dunkirk Sushi Bar,Restaurant,Dunkirk,NY,New York,"8820 Monroe Ave, Dunkirk, NY 53941",(585) 266-7555,True,,0.84,38,sweep_v25,2026-06-06T04:42:54.783599,Target for Elegant Food template demo
Sahara Climate Control,HVAC,Niagara Falls,NY,New York,"5546 Main St, Niagara Falls, NY 43997",(585) 312-4888,True,,0.64,49,sweep_v25,2026-06-06T04:42:54.783642,Target for Modern Trade template demo
Weather Exteriors,Roofing,Fountain Hills,AZ,Arizona,"6068 Veterans Blvd, Fountain Hills, AZ 48105",(602) 477-5280,False,,0.91,100,sweep_v25,2026-06-06T04:42:54.783686,Target for Modern Trade template demo
Absolute Roof & Gutter of Pasadena,Roofing,Pasadena,TX,Texas,"7805 Lincoln Ave, Pasadena, TX 73163",(254) 556-4866,False,,0.89,97,sweep_v25,2026-06-06T04:42:54.783732,Target for Modern Trade template demo
Crown HVAC Services of Cottonwood,HVAC,Cottonwood,AZ,Arizona,"6098 Main St, Cottonwood, AZ 49345",(623) 639-7648,False,,0.94,98,sweep_v25,2026-06-06T04:42:54.783794,Target for Modern Trade template demo
Pine Long Beach Bistro & Bar,Restaurant,Long Beach,NY,New York,"9335 Oak Ave, Long Beach, NY 18621",(212) 938-5385,False,,0.94,85,sweep_v25,2026-06-06T04:42:54.783846,Target for Elegant Food template demo
Lone Star San Antonio Cafe & Grill,Restaurant,San Antonio,TX,Texas,"1325 Elm St, San Antonio, TX 13788",(713) 604-2074,False,,0.74,88,sweep_v25,2026-06-06T04:42:54.783889,Target for Elegant Food template demo
The Watertown Italian Kitchen,Restaurant,Watertown,NY,New York,"5899 Pine St, Watertown, NY 58667",(315) 300-7517,False,,0.75,90,sweep_v25,2026-06-06T04:42:54.783939,Target for Elegant Food template demo
Capital Glendale Roofing Solutions,Roofing,Glendale,AZ,Arizona,"284 Jefferson Dr, Glendale, AZ 90021",(520) 685-7646,True,,0.68,63,sweep_v25,2026-06-06T04:42:54.783982,Target for Modern Trade template demo
New Baytown Pizzeria,Restaurant,Baytown,TX,Texas,"5145 Jefferson Dr, Baytown, TX 77123",(903) 561-1563,True,,0.85,51,sweep_v25,2026-06-06T04:42:54.784024,Target for Elegant Food template demo
Tri-State Ogdensburg Cooling Solutions,HVAC,Ogdensburg,NY,New York,"9710 Hamilton Ave, Ogdensburg, NY 87522",(929) 295-7371,False,,0.91,86,sweep_v25,2026-06-06T04:42:54.784066,Target for Modern Trade template demo
Market Mexican Grill,Restaurant,Euless,TX,Texas,"3971 Madison Ave, Euless, TX 52149",(469) 545-2501,True,,0.72,55,sweep_v25,2026-06-06T04:42:54.784108,Target for Elegant Food template demo
Premier HVAC Solutions of Long Beach,HVAC,Long Beach,NY,New York,"8639 Enterprise Rd, Long Beach, NY 33842",(212) 397-6014,True,,0.71,42,sweep_v25,2026-06-06T04:42:54.784152,Target for Modern Trade template demo
Payless Air Systems,HVAC,Cedar Hill,TX,Texas,"9393 Center St, Cedar Hill, TX 25883",(979) 789-6517,True,,0.64,56,sweep_v25,2026-06-06T04:42:54.784214,Target for Modern Trade template demo
Original Cedar Hill Eatery,Restaurant,Cedar Hill,TX,Texas,"4285 Franklin St, Cedar Hill, TX 21975",(940) 284-3909,False,,0.78,93,sweep_v25,2026-06-06T04:42:54.784266,Target for Elegant Food template demo
Pine Fulton Bakery & Cafe,Restaurant,Fulton,NY,New York,"6364 Business Park Dr, Fulton, NY 37917",(347) 653-7267,True,,0.78,47,sweep_v25,2026-06-06T04:42:54.784310,Target for Elegant Food template demo
Town Flagstaff Sushi Bar,Restaurant,Flagstaff,AZ,Arizona,"1571 Industrial Blvd, Flagstaff, AZ 46074",(602) 831-6618,True,,0.89,50,sweep_v25,2026-06-06T04:42:54.784353,Target for Elegant Food template demo
West Dunkirk Air Conditioning,HVAC,Dunkirk,NY,New York,"5250 Center St, Dunkirk, NY 42238",(914) 799-2025,True,,0.71,47,sweep_v25,2026-06-06T04:42:54.784402,Target for Modern Trade template demo
Salt Oneonta Cafe & Grill,Restaurant,Oneonta,NY,New York,"6452 Water St, Oneonta, NY 43004",(315) 679-7668,True,,0.7,41,sweep_v25,2026-06-06T04:42:54.784444,Target for Elegant Food template demo
Union Pizzeria,Restaurant,Cohoes,NY,New York,"144 Center St, Cohoes, NY 77676",(518) 890-6583,True,,0.77,42,sweep_v25,2026-06-06T04:42:54.784488,Target for Elegant Food template demo
Diamond Roofing & Remodeling,Roofing,Little Falls,NY,New York,"5800 Park Ave, Little Falls, NY 44436",(917) 732-8529,True,,0.63,53,sweep_v25,2026-06-06T04:42:54.784530,Target for Modern Trade template demo
Service Service Experts of Lake Havasu City,HVAC,Lake Havasu City,AZ,Arizona,"9991 Monroe Ave, Lake Havasu City, AZ 74329",(520) 980-8131,False,,0.92,91,sweep_v25,2026-06-06T04:42:54.784572,Target for Modern Trade template demo
Arrow Cooling & Heating of Beaumont,HVAC,Beaumont,TX,Texas,"7549 Innovation Blvd, Beaumont, TX 89718",(903) 746-3938,True,,0.67,52,sweep_v25,2026-06-06T04:42:54.784615,Target for Modern Trade template demo
Station Killeen Cafe & Grill,Restaurant,Killeen,TX,Texas,"2631 Hill St, Killeen, TX 60725",(817) 658-4061,False,,0.94,88,sweep_v25,2026-06-06T04:42:54.784657,Target for Elegant Food template demo
Mesa New Rochelle Eatery,Restaurant,New Rochelle,NY,New York,"6090 State St, New Rochelle, NY 75388",(315) 789-4037,False,,0.93,78,sweep_v25,2026-06-06T04:42:54.784699,Target for Elegant Food template demo
Crown Comfort Systems of Plano,HVAC,Plano,TX,Texas,"4004 Enterprise Rd, Plano, TX 73481",(726) 885-8606,True,,0.72,54,sweep_v25,2026-06-06T04:42:54.784741,Target for Modern Trade template demo
King's Coolidge Bakery & Cafe,Restaurant,Coolidge,AZ,Arizona,"1639 Lincoln Ave, Coolidge, AZ 15941",(928) 917-7851,True,,0.66,38,sweep_v25,2026-06-06T04:42:54.784783,Target for Elegant Food template demo
King Construction & Roofing of Lockport,Roofing,Lockport,NY,New York,"2696 Adams St, Lockport, NY 63474",(585) 586-6420,True,,0.68,60,sweep_v25,2026-06-06T04:42:54.784828,Target for Modern Trade template demo
Iron Service Experts,HVAC,Big Spring,TX,Texas,"7116 Water St, Big Spring, TX 20779",(806) 749-5412,False,,0.88,88,sweep_v25,2026-06-06T04:42:54.784870,Target for Modern Trade template demo
Heritage Del Rio Eatery,Restaurant,Del Rio,TX,Texas,"2266 Park Ave, Del Rio, TX 95317",(409) 311-4050,True,,0.65,51,sweep_v25,2026-06-06T04:42:54.784912,Target for Elegant Food template demo
Family Waco Roofing Services,Roofing,Waco,TX,Texas,"519 Industrial Blvd, Waco, TX 49857",(254) 845-6540,False,,0.82,99,sweep_v25,2026-06-06T04:42:54.784958,Target for Modern Trade template demo
Empire Sugar Land Roofing Contractors,Roofing,Sugar Land,TX,Texas,"8967 Center St, Sugar Land, TX 41391",(432) 778-3076,True,,0.83,60,sweep_v25,2026-06-06T04:42:54.785000,Target for Modern Trade template demo
City Sherman Sushi Bar,Restaurant,Sherman,TX,Texas,"7967 1st Ave, Sherman, TX 52080",(726) 735-5472,True,,0.65,49,sweep_v25,2026-06-06T04:42:54.785041,Target for Elegant Food template demo
Frontier Duncanville Mechanical,HVAC,Duncanville,TX,Texas,"7488 School St, Duncanville, TX 64799",(936) 703-9163,False,,0.8,88,sweep_v25,2026-06-06T04:42:54.785083,Target for Modern Trade template demo
United Roofing,Roofing,Surprise,AZ,Arizona,"2888 Adams St, Surprise, AZ 21999",(520) 664-3877,True,,0.86,50,sweep_v25,2026-06-06T04:42:54.785128,Target for Modern Trade template demo
Liberty Rensselaer Roofing Services,Roofing,Rensselaer,NY,New York,"284 Valley Blvd, Rensselaer, NY 60670",(212) 633-9113,True,,0.79,51,sweep_v25,2026-06-06T04:42:54.785169,Target for Modern Trade template demo
North Star Temperature Control of Hurst,HVAC,Hurst,TX,Texas,"5497 Broadway, Hurst, TX 73234",(254) 695-9993,False,,0.94,85,sweep_v25,2026-06-06T04:42:54.785237,Target for Modern Trade template demo
Silver Surprise Deli & Market,Restaurant,Surprise,AZ,Arizona,"4003 Veterans Blvd, Surprise, AZ 76795",(602) 961-1317,False,,0.74,91,sweep_v25,2026-06-06T04:42:54.785284,Target for Elegant Food template demo
Armor Bisbee Roofing,Roofing,Bisbee,AZ,Arizona,"5415 Washington Blvd, Bisbee, AZ 84791",(602) 337-8173,True,,0.73,51,sweep_v25,2026-06-06T04:42:54.785327,Target for Modern Trade template demo
Corner Pizza & Pasta,Restaurant,Temple,TX,Texas,"8755 Madison Ave, Temple, TX 31510",(214) 648-5823,True,,0.67,55,sweep_v25,2026-06-06T04:42:54.785369,Target for Elegant Food template demo
Village Tucson Italian Kitchen,Restaurant,Tucson,AZ,Arizona,"2965 Adams St, Tucson, AZ 23805",(602) 705-9633,True,,0.61,38,sweep_v25,2026-06-06T04:42:54.785412,Target for Elegant Food template demo
Midtown Kitchen,Restaurant,Scottsdale,AZ,Arizona,"976 Main St, Scottsdale, AZ 12839",(602) 950-1066,True,,0.64,51,sweep_v25,2026-06-06T04:42:54.785454,Target for Elegant Food template demo
Gulf Bisbee Mechanical,HVAC,Bisbee,AZ,Arizona,"7242 Cedar Ln, Bisbee, AZ 45085",(520) 407-7180,True,,0.64,48,sweep_v25,2026-06-06T04:42:54.785496,Target for Modern Trade template demo
Family Baytown Cooling & Heating,HVAC,Baytown,TX,Texas,"1362 Lake Dr, Baytown, TX 42355",(972) 290-3339,False,,0.81,95,sweep_v25,2026-06-06T04:42:54.785538,Target for Modern Trade template demo
Iron Air Systems,HVAC,Haverstraw,NY,New York,"7880 Cedar Ln, Haverstraw, NY 38709",(914) 422-6108,True,,0.87,49,sweep_v25,2026-06-06T04:42:54.785580,Target for Modern Trade template demo
Economy Roofing & Remodeling of Phoenix,Roofing,Phoenix,AZ,Arizona,"4403 Pine St, Phoenix, AZ 10272",(928) 545-1698,True,,0.89,59,sweep_v25,2026-06-06T04:42:54.785622,Target for Modern Trade template demo
Famous Victoria Pizza & Pasta,Restaurant,Victoria,TX,Texas,"5971 Adams St, Victoria, TX 57118",(806) 510-3981,True,,0.61,45,sweep_v25,2026-06-06T04:42:54.785664,Target for Elegant Food template demo
Lone Star Home Improvements of Poughkeepsie,Roofing,Poughkeepsie,NY,New York,"5626 Oak Ave, Poughkeepsie, NY 58191",(845) 595-2203,True,,0.68,56,sweep_v25,2026-06-06T04:42:54.785708,Target for Modern Trade template demo
Top HVAC Solutions,HVAC,Youngtown,AZ,Arizona,"6346 Lake Dr, Youngtown, AZ 95608",(480) 446-3799,True,,0.83,45,sweep_v25,2026-06-06T04:42:54.785750,Target for Modern Trade template demo
Atlas Roof Specialists,Roofing,Beacon,NY,New York,"2266 Cedar Ln, Beacon, NY 39345",(716) 645-2357,True,,0.72,61,sweep_v25,2026-06-06T04:42:54.785792,Target for Modern Trade template demo
Castle Roofing Company of The Colony,Roofing,The Colony,TX,Texas,"9868 Jackson Blvd, The Colony, TX 19634",(940) 387-3455,True,,0.71,62,sweep_v25,2026-06-06T04:42:54.785834,Target for Modern Trade template demo
Lifetime Lake Havasu City Construction & Roofing,Roofing,Lake Havasu City,AZ,Arizona,"4783 Madison Ave, Lake Havasu City, AZ 25543",(928) 799-8602,False,,0.94,100,sweep_v25,2026-06-06T04:42:54.785876,Target for Modern Trade template demo
Mountain The Colony HVAC Services,HVAC,The Colony,TX,Texas,"9225 Broadway, The Colony, TX 27176",(806) 928-6177,True,,0.72,52,sweep_v25,2026-06-06T04:42:54.785918,Target for Modern Trade template demo
Arch Carrollton Roofing Company,Roofing,Carrollton,TX,Texas,"518 Lake Dr, Carrollton, TX 57941",(972) 746-3468,True,,0.65,55,sweep_v25,2026-06-06T04:42:54.785964,Target for Modern Trade template demo
Pinnacle Shingle & Siding of Tucson,Roofing,Tucson,AZ,Arizona,"3434 Veterans Blvd, Tucson, AZ 40821",(480) 683-8932,False,,0.95,94,sweep_v25,2026-06-06T04:42:54.786005,Target for Modern Trade template demo
Salt Cafe & Grill,Restaurant,Wickenburg,AZ,Arizona,"9268 Spring St, Wickenburg, AZ 48946",(602) 921-6099,True,,0.71,49,sweep_v25,2026-06-06T04:42:54.786047,Target for Elegant Food template demo
Lake Lake Havasu City Deli & Market,Restaurant,Lake Havasu City,AZ,Arizona,"7340 Washington Blvd, Lake Havasu City, AZ 16689",(602) 648-3146,True,,0.82,45,sweep_v25,2026-06-06T04:42:54.786089,Target for Elegant Food template demo
Sun Roofing Services of Watervliet,Roofing,Watervliet,NY,New York,"7382 Sunset Blvd, Watervliet, NY 66255",(845) 392-8075,True,,0.64,48,sweep_v25,2026-06-06T04:42:54.786132,Target for Modern Trade template demo
Southwest Heating & Air of Port Arthur,HVAC,Port Arthur,TX,Texas,"5450 Jefferson Dr, Port Arthur, TX 23831",(210) 819-4535,False,,0.83,97,sweep_v25,2026-06-06T04:42:54.786175,Target for Modern Trade template demo
Gulf Pasadena AC & Heating,HVAC,Pasadena,TX,Texas,"171 Park Ave, Pasadena, TX 56735",(903) 572-7371,True,,0.76,46,sweep_v25,2026-06-06T04:42:54.786243,Target for Modern Trade template demo
Blue Deli & Market,Restaurant,Marana,AZ,Arizona,"9566 State St, Marana, AZ 15615",(602) 358-1354,True,,0.69,49,sweep_v25,2026-06-06T04:42:54.786290,Target for Elegant Food template demo
Theo's Mexican Grill,Restaurant,Wylie,TX,Texas,"159 Park Ave, Wylie, TX 82129",(210) 903-4200,True,,0.66,40,sweep_v25,2026-06-06T04:42:54.786334,Target for Elegant Food template demo
Service Heating & Air of Mesa,HVAC,Mesa,AZ,Arizona,"2014 Innovation Blvd, Mesa, AZ 28559",(623) 393-1852,True,,0.84,56,sweep_v25,2026-06-06T04:42:54.786376,Target for Modern Trade template demo
Shield Eloy Roofing Contractors,Roofing,Eloy,AZ,Arizona,"8566 Main St, Eloy, AZ 65574",(520) 848-7029,False,,0.83,95,sweep_v25,2026-06-06T04:42:54.786421,Target for Modern Trade template demo
Grand Middletown Italian Kitchen,Restaurant,Middletown,NY,New York,"1189 River Rd, Middletown, NY 26476",(646) 412-8461,True,,0.78,44,sweep_v25,2026-06-06T04:42:54.786463,Target for Elegant Food template demo
Copper Hutto Sushi Bar,Restaurant,Hutto,TX,Texas,"5475 Franklin St, Hutto, TX 40466",(469) 856-4447,True,,0.82,47,sweep_v25,2026-06-06T04:42:54.786505,Target for Elegant Food template demo
State Haverstraw Steakhouse,Restaurant,Haverstraw,NY,New York,"5705 Jefferson Dr, Haverstraw, NY 33171",(929) 662-8287,True,,0.62,40,sweep_v25,2026-06-06T04:42:54.786547,Target for Elegant Food template demo
Economy Roofing Contractors of Burleson,Roofing,Burleson,TX,Texas,"6691 Hamilton Ave, Burleson, TX 97377",(361) 275-2131,True,,0.63,64,sweep_v25,2026-06-06T04:42:54.786606,Target for Modern Trade template demo
Ridge Denton Metal Roofing,Roofing,Denton,TX,Texas,"6458 Jefferson Dr, Denton, TX 79293",(903) 463-4682,True,,0.76,55,sweep_v25,2026-06-06T04:42:54.786648,Target for Modern Trade template demo
Patriot HVAC Services,HVAC,Tucson,AZ,Arizona,"1124 Pine St, Tucson, AZ 38199",(623) 324-3845,True,,0.89,53,sweep_v25,2026-06-06T04:42:54.786690,Target for Modern Trade template demo
Sky Roofing Services of Haltom City,Roofing,Haltom City,TX,Texas,"578 Broadway, Haltom City, TX 64908",(979) 438-3458,False,,0.75,91,sweep_v25,2026-06-06T04:42:54.786760,Target for Modern Trade template demo
Royal Safford Air & Heating,HVAC,Safford,AZ,Arizona,"4019 Cedar Ln, Safford, AZ 67602",(480) 360-8984,False,,0.83,96,sweep_v25,2026-06-06T04:42:54.786810,Target for Modern Trade template demo
Noble Page Roofing Company,Roofing,Page,AZ,Arizona,"2745 Lincoln Ave, Page, AZ 87029",(623) 281-5724,False,,0.87,90,sweep_v25,2026-06-06T04:42:54.786853,Target for Modern Trade template demo
West Roof & Gutter of Hutto,Roofing,Hutto,TX,Texas,"6878 Lincoln Ave, Hutto, TX 96031",(214) 335-2052,True,,0.88,52,sweep_v25,2026-06-06T04:42:54.786895,Target for Modern Trade template demo
Pride Construction & Roofing,Roofing,Winslow,AZ,Arizona,"6410 Jefferson Dr, Winslow, AZ 67390",(623) 320-2883,False,,0.73,99,sweep_v25,2026-06-06T04:42:54.786941,Target for Modern Trade template demo
Red Rome Italian Kitchen,Restaurant,Rome,NY,New York,"1436 Sunset Blvd, Rome, NY 37537",(718) 984-8854,True,,0.89,46,sweep_v25,2026-06-06T04:42:54.786984,Target for Elegant Food template demo
Frontier Roofing of Oneonta,Roofing,Oneonta,NY,New York,"166 Spring St, Oneonta, NY 53015",(607) 443-5938,True,,0.87,52,sweep_v25,2026-06-06T04:42:54.787029,Target for Modern Trade template demo
Economy Roof & Gutter of Olean,Roofing,Olean,NY,New York,"1731 Veterans Blvd, Olean, NY 60534",(212) 780-1473,True,,0.85,48,sweep_v25,2026-06-06T04:42:54.787073,Target for Modern Trade template demo
City Roofing Co. of San Angelo,Roofing,San Angelo,TX,Texas,"4004 Washington Blvd, San Angelo, TX 34805",(737) 279-1086,True,,0.77,59,sweep_v25,2026-06-06T04:42:54.787116,Target for Modern Trade template demo
Imperial HVAC of Tonawanda,HVAC,Tonawanda,NY,New York,"8566 Church St, Tonawanda, NY 82117",(607) 368-6876,False,,0.86,91,sweep_v25,2026-06-06T04:42:54.787158,Target for Modern Trade template demo
Rapid Temperature Control,HVAC,Odessa,TX,Texas,"5427 Highland Ave, Odessa, TX 77550",(830) 948-8515,False,,0.71,89,sweep_v25,2026-06-06T04:42:54.787220,Target for Modern Trade template demo
Bella Diner,Restaurant,Peoria,AZ,Arizona,"7108 School St, Peoria, AZ 42182",(520) 723-8880,True,,0.78,50,sweep_v25,2026-06-06T04:42:54.787272,Target for Elegant Food template demo
Wild Benbrook Eatery,Restaurant,Benbrook,TX,Texas,"3419 River Rd, Benbrook, TX 84653",(972) 213-7667,False,,0.78,94,sweep_v25,2026-06-06T04:42:54.787316,Target for Elegant Food template demo
Diamond Home Improvements of Grand Prairie,Roofing,Grand Prairie,TX,Texas,"5695 Broadway, Grand Prairie, TX 38022",(469) 870-5899,True,,0.76,64,sweep_v25,2026-06-06T04:42:54.787359,Target for Modern Trade template demo
Red Bakery & Cafe,Restaurant,Waco,TX,Texas,"6865 Center St, Waco, TX 18756",(214) 443-7329,True,,0.89,53,sweep_v25,2026-06-06T04:42:54.787401,Target for Elegant Food template demo
Liberty Roofing & Construction of Cedar Hill,Roofing,Cedar Hill,TX,Texas,"408 Hill St, Cedar Hill, TX 81781",(214) 913-2252,True,,0.72,65,sweep_v25,2026-06-06T04:42:54.787443,Target for Modern Trade template demo
Capital Cottonwood Roofing & Construction,Roofing,Cottonwood,AZ,Arizona,"7942 Spring St, Cottonwood, AZ 58801",(928) 578-4413,False,,0.91,100,sweep_v25,2026-06-06T04:42:54.787486,Target for Modern Trade template demo
Mountain Temperature Control of Goodyear,HVAC,Goodyear,AZ,Arizona,"4462 Washington Blvd, Goodyear, AZ 21154",(928) 800-7422,True,,0.83,52,sweep_v25,2026-06-06T04:42:54.787530,Target for Modern Trade template demo
Seven BBQ & Grill,Restaurant,Beaumont,TX,Texas,"1368 Park Ave, Beaumont, TX 87131",(830) 324-1086,True,,0.73,53,sweep_v25,2026-06-06T04:42:54.787574,Target for Elegant Food template demo
Cool Eloy Cooling & Heating,HVAC,Eloy,AZ,Arizona,"8309 Monroe Ave, Eloy, AZ 77169",(480) 289-6188,True,,0.82,50,sweep_v25,2026-06-06T04:42:54.787616,Target for Modern Trade template demo
Big Baytown Roofing Company,Roofing,Baytown,TX,Texas,"7461 Commerce St, Baytown, TX 61971",(210) 836-8348,True,,0.75,51,sweep_v25,2026-06-06T04:42:54.787657,Target for Modern Trade template demo
Central Air Conditioning & Heating of Lockport,HVAC,Lockport,NY,New York,"3993 3rd St, Lockport, NY 75580",(315) 794-7968,True,,0.68,43,sweep_v25,2026-06-06T04:42:54.787699,Target for Modern Trade template demo
One Poughkeepsie Grille,Restaurant,Poughkeepsie,NY,New York,"3298 Main St, Poughkeepsie, NY 35442",(914) 711-1289,True,,0.73,47,sweep_v25,2026-06-06T04:42:54.787746,Target for Elegant Food template demo
Highland Amarillo Deli & Market,Restaurant,Amarillo,TX,Texas,"276 Monroe Ave, Amarillo, TX 64163",(940) 570-2988,True,,0.72,43,sweep_v25,2026-06-06T04:42:54.787788,Target for Elegant Food template demo
Cool Air Systems,HVAC,Phoenix,AZ,Arizona,"2488 School St, Phoenix, AZ 14875",(520) 852-5907,False,,0.9,90,sweep_v25,2026-06-06T04:42:54.787830,Target for Modern Trade template demo
Economy Exteriors,Roofing,Kingman,AZ,Arizona,"8262 Broadway, Kingman, AZ 69359",(520) 341-3566,False,,0.82,99,sweep_v25,2026-06-06T04:42:54.787873,Target for Modern Trade template demo
Liberty Douglas Exteriors,Roofing,Douglas,AZ,Arizona,"7020 Maple Dr, Douglas, AZ 27598",(928) 908-2506,False,,0.81,98,sweep_v25,2026-06-06T04:42:54.787915,Target for Modern Trade template demo
Sunrise Pearland Mechanical,HVAC,Pearland,TX,Texas,"5801 Pine St, Pearland, TX 21069",(361) 994-3496,True,,0.72,47,sweep_v25,2026-06-06T04:42:54.787963,Target for Modern Trade template demo
Sun Eloy Sushi Bar,Restaurant,Eloy,AZ,Arizona,"2055 Madison Ave, Eloy, AZ 64810",(602) 890-1451,False,,0.83,82,sweep_v25,2026-06-06T04:42:54.788004,Target for Elegant Food template demo
Expert Roofing of Tyler,Roofing,Tyler,TX,Texas,"5349 Veterans Blvd, Tyler, TX 94817",(432) 276-8883,True,,0.63,56,sweep_v25,2026-06-06T04:42:54.788046,Target for Modern Trade template demo
Green Massena Grille,Restaurant,Massena,NY,New York,"9284 Innovation Blvd, Massena, NY 51209",(347) 325-7209,False,,0.79,91,sweep_v25,2026-06-06T04:42:54.788088,Target for Elegant Food template demo
Island El Mirage BBQ & Grill,Restaurant,El Mirage,AZ,Arizona,"8965 Commerce St, El Mirage, AZ 40125",(928) 691-1736,True,,0.79,40,sweep_v25,2026-06-06T04:42:54.788130,Target for Elegant Food template demo
Five Star Roofing Solutions of Hurst,Roofing,Hurst,TX,Texas,"2459 Lincoln Ave, Hurst, TX 70364",(936) 704-3758,False,,0.72,100,sweep_v25,2026-06-06T04:42:54.788172,Target for Modern Trade template demo
A1 Heating & Cooling of Wichita Falls,HVAC,Wichita Falls,TX,Texas,"927 Industrial Blvd, Wichita Falls, TX 39346",(972) 509-1861,True,,0.71,46,sweep_v25,2026-06-06T04:42:54.788239,Target for Modern Trade template demo
Tri-State Rensselaer HVAC Solutions,HVAC,Rensselaer,NY,New York,"2645 Oak Ave, Rensselaer, NY 93079",(347) 313-5467,True,,0.82,49,sweep_v25,2026-06-06T04:42:54.788286,Target for Modern Trade template demo
Atlas Climate Control of Fountain Hills,HVAC,Fountain Hills,AZ,Arizona,"3904 Jackson Blvd, Fountain Hills, AZ 82339",(602) 821-7277,True,,0.67,52,sweep_v25,2026-06-06T04:42:54.788330,Target for Modern Trade template demo
Town Watervliet Taqueria,Restaurant,Watervliet,NY,New York,"7334 Veterans Blvd, Watervliet, NY 88766",(845) 518-3764,True,,0.67,51,sweep_v25,2026-06-06T04:42:54.788371,Target for Elegant Food template demo
Storm Roofers of San Marcos,Roofing,San Marcos,TX,Texas,"1092 School St, San Marcos, TX 23973",(210) 234-7096,True,,0.73,57,sweep_v25,2026-06-06T04:42:54.788417,Target for Modern Trade template demo
Heritage Heating & Cooling,HVAC,Dallas,TX,Texas,"578 Technology Dr, Dallas, TX 92356",(979) 913-2375,False,,0.79,94,sweep_v25,2026-06-06T04:42:54.788462,Target for Modern Trade template demo
Piazza Glendale Diner,Restaurant,Glendale,AZ,Arizona,"3739 Adams St, Glendale, AZ 85124",(602) 726-1635,True,,0.79,41,sweep_v25,2026-06-06T04:42:54.788519,Target for Elegant Food template demo
Pinnacle AC & Heating of Troy,HVAC,Troy,NY,New York,"3603 Innovation Blvd, Troy, NY 69222",(315) 368-4587,True,,0.66,55,sweep_v25,2026-06-06T04:42:54.788576,Target for Modern Trade template demo
Payless Comfort Systems,HVAC,Grapevine,TX,Texas,"3339 School St, Grapevine, TX 63407",(409) 268-1489,False,,0.94,97,sweep_v25,2026-06-06T04:42:54.788633,Target for Modern Trade template demo
Crown Syracuse AC & Heating,HVAC,Syracuse,NY,New York,"2504 Commerce St, Syracuse, NY 27579",(631) 511-7990,True,,0.65,54,sweep_v25,2026-06-06T04:42:54.788694,Target for Modern Trade template demo
Right Massena Roofing Company,Roofing,Massena,NY,New York,"8921 Center St, Massena, NY 14271",(718) 855-4253,True,,0.77,62,sweep_v25,2026-06-06T04:42:54.788738,Target for Modern Trade template demo
Queen's Keller Grille,Restaurant,Keller,TX,Texas,"6281 Main St, Keller, TX 68352",(210) 873-3188,True,,0.71,47,sweep_v25,2026-06-06T04:42:54.788782,Target for Elegant Food template demo
Heritage Oswego Roofing Company,Roofing,Oswego,NY,New York,"613 Lake Dr, Oswego, NY 22499",(315) 313-8604,True,,0.89,52,sweep_v25,2026-06-06T04:42:54.788823,Target for Modern Trade template demo
Smart HVAC,HVAC,Lubbock,TX,Texas,"672 Franklin St, Lubbock, TX 30837",(361) 735-2997,False,,0.87,92,sweep_v25,2026-06-06T04:42:54.788866,Target for Modern Trade template demo
Secure Metal Roofing of Corning,Roofing,Corning,NY,New York,"8534 Jackson Blvd, Corning, NY 26201",(914) 358-6738,False,,0.92,98,sweep_v25,2026-06-06T04:42:54.788913,Target for Modern Trade template demo
Guardian Roofing,Roofing,Euless,TX,Texas,"6710 Oak Ave, Euless, TX 63237",(737) 920-1553,True,,0.68,54,sweep_v25,2026-06-06T04:42:54.788963,Target for Modern Trade template demo
Reliable Roofing Co. of Wylie,Roofing,Wylie,TX,Texas,"7725 Monroe Ave, Wylie, TX 99399",(512) 509-6015,False,,0.94,98,sweep_v25,2026-06-06T04:42:54.789005,Target for Modern Trade template demo
Top BBQ & Grill,Restaurant,Tyler,TX,Texas,"4108 Market St, Tyler, TX 17034",(940) 949-2249,False,,0.84,85,sweep_v25,2026-06-06T04:42:54.789047,Target for Elegant Food template demo
State Laredo Mechanical,HVAC,Laredo,TX,Texas,"6060 Park Ave, Laredo, TX 72995",(409) 379-5580,False,,0.83,87,sweep_v25,2026-06-06T04:42:54.789090,Target for Modern Trade template demo
Elite Laredo Mexican Grill,Restaurant,Laredo,TX,Texas,"9109 Center St, Laredo, TX 81702",(210) 326-7132,True,,0.72,41,sweep_v25,2026-06-06T04:42:54.789133,Target for Elegant Food template demo
West Albany Air Conditioning & Heating,HVAC,Albany,NY,New York,"3198 Highland Ave, Albany, NY 74350",(518) 843-3496,True,,0.71,48,sweep_v25,2026-06-06T04:42:54.789175,Target for Modern Trade template demo
Sunset Richardson Mexican Grill,Restaurant,Richardson,TX,Texas,"4312 Oak Ave, Richardson, TX 33920",(512) 861-2060,False,,0.81,84,sweep_v25,2026-06-06T04:42:54.789246,Target for Elegant Food template demo
West Cooling Solutions,HVAC,Norwich,NY,New York,"186 Pine St, Norwich, NY 30920",(212) 686-9998,True,,0.88,56,sweep_v25,2026-06-06T04:42:54.789291,Target for Modern Trade template demo
Olive San Angelo Pizzeria,Restaurant,San Angelo,TX,Texas,"8314 Valley Blvd, San Angelo, TX 47888",(726) 475-1378,True,,0.78,55,sweep_v25,2026-06-06T04:42:54.789334,Target for Elegant Food template demo
Red Construction & Roofing of New Braunfels,Roofing,New Braunfels,TX,Texas,"3898 2nd St, New Braunfels, TX 47240",(713) 298-4286,True,,0.87,61,sweep_v25,2026-06-06T04:42:54.789379,Target for Modern Trade template demo
Home University Park Air Conditioning,HVAC,University Park,TX,Texas,"5398 1st Ave, University Park, TX 36447",(512) 625-2506,True,,0.79,54,sweep_v25,2026-06-06T04:42:54.789421,Target for Modern Trade template demo
North Roofing & Remodeling of Rosenberg,Roofing,Rosenberg,TX,Texas,"5728 Elm St, Rosenberg, TX 33779",(979) 237-4501,True,,0.7,55,sweep_v25,2026-06-06T04:42:54.789464,Target for Modern Trade template demo
Copper Chandler Taqueria,Restaurant,Chandler,AZ,Arizona,"5890 Center St, Chandler, AZ 65350",(520) 713-7501,True,,0.71,41,sweep_v25,2026-06-06T04:42:54.789506,Target for Elegant Food template demo
Keystone Roofing,Roofing,Plano,TX,Texas,"3525 Sunset Blvd, Plano, TX 27777",(979) 441-3735,False,,0.73,99,sweep_v25,2026-06-06T04:42:54.789549,Target for Modern Trade template demo
Cactus Mechanical of Edinburg,HVAC,Edinburg,TX,Texas,"7813 Hamilton Ave, Edinburg, TX 13950",(956) 970-3594,True,,0.83,51,sweep_v25,2026-06-06T04:42:54.789590,Target for Modern Trade template demo
Harbor Hudson Sushi Bar,Restaurant,Hudson,NY,New York,"6346 2nd St, Hudson, NY 41028",(716) 566-3982,True,,0.8,52,sweep_v25,2026-06-06T04:42:54.789632,Target for Elegant Food template demo
Salt Mexican Grill,Restaurant,Mamaroneck,NY,New York,"2289 Main St, Mamaroneck, NY 56949",(631) 870-4723,False,,0.85,80,sweep_v25,2026-06-06T04:42:54.789674,Target for Elegant Food template demo
Green Rochester Eatery,Restaurant,Rochester,NY,New York,"7283 Park Ave, Rochester, NY 25954",(315) 828-4648,True,,0.72,45,sweep_v25,2026-06-06T04:42:54.789728,Target for Elegant Food template demo
Top Metal Roofing of Buffalo,Roofing,Buffalo,NY,New York,"8068 Maple Dr, Buffalo, NY 52272",(347) 425-1660,False,,0.79,96,sweep_v25,2026-06-06T04:42:54.789769,Target for Modern Trade template demo
American Flagstaff Cooling Solutions,HVAC,Flagstaff,AZ,Arizona,"3181 Elm St, Flagstaff, AZ 82222",(623) 543-7471,True,,0.67,44,sweep_v25,2026-06-06T04:42:54.789812,Target for Modern Trade template demo
First Cooling Solutions,HVAC,Kingston,NY,New York,"9647 1st Ave, Kingston, NY 19813",(716) 691-3139,False,,0.95,93,sweep_v25,2026-06-06T04:42:54.789854,Target for Modern Trade template demo
Capital Missouri City Shingle & Siding,Roofing,Missouri City,TX,Texas,"1485 Spring St, Missouri City, TX 81153",(409) 826-5667,True,,0.65,60,sweep_v25,2026-06-06T04:42:54.789896,Target for Modern Trade template demo
State Farmers Branch Pizza & Pasta,Restaurant,Farmers Branch,TX,Texas,"3780 Innovation Blvd, Farmers Branch, TX 45678",(361) 283-1365,True,,0.63,47,sweep_v25,2026-06-06T04:42:54.789942,Target for Elegant Food template demo
Silver Ithaca Bakery & Cafe,Restaurant,Ithaca,NY,New York,"135 Oak Ave, Ithaca, NY 54187",(845) 569-5554,True,,0.71,41,sweep_v25,2026-06-06T04:42:54.789984,Target for Elegant Food template demo
Mesa Yuma Cafe & Grill,Restaurant,Yuma,AZ,Arizona,"1191 Adams St, Yuma, AZ 60513",(623) 315-8874,True,,0.62,43,sweep_v25,2026-06-06T04:42:54.790025,Target for Elegant Food template demo
Main Lewisville Mexican Grill,Restaurant,Lewisville,TX,Texas,"4473 Hill St, Lewisville, TX 36901",(940) 970-6740,True,,0.7,40,sweep_v25,2026-06-06T04:42:54.790068,Target for Elegant Food template demo
American Roofing Services,Roofing,Lancaster,TX,Texas,"6943 Commerce St, Lancaster, TX 52364",(361) 712-9057,False,,0.92,100,sweep_v25,2026-06-06T04:42:54.790110,Target for Modern Trade template demo
House of Pizzeria,Restaurant,Lackawanna,NY,New York,"9439 Franklin St, Lackawanna, NY 21327",(929) 380-8215,True,,0.88,44,sweep_v25,2026-06-06T04:42:54.790152,Target for Elegant Food template demo
United Glen Cove Temperature Control,HVAC,Glen Cove,NY,New York,"2447 Industrial Blvd, Glen Cove, NY 74869",(516) 203-3337,True,,0.63,47,sweep_v25,2026-06-06T04:42:54.790214,Target for Modern Trade template demo
Valley Roofing Co.,Roofing,Port Arthur,TX,Texas,"4417 Lake Dr, Port Arthur, TX 61514",(432) 935-2045,False,,0.86,92,sweep_v25,2026-06-06T04:42:54.790268,Target for Modern Trade template demo
Harbor Huntsville Grille,Restaurant,Huntsville,TX,Texas,"9669 Valley Blvd, Huntsville, TX 42607",(830) 482-6917,True,,0.61,47,sweep_v25,2026-06-06T04:42:54.790311,Target for Elegant Food template demo
Crown New Rochelle Roof Specialists,Roofing,New Rochelle,NY,New York,"7665 Hamilton Ave, New Rochelle, NY 32707",(718) 837-3790,True,,0.77,50,sweep_v25,2026-06-06T04:42:54.790356,Target for Modern Trade template demo
Desert Air Conditioning of Payson,HVAC,Payson,AZ,Arizona,"7870 River Rd, Payson, AZ 23767",(928) 332-2553,True,,0.88,55,sweep_v25,2026-06-06T04:42:54.790400,Target for Modern Trade template demo
Reliable HVAC Services of Johnstown,HVAC,Johnstown,NY,New York,"4038 School St, Johnstown, NY 86329",(917) 298-4463,True,,0.71,48,sweep_v25,2026-06-06T04:42:54.790442,Target for Modern Trade template demo
Reliable Maricopa Home Improvements,Roofing,Maricopa,AZ,Arizona,"5881 River Rd, Maricopa, AZ 38379",(480) 769-1724,False,,0.84,98,sweep_v25,2026-06-06T04:42:54.790483,Target for Modern Trade template demo
Pride Shingle & Siding of Haverstraw,Roofing,Haverstraw,NY,New York,"6413 Church St, Haverstraw, NY 16150",(929) 743-8952,True,,0.89,60,sweep_v25,2026-06-06T04:42:54.790525,Target for Modern Trade template demo
Great Buffalo Bakery & Cafe,Restaurant,Buffalo,NY,New York,"2472 Sunset Blvd, Buffalo, NY 80384",(917) 202-2674,True,,0.68,42,sweep_v25,2026-06-06T04:42:54.790566,Target for Elegant Food template demo
Boss Metal Roofing,Roofing,Casa Grande,AZ,Arizona,"2722 Enterprise Rd, Casa Grande, AZ 55206",(480) 601-8125,False,,0.88,100,sweep_v25,2026-06-06T04:42:54.790609,Target for Modern Trade template demo
National Roof Specialists,Roofing,Glen Cove,NY,New York,"2990 1st Ave, Glen Cove, NY 69543",(516) 954-9633,False,,0.7,100,sweep_v25,2026-06-06T04:42:54.790651,Target for Modern Trade template demo
Old Town Mesa Kitchen,Restaurant,Mesa,AZ,Arizona,"5217 River Rd, Mesa, AZ 20027",(928) 449-9173,True,,0.68,42,sweep_v25,2026-06-06T04:42:54.790696,Target for Elegant Food template demo
Crown Diner,Restaurant,Parker,AZ,Arizona,"9945 2nd St, Parker, AZ 38557",(520) 482-4654,True,,0.65,45,sweep_v25,2026-06-06T04:42:54.790768,Target for Elegant Food template demo
Southwest Rye Kitchen,Restaurant,Rye,NY,New York,"5988 Monroe Ave, Rye, NY 68959",(929) 641-7123,False,,0.95,79,sweep_v25,2026-06-06T04:42:54.790815,Target for Elegant Food template demo
Mountain Apache Junction Comfort Systems,HVAC,Apache Junction,AZ,Arizona,"9699 Maple Dr, Apache Junction, AZ 52563",(480) 820-4900,False,,0.89,98,sweep_v25,2026-06-06T04:42:54.790859,Target for Modern Trade template demo
Brick University Park Taqueria,Restaurant,University Park,TX,Texas,"2100 Elm St, University Park, TX 85605",(737) 332-2119,False,,0.88,94,sweep_v25,2026-06-06T04:42:54.790901,Target for Elegant Food template demo
Salt Pasadena Restaurant,Restaurant,Pasadena,TX,Texas,"2986 Lincoln Ave, Pasadena, TX 32898",(956) 713-4851,True,,0.87,43,sweep_v25,2026-06-06T04:42:54.790946,Target for Elegant Food template demo
Tower Metal Roofing,Roofing,Prescott,AZ,Arizona,"7506 Veterans Blvd, Prescott, AZ 29812",(480) 945-5256,True,,0.6,57,sweep_v25,2026-06-06T04:42:54.790988,Target for Modern Trade template demo
A1 Galveston Roofing Services,Roofing,Galveston,TX,Texas,"2644 Technology Dr, Galveston, TX 30380",(254) 545-6036,True,,0.6,57,sweep_v25,2026-06-06T04:42:54.791031,Target for Modern Trade template demo
Pacific Flagstaff Roofing & Construction,Roofing,Flagstaff,AZ,Arizona,"6949 Highland Ave, Flagstaff, AZ 15020",(928) 405-7116,True,,0.76,56,sweep_v25,2026-06-06T04:42:54.791074,Target for Modern Trade template demo
Heritage Big Spring Roof & Gutter,Roofing,Big Spring,TX,Texas,"6604 2nd St, Big Spring, TX 30664",(972) 305-4118,True,,0.87,52,sweep_v25,2026-06-06T04:42:54.791116,Target for Modern Trade template demo
Valley Air Systems of Fort Worth,HVAC,Fort Worth,TX,Texas,"3273 Madison Ave, Fort Worth, TX 69571",(469) 539-1096,False,,0.77,87,sweep_v25,2026-06-06T04:42:54.791160,Target for Modern Trade template demo
Brick Steakhouse,Restaurant,Cottonwood,AZ,Arizona,"8962 Elm St, Cottonwood, AZ 95982",(520) 916-1919,False,,0.77,93,sweep_v25,2026-06-06T04:42:54.791222,Target for Elegant Food template demo
Reliable Cooling & Heating,HVAC,Maricopa,AZ,Arizona,"9713 Enterprise Rd, Maricopa, AZ 11071",(928) 411-8879,False,,0.75,95,sweep_v25,2026-06-06T04:42:54.791271,Target for Modern Trade template demo
Reliable Construction & Roofing of Plattsburgh,Roofing,Plattsburgh,NY,New York,"4636 Lake Dr, Plattsburgh, NY 57399",(845) 799-7555,True,,0.76,54,sweep_v25,2026-06-06T04:42:54.791315,Target for Modern Trade template demo
Empire Heating & Air of Schenectady,HVAC,Schenectady,NY,New York,"9481 Lake Dr, Schenectady, NY 44202",(631) 524-1099,False,,0.92,96,sweep_v25,2026-06-06T04:42:54.791357,Target for Modern Trade template demo
All-Pro Corpus Christi Climate Control,HVAC,Corpus Christi,TX,Texas,"8466 Valley Blvd, Corpus Christi, TX 83021",(409) 683-9164,True,,0.78,58,sweep_v25,2026-06-06T04:42:54.791400,Target for Modern Trade template demo
Southwest Mechanical of North Richland Hills,HVAC,North Richland Hills,TX,Texas,"9910 Industrial Blvd, North Richland Hills, TX 89490",(409) 693-1637,False,,0.8,97,sweep_v25,2026-06-06T04:42:54.791443,Target for Modern Trade template demo
Silver Yonkers Cooling Solutions,HVAC,Yonkers,NY,New York,"616 Commerce St, Yonkers, NY 89302",(585) 780-6420,True,,0.72,49,sweep_v25,2026-06-06T04:42:54.791485,Target for Modern Trade template demo
West Richardson Roofing,Roofing,Richardson,TX,Texas,"3716 1st Ave, Richardson, TX 67253",(979) 465-2253,True,,0.64,51,sweep_v25,2026-06-06T04:42:54.791527,Target for Modern Trade template demo
Town Heating & Air,HVAC,Buffalo,NY,New York,"8044 Elm St, Buffalo, NY 46571",(716) 894-9195,False,,0.79,91,sweep_v25,2026-06-06T04:42:54.791569,Target for Modern Trade template demo
Main Rosenberg Cafe & Grill,Restaurant,Rosenberg,TX,Texas,"4616 Franklin St, Rosenberg, TX 61830",(979) 981-4085,False,,0.9,95,sweep_v25,2026-06-06T04:42:54.791614,Target for Elegant Food template demo
Armor Roofing Solutions of Victoria,Roofing,Victoria,TX,Texas,"5788 Oak Ave, Victoria, TX 37141",(713) 393-8727,False,,0.74,100,sweep_v25,2026-06-06T04:42:54.791657,Target for Modern Trade template demo
West Temple Air Conditioning & Heating,HVAC,Temple,TX,Texas,"644 Innovation Blvd, Temple, TX 11697",(979) 534-5936,True,,0.89,52,sweep_v25,2026-06-06T04:42:54.791700,Target for Modern Trade template demo
Copper Bistro & Bar,Restaurant,Sierra Vista,AZ,Arizona,"5794 Park Ave, Sierra Vista, AZ 26707",(520) 589-7348,True,,0.67,50,sweep_v25,2026-06-06T04:42:54.791742,Target for Elegant Food template demo
Royal Prescott Mechanical,HVAC,Prescott,AZ,Arizona,"6410 Jackson Blvd, Prescott, AZ 17577",(928) 368-3492,True,,0.7,56,sweep_v25,2026-06-06T04:42:54.791784,Target for Modern Trade template demo
Castle Avondale Roof Specialists,Roofing,Avondale,AZ,Arizona,"9385 Innovation Blvd, Avondale, AZ 93733",(602) 954-7617,True,,0.78,51,sweep_v25,2026-06-06T04:42:54.791826,Target for Modern Trade template demo
King Roofing of Yonkers,Roofing,Yonkers,NY,New York,"8849 State St, Yonkers, NY 95375",(917) 626-2859,True,,0.74,59,sweep_v25,2026-06-06T04:42:54.791868,Target for Modern Trade template demo
Express Service Experts of Galveston,HVAC,Galveston,TX,Texas,"6328 Cedar Ln, Galveston, TX 30740",(469) 327-3145,True,,0.65,59,sweep_v25,2026-06-06T04:42:54.791909,Target for Modern Trade template demo
Pinnacle Heating & Cooling of Parker,HVAC,Parker,AZ,Arizona,"7295 Cedar Ln, Parker, AZ 56817",(520) 515-4759,True,,0.62,50,sweep_v25,2026-06-06T04:42:54.791955,Target for Modern Trade template demo
Home Surprise Temperature Control,HVAC,Surprise,AZ,Arizona,"859 Hamilton Ave, Surprise, AZ 38414",(602) 210-2053,True,,0.9,50,sweep_v25,2026-06-06T04:42:54.791996,Target for Modern Trade template demo
Main Texas City Pizza & Pasta,Restaurant,Texas City,TX,Texas,"2430 Business Park Dr, Texas City, TX 99232",(817) 929-6339,True,,0.6,42,sweep_v25,2026-06-06T04:42:54.792040,Target for Elegant Food template demo
New The Colony Steakhouse,Restaurant,The Colony,TX,Texas,"2497 Jefferson Dr, The Colony, TX 97280",(409) 454-4171,True,,0.83,42,sweep_v25,2026-06-06T04:42:54.792084,Target for Elegant Food template demo
Iron San Luis Roofing Co.,Roofing,San Luis,AZ,Arizona,"4194 Main St, San Luis, AZ 27045",(623) 958-7053,True,,0.69,54,sweep_v25,2026-06-06T04:42:54.792142,Target for Modern Trade template demo
Famous Pizza & Pasta,Restaurant,Tempe,AZ,Arizona,"2706 Market St, Tempe, AZ 97982",(480) 670-2282,True,,0.61,42,sweep_v25,2026-06-06T04:42:54.792223,Target for Elegant Food template demo
Harbor Odessa Pizza & Pasta,Restaurant,Odessa,TX,Texas,"7915 Lake Dr, Odessa, TX 28401",(210) 714-5780,False,,0.72,81,sweep_v25,2026-06-06T04:42:54.792289,Target for Elegant Food template demo
Southwest Mexican Grill,Restaurant,Bisbee,AZ,Arizona,"8088 Center St, Bisbee, AZ 33686",(623) 489-1878,True,,0.84,38,sweep_v25,2026-06-06T04:42:54.792333,Target for Elegant Food template demo
Capital Prescott Valley Roofing & Construction,Roofing,Prescott Valley,AZ,Arizona,"5170 School St, Prescott Valley, AZ 55424",(520) 713-4983,False,,0.94,94,sweep_v25,2026-06-06T04:42:54.792376,Target for Modern Trade template demo
The Mechanicville Mexican Grill,Restaurant,Mechanicville,NY,New York,"3043 Adams St, Mechanicville, NY 50580",(917) 409-9655,False,,0.78,78,sweep_v25,2026-06-06T04:42:54.792422,Target for Elegant Food template demo
American Roofing Services,Roofing,Mission,TX,Texas,"1097 Broadway, Mission, TX 54457",(214) 215-7224,False,,0.86,92,sweep_v25,2026-06-06T04:42:54.792464,Target for Modern Trade template demo
Capital Roofing Company of Chino Valley,Roofing,Chino Valley,AZ,Arizona,"3926 Technology Dr, Chino Valley, AZ 26394",(928) 805-3578,True,,0.83,56,sweep_v25,2026-06-06T04:42:54.792506,Target for Modern Trade template demo
Superior HVAC Solutions of Amsterdam,HVAC,Amsterdam,NY,New York,"6772 Enterprise Rd, Amsterdam, NY 16362",(716) 208-3044,False,,0.94,86,sweep_v25,2026-06-06T04:42:54.792549,Target for Modern Trade template demo
North Star Air & Heating of Huntsville,HVAC,Huntsville,TX,Texas,"2058 Cedar Ln, Huntsville, TX 33672",(214) 677-2926,True,,0.64,47,sweep_v25,2026-06-06T04:42:54.792591,Target for Modern Trade template demo
State Air Systems of Abilene,HVAC,Abilene,TX,Texas,"3996 Monroe Ave, Abilene, TX 13561",(726) 937-3626,True,,0.84,58,sweep_v25,2026-06-06T04:42:54.792633,Target for Modern Trade template demo
Blue Page Air Conditioning,HVAC,Page,AZ,Arizona,"5124 Franklin St, Page, AZ 47344",(480) 395-8958,False,,0.83,90,sweep_v25,2026-06-06T04:42:54.792674,Target for Modern Trade template demo
Five Steakhouse,Restaurant,Edinburg,TX,Texas,"6301 Spring St, Edinburg, TX 75734",(817) 756-4921,True,,0.75,47,sweep_v25,2026-06-06T04:42:54.792716,Target for Elegant Food template demo
Capital Home Improvements of Cohoes,Roofing,Cohoes,NY,New York,"1481 Spring St, Cohoes, NY 46508",(347) 666-3590,False,,0.94,87,sweep_v25,2026-06-06T04:42:54.792758,Target for Modern Trade template demo
Iron Rye Mechanical,HVAC,Rye,NY,New York,"4487 Franklin St, Rye, NY 56761",(718) 273-6353,True,,0.74,56,sweep_v25,2026-06-06T04:42:54.792799,Target for Modern Trade template demo
Service Olean Cooling & Heating,HVAC,Olean,NY,New York,"2635 Church St, Olean, NY 77158",(631) 761-6857,True,,0.79,57,sweep_v25,2026-06-06T04:42:54.792841,Target for Modern Trade template demo
House of Bakery & Cafe,Restaurant,Ogdensburg,NY,New York,"5757 Sunset Blvd, Ogdensburg, NY 39944",(347) 653-8242,False,,0.83,90,sweep_v25,2026-06-06T04:42:54.792884,Target for Elegant Food template demo
Quality Climate Control,HVAC,Mechanicville,NY,New York,"7213 Valley Blvd, Mechanicville, NY 52356",(646) 897-9125,True,,0.81,51,sweep_v25,2026-06-06T04:42:54.792930,Target for Modern Trade template demo
Three Oro Valley Restaurant,Restaurant,Oro Valley,AZ,Arizona,"7445 Lincoln Ave, Oro Valley, AZ 68825",(928) 702-3942,False,,0.87,85,sweep_v25,2026-06-06T04:42:54.792974,Target for Elegant Food template demo
White Rome Cooling Solutions,HVAC,Rome,NY,New York,"7851 Pine St, Rome, NY 25216",(212) 323-9914,True,,0.72,52,sweep_v25,2026-06-06T04:42:54.793016,Target for Modern Trade template demo
Blue Albany Roofing Co.,Roofing,Albany,NY,New York,"9135 Maple Dr, Albany, NY 22062",(917) 765-2713,False,,0.9,89,sweep_v25,2026-06-06T04:42:54.793059,Target for Modern Trade template demo
Reliable Temperature Control,HVAC,Southlake,TX,Texas,"3320 Jackson Blvd, Southlake, TX 37345",(830) 991-4946,True,,0.71,57,sweep_v25,2026-06-06T04:42:54.793101,Target for Modern Trade template demo
King's Big Spring Bakery & Cafe,Restaurant,Big Spring,TX,Texas,"4063 1st Ave, Big Spring, TX 13542",(956) 576-3230,False,,0.81,92,sweep_v25,2026-06-06T04:42:54.793143,Target for Elegant Food template demo
Capital Air Systems,HVAC,Keller,TX,Texas,"5369 Market St, Keller, TX 58714",(940) 280-5884,True,,0.81,54,sweep_v25,2026-06-06T04:42:54.793184,Target for Modern Trade template demo
Olive Little Elm Cafe & Grill,Restaurant,Little Elm,TX,Texas,"7176 Pine St, Little Elm, TX 19179",(940) 391-7761,False,,0.91,81,sweep_v25,2026-06-06T04:42:54.793270,Target for Elegant Food template demo
Top El Paso Cooling Solutions,HVAC,El Paso,TX,Texas,"1199 Innovation Blvd, El Paso, TX 43003",(956) 924-6751,False,,0.75,93,sweep_v25,2026-06-06T04:42:54.793320,Target for Modern Trade template demo
Vista Roofing Company of Allen,Roofing,Allen,TX,Texas,"9834 Enterprise Rd, Allen, TX 16155",(432) 946-5405,False,,0.85,97,sweep_v25,2026-06-06T04:42:54.793362,Target for Modern Trade template demo
Midtown Little Falls Eatery,Restaurant,Little Falls,NY,New York,"6697 Maple Dr, Little Falls, NY 45150",(607) 214-8081,True,,0.71,52,sweep_v25,2026-06-06T04:42:54.793405,Target for Elegant Food template demo
Reliable Roofing & Remodeling of North Tonawanda,Roofing,North Tonawanda,NY,New York,"7781 Business Park Dr, North Tonawanda, NY 27365",(607) 830-6206,True,,0.7,60,sweep_v25,2026-06-06T04:42:54.793450,Target for Modern Trade template demo
Family Air Conditioning & Heating of College Station,HVAC,College Station,TX,Texas,"4886 Innovation Blvd, College Station, TX 70323",(915) 443-4346,False,,0.8,91,sweep_v25,2026-06-06T04:42:54.793493,Target for Modern Trade template demo
Wild Dallas BBQ & Grill,Restaurant,Dallas,TX,Texas,"5183 Elm St, Dallas, TX 61354",(915) 225-1420,True,,0.89,40,sweep_v25,2026-06-06T04:42:54.793534,Target for Elegant Food template demo
Cool Chandler Air Systems,HVAC,Chandler,AZ,Arizona,"3350 Madison Ave, Chandler, AZ 66298",(928) 306-6043,True,,0.62,48,sweep_v25,2026-06-06T04:42:54.793577,Target for Modern Trade template demo
Blue Jamestown Diner,Restaurant,Jamestown,NY,New York,"5100 Pine St, Jamestown, NY 18576",(315) 923-2309,False,,0.82,84,sweep_v25,2026-06-06T04:42:54.793618,Target for Elegant Food template demo
Elite Air & Heating of Elmira,HVAC,Elmira,NY,New York,"3123 Market St, Elmira, NY 46354",(917) 674-5974,True,,0.87,52,sweep_v25,2026-06-06T04:42:54.793660,Target for Modern Trade template demo
King Heating & Air,HVAC,Peoria,AZ,Arizona,"1405 Veterans Blvd, Peoria, AZ 70804",(602) 581-8404,True,,0.75,55,sweep_v25,2026-06-06T04:42:54.793704,Target for Modern Trade template demo
Cactus AC & Heating,HVAC,Yuma,AZ,Arizona,"7113 Oak Ave, Yuma, AZ 37032",(623) 319-3176,True,,0.61,56,sweep_v25,2026-06-06T04:42:54.793746,Target for Modern Trade template demo
Royal New York City Air Conditioning & Heating,HVAC,New York City,NY,New York,"8203 River Rd, New York City, NY 61915",(315) 281-4681,True,,0.76,51,sweep_v25,2026-06-06T04:42:54.793789,Target for Modern Trade template demo
Golden Cooling Solutions of Carrollton,HVAC,Carrollton,TX,Texas,"4294 Market St, Carrollton, TX 72628",(972) 641-3432,True,,0.87,60,sweep_v25,2026-06-06T04:42:54.793830,Target for Modern Trade template demo
West Kitchen,Restaurant,Saratoga Springs,NY,New York,"172 State St, Saratoga Springs, NY 15938",(212) 476-2688,False,,0.89,77,sweep_v25,2026-06-06T04:42:54.793875,Target for Elegant Food template demo
Central Metal Roofing,Roofing,Troy,NY,New York,"8161 River Rd, Troy, NY 34744",(845) 585-8971,False,,0.89,89,sweep_v25,2026-06-06T04:42:54.793917,Target for Modern Trade template demo
King Cooling & Heating of Coppell,HVAC,Coppell,TX,Texas,"3741 Main St, Coppell, TX 72250",(469) 864-8738,True,,0.6,58,sweep_v25,2026-06-06T04:42:54.793963,Target for Modern Trade template demo
Mountain Hornell Air & Heating,HVAC,Hornell,NY,New York,"9781 Pine St, Hornell, NY 75664",(718) 409-6511,True,,0.62,47,sweep_v25,2026-06-06T04:42:54.794005,Target for Modern Trade template demo
Royal Heating & Air,HVAC,Pflugerville,TX,Texas,"3620 Hill St, Pflugerville, TX 34075",(210) 611-5262,False,,0.87,91,sweep_v25,2026-06-06T04:42:54.794046,Target for Modern Trade template demo
Blue Jamestown Air Systems,HVAC,Jamestown,NY,New York,"2241 Spring St, Jamestown, NY 18114",(212) 765-8556,False,,0.87,87,sweep_v25,2026-06-06T04:42:54.794089,Target for Modern Trade template demo
Golden Roofing Contractors of Hudson,Roofing,Hudson,NY,New York,"8884 Pine St, Hudson, NY 41555",(716) 821-6663,False,,0.9,100,sweep_v25,2026-06-06T04:42:54.794131,Target for Modern Trade template demo
Royal Cafe & Grill,Restaurant,White Plains,NY,New York,"8626 Adams St, White Plains, NY 39970",(585) 444-2267,True,,0.63,49,sweep_v25,2026-06-06T04:42:54.794173,Target for Elegant Food template demo
Sun Mission Pizza & Pasta,Restaurant,Mission,TX,Texas,"7781 Hamilton Ave, Mission, TX 38609",(210) 325-6710,True,,0.62,47,sweep_v25,2026-06-06T04:42:54.794239,Target for Elegant Food template demo
Mountain Wickenburg Roofing Contractors,Roofing,Wickenburg,AZ,Arizona,"396 Hill St, Wickenburg, AZ 93859",(520) 238-3792,True,,0.62,49,sweep_v25,2026-06-06T04:42:54.794292,Target for Modern Trade template demo
Capital Roofing Co.,Roofing,Holbrook,AZ,Arizona,"8285 Oak Ave, Holbrook, AZ 57896",(928) 273-4840,True,,0.61,50,sweep_v25,2026-06-06T04:42:54.794356,Target for Modern Trade template demo
Shield Pflugerville Roofing Co.,Roofing,Pflugerville,TX,Texas,"1963 Hill St, Pflugerville, TX 77209",(361) 537-5592,False,,0.87,94,sweep_v25,2026-06-06T04:42:54.794420,Target for Modern Trade template demo
Universal Conroe Air Systems,HVAC,Conroe,TX,Texas,"5457 Cedar Ln, Conroe, TX 54305",(713) 311-1652,True,,0.76,48,sweep_v25,2026-06-06T04:42:54.794468,Target for Modern Trade template demo
Vista Roofing Company,Roofing,Pearland,TX,Texas,"9649 Commerce St, Pearland, TX 91684",(726) 328-9006,False,,0.86,92,sweep_v25,2026-06-06T04:42:54.794510,Target for Modern Trade template demo
City Kyle Heating & Cooling,HVAC,Kyle,TX,Texas,"9119 Pine St, Kyle, TX 80097",(915) 707-1979,False,,0.88,98,sweep_v25,2026-06-06T04:42:54.794552,Target for Modern Trade template demo
Fork & Norwich Restaurant,Restaurant,Norwich,NY,New York,"4136 Technology Dr, Norwich, NY 97064",(315) 323-3104,False,,0.91,92,sweep_v25,2026-06-06T04:42:54.794594,Target for Elegant Food template demo
Total Exteriors of Apache Junction,Roofing,Apache Junction,AZ,Arizona,"8803 Jefferson Dr, Apache Junction, AZ 48091",(602) 271-3521,True,,0.73,61,sweep_v25,2026-06-06T04:42:54.794637,Target for Modern Trade template demo
Five Star Roofers of Tonawanda,Roofing,Tonawanda,NY,New York,"4007 Innovation Blvd, Tonawanda, NY 51097",(646) 842-5790,True,,0.88,56,sweep_v25,2026-06-06T04:42:54.794680,Target for Modern Trade template demo
Midtown Eatery,Restaurant,Coppell,TX,Texas,"3443 Highland Ave, Coppell, TX 64464",(903) 817-7849,False,,0.83,92,sweep_v25,2026-06-06T04:42:54.794721,Target for Elegant Food template demo
Grand Roofing of White Plains,Roofing,White Plains,NY,New York,"396 Pine St, White Plains, NY 77991",(631) 597-5188,True,,0.79,53,sweep_v25,2026-06-06T04:42:54.794803,Target for Modern Trade template demo
Old Town North Richland Hills Italian Kitchen,Restaurant,North Richland Hills,TX,Texas,"7272 Water St, North Richland Hills, TX 18441",(281) 259-9504,True,,0.83,41,sweep_v25,2026-06-06T04:42:54.794851,Target for Elegant Food template demo
Santa Fe Denton Bistro & Bar,Restaurant,Denton,TX,Texas,"5066 Water St, Denton, TX 47966",(682) 208-8817,True,,0.74,44,sweep_v25,2026-06-06T04:42:54.794893,Target for Elegant Food template demo
Best Roofing of Corpus Christi,Roofing,Corpus Christi,TX,Texas,"6843 Technology Dr, Corpus Christi, TX 20865",(726) 587-6544,True,,0.84,64,sweep_v25,2026-06-06T04:42:54.794939,Target for Modern Trade template demo
West Heating & Cooling of Bedford,HVAC,Bedford,TX,Texas,"1606 Broadway, Bedford, TX 13243",(409) 302-9496,False,,0.81,88,sweep_v25,2026-06-06T04:42:54.794982,Target for Modern Trade template demo
A1 Cooling & Heating of Casa Grande,HVAC,Casa Grande,AZ,Arizona,"3973 Main St, Casa Grande, AZ 24746",(602) 504-8909,False,,0.77,92,sweep_v25,2026-06-06T04:42:54.795024,Target for Modern Trade template demo
Harbor Fort Worth Restaurant,Restaurant,Fort Worth,TX,Texas,"132 Lake Dr, Fort Worth, TX 30046",(956) 488-6336,True,,0.7,40,sweep_v25,2026-06-06T04:42:54.795066,Target for Elegant Food template demo
Bella Clifton Pizzeria,Restaurant,Clifton,AZ,Arizona,"8595 Maple Dr, Clifton, AZ 41356",(520) 782-9949,False,,0.74,80,sweep_v25,2026-06-06T04:42:54.795110,Target for Elegant Food template demo
Crown Service Experts of Del Rio,HVAC,Del Rio,TX,Texas,"6714 Industrial Blvd, Del Rio, TX 14677",(325) 540-4093,True,,0.87,45,sweep_v25,2026-06-06T04:42:54.795152,Target for Modern Trade template demo
Sun Climate Control of Amarillo,HVAC,Amarillo,TX,Texas,"696 Business Park Dr, Amarillo, TX 33734",(469) 407-7719,True,,0.88,47,sweep_v25,2026-06-06T04:42:54.795215,Target for Modern Trade template demo
A1 Conroe Construction & Roofing,Roofing,Conroe,TX,Texas,"1322 Cedar Ln, Conroe, TX 28885",(214) 385-1005,True,,0.84,65,sweep_v25,2026-06-06T04:42:54.795267,Target for Modern Trade template demo
Silver Allen Pizzeria,Restaurant,Allen,TX,Texas,"235 River Rd, Allen, TX 36395",(806) 911-8741,True,,0.82,42,sweep_v25,2026-06-06T04:42:54.795312,Target for Elegant Food template demo
Noble Roof & Gutter of Paris,Roofing,Paris,TX,Texas,"7145 Oak Ave, Paris, TX 35099",(214) 288-1953,False,,0.82,90,sweep_v25,2026-06-06T04:42:54.795354,Target for Modern Trade template demo
New Round Rock Cafe & Grill,Restaurant,Round Rock,TX,Texas,"5857 Franklin St, Round Rock, TX 88471",(713) 607-9833,True,,0.75,40,sweep_v25,2026-06-06T04:42:54.795397,Target for Elegant Food template demo
Traditions Greenville Steakhouse,Restaurant,Greenville,TX,Texas,"7506 Spring St, Greenville, TX 80761",(737) 318-2245,True,,0.82,46,sweep_v25,2026-06-06T04:42:54.795440,Target for Elegant Food template demo
Dura Roofing Services of Little Elm,Roofing,Little Elm,TX,Texas,"6999 Broadway, Little Elm, TX 43186",(936) 949-2490,True,,0.81,64,sweep_v25,2026-06-06T04:42:54.795484,Target for Modern Trade template demo
King's Missouri City Eatery,Restaurant,Missouri City,TX,Texas,"2480 Market St, Missouri City, TX 23323",(737) 463-2291,True,,0.81,46,sweep_v25,2026-06-06T04:42:54.795526,Target for Elegant Food template demo
Armor Ogdensburg Exteriors,Roofing,Ogdensburg,NY,New York,"9486 Center St, Ogdensburg, NY 46629",(646) 604-7086,False,,0.77,100,sweep_v25,2026-06-06T04:42:54.795568,Target for Modern Trade template demo
Victory Rome Roofers,Roofing,Rome,NY,New York,"7853 Monroe Ave, Rome, NY 73658",(914) 989-3345,True,,0.63,55,sweep_v25,2026-06-06T04:42:54.795610,Target for Modern Trade template demo
Great Mount Vernon Restaurant,Restaurant,Mount Vernon,NY,New York,"3657 Cedar Ln, Mount Vernon, NY 21770",(929) 569-7777,True,,0.64,52,sweep_v25,2026-06-06T04:42:54.795652,Target for Elegant Food template demo
Five Bakery & Cafe,Restaurant,Chino Valley,AZ,Arizona,"9928 Jackson Blvd, Chino Valley, AZ 58028",(480) 455-4473,True,,0.61,41,sweep_v25,2026-06-06T04:42:54.795694,Target for Elegant Food template demo
Secure Middletown Roofing Services,Roofing,Middletown,NY,New York,"553 School St, Middletown, NY 11459",(518) 534-6608,False,,0.72,92,sweep_v25,2026-06-06T04:42:54.795739,Target for Modern Trade template demo
Harbor Schenectady Pizzeria,Restaurant,Schenectady,NY,New York,"694 Main St, Schenectady, NY 33103",(518) 995-1771,False,,0.79,91,sweep_v25,2026-06-06T04:42:54.795781,Target for Elegant Food template demo
Climate Cooling Solutions of Rochester,HVAC,Rochester,NY,New York,"5364 Hamilton Ave, Rochester, NY 60242",(315) 952-8027,True,,0.84,46,sweep_v25,2026-06-06T04:42:54.795823,Target for Modern Trade template demo
Five Star Roofing Services of Norwich,Roofing,Norwich,NY,New York,"5438 Spring St, Norwich, NY 80312",(646) 630-5817,True,,0.75,54,sweep_v25,2026-06-06T04:42:54.795864,Target for Modern Trade template demo
Dura Roofing & Remodeling,Roofing,Newburgh,NY,New York,"590 Valley Blvd, Newburgh, NY 35502",(607) 876-5149,True,,0.62,51,sweep_v25,2026-06-06T04:42:54.795905,Target for Modern Trade template demo
City Exteriors of Scottsdale,Roofing,Scottsdale,AZ,Arizona,"9465 River Rd, Scottsdale, AZ 48399",(623) 697-3450,False,,0.9,89,sweep_v25,2026-06-06T04:42:54.795951,Target for Modern Trade template demo
Royal Niagara Falls Eatery,Restaurant,Niagara Falls,NY,New York,"8623 Park Ave, Niagara Falls, NY 33342",(718) 327-6371,True,,0.76,37,sweep_v25,2026-06-06T04:42:54.795992,Target for Elegant Food template demo
Patriot HVAC Solutions of Brownsville,HVAC,Brownsville,TX,Texas,"8273 Center St, Brownsville, TX 91920",(325) 447-6381,True,,0.85,55,sweep_v25,2026-06-06T04:42:54.796034,Target for Modern Trade template demo
Atlas Watertown Construction & Roofing,Roofing,Watertown,NY,New York,"5433 Pine St, Watertown, NY 50749",(347) 333-8634,False,,0.89,100,sweep_v25,2026-06-06T04:42:54.796076,Target for Modern Trade template demo
Triple Prescott BBQ & Grill,Restaurant,Prescott,AZ,Arizona,"1806 Franklin St, Prescott, AZ 61505",(928) 906-7122,True,,0.82,45,sweep_v25,2026-06-06T04:42:54.796118,Target for Elegant Food template demo
Imperial Air Conditioning & Heating of Little Elm,HVAC,Little Elm,TX,Texas,"8948 Cedar Ln, Little Elm, TX 50317",(903) 857-3027,False,,0.82,89,sweep_v25,2026-06-06T04:42:54.796161,Target for Modern Trade template demo
Superior Shingle & Siding,Roofing,Nogales,AZ,Arizona,"3542 Maple Dr, Nogales, AZ 46779",(928) 761-1295,True,,0.81,48,sweep_v25,2026-06-06T04:42:54.796226,Target for Modern Trade template demo
Brick Salamanca Italian Kitchen,Restaurant,Salamanca,NY,New York,"7236 Enterprise Rd, Salamanca, NY 93633",(631) 638-2711,True,,0.66,46,sweep_v25,2026-06-06T04:42:54.796274,Target for Elegant Food template demo
Precision AC & Heating of Euless,HVAC,Euless,TX,Texas,"892 Water St, Euless, TX 16718",(432) 571-7624,False,,0.84,89,sweep_v25,2026-06-06T04:42:54.796319,Target for Modern Trade template demo
Highland Carrollton Diner,Restaurant,Carrollton,TX,Texas,"8953 State St, Carrollton, TX 31233",(915) 643-4628,True,,0.7,46,sweep_v25,2026-06-06T04:42:54.796361,Target for Elegant Food template demo
Union Eatery,Restaurant,San Marcos,TX,Texas,"2357 Spring St, San Marcos, TX 19672",(830) 905-8008,True,,0.74,54,sweep_v25,2026-06-06T04:42:54.796404,Target for Elegant Food template demo
Alpine Roofing Solutions of Farmers Branch,Roofing,Farmers Branch,TX,Texas,"3965 Jackson Blvd, Farmers Branch, TX 81710",(281) 250-3737,False,,0.72,96,sweep_v25,2026-06-06T04:42:54.796447,Target for Modern Trade template demo
Golden Bedford Roof Specialists,Roofing,Bedford,TX,Texas,"9193 Elm St, Bedford, TX 82594",(737) 597-8724,True,,0.82,52,sweep_v25,2026-06-06T04:42:54.796488,Target for Modern Trade template demo
Three Taqueria,Restaurant,Harlingen,TX,Texas,"3712 Monroe Ave, Harlingen, TX 77903",(806) 805-6529,True,,0.88,47,sweep_v25,2026-06-06T04:42:54.796530,Target for Elegant Food template demo
Copper Oswego Sushi Bar,Restaurant,Oswego,NY,New York,"941 Technology Dr, Oswego, NY 12910",(845) 989-1822,True,,0.74,42,sweep_v25,2026-06-06T04:42:54.796572,Target for Elegant Food template demo
Sun Allen Service Experts,HVAC,Allen,TX,Texas,"9322 Industrial Blvd, Allen, TX 18427",(915) 423-6187,False,,0.76,85,sweep_v25,2026-06-06T04:42:54.796615,Target for Modern Trade template demo
Patriot Grand Prairie HVAC,HVAC,Grand Prairie,TX,Texas,"4453 Hamilton Ave, Grand Prairie, TX 57654",(432) 997-7392,True,,0.78,56,sweep_v25,2026-06-06T04:42:54.796657,Target for Modern Trade template demo
King DeSoto Air Conditioning & Heating,HVAC,DeSoto,TX,Texas,"4176 Industrial Blvd, DeSoto, TX 41915",(281) 385-9031,True,,0.9,48,sweep_v25,2026-06-06T04:42:54.796699,Target for Modern Trade template demo
Lone Star HVAC Solutions of Mesquite,HVAC,Mesquite,TX,Texas,"6472 Industrial Blvd, Mesquite, TX 25588",(915) 215-7018,False,,0.74,96,sweep_v25,2026-06-06T04:42:54.796741,Target for Modern Trade template demo
King Roof Specialists of Paradise Valley,Roofing,Paradise Valley,AZ,Arizona,"9155 Hill St, Paradise Valley, AZ 45444",(520) 595-9265,False,,0.92,93,sweep_v25,2026-06-06T04:42:54.796785,Target for Modern Trade template demo
El BBQ & Grill,Restaurant,Georgetown,TX,Texas,"3843 River Rd, Georgetown, TX 72656",(281) 888-9298,True,,0.8,40,sweep_v25,2026-06-06T04:42:54.796841,Target for Elegant Food template demo
Harvest Lancaster Restaurant,Restaurant,Lancaster,TX,Texas,"6000 Franklin St, Lancaster, TX 18640",(214) 464-7499,True,,0.87,49,sweep_v25,2026-06-06T04:42:54.796882,Target for Elegant Food template demo
Advanced Roofing & Construction of Sherman,Roofing,Sherman,TX,Texas,"7737 Hamilton Ave, Sherman, TX 60785",(936) 951-2228,True,,0.7,65,sweep_v25,2026-06-06T04:42:54.796927,Target for Modern Trade template demo
National Mechanical,HVAC,Lewisville,TX,Texas,"7294 Industrial Blvd, Lewisville, TX 30188",(409) 673-9672,False,,0.93,88,sweep_v25,2026-06-06T04:42:54.796969,Target for Modern Trade template demo
Summit Pizza & Pasta,Restaurant,Hurst,TX,Texas,"778 Park Ave, Hurst, TX 72837",(806) 972-4419,True,,0.68,41,sweep_v25,2026-06-06T04:42:54.797013,Target for Elegant Food template demo
Sahara Cooling & Heating of Midland,HVAC,Midland,TX,Texas,"5024 Highland Ave, Midland, TX 43434",(726) 297-4947,False,,0.89,91,sweep_v25,2026-06-06T04:42:54.797056,Target for Modern Trade template demo
Home Metal Roofing of Florence,Roofing,Florence,AZ,Arizona,"3879 Enterprise Rd, Florence, AZ 39991",(480) 903-1986,True,,0.78,62,sweep_v25,2026-06-06T04:42:54.797097,Target for Modern Trade template demo
Original Utica Pizza & Pasta,Restaurant,Utica,NY,New York,"6880 Enterprise Rd, Utica, NY 41863",(631) 494-3554,True,,0.62,38,sweep_v25,2026-06-06T04:42:54.797139,Target for Elegant Food template demo
City Plattsburgh Pizza & Pasta,Restaurant,Plattsburgh,NY,New York,"4277 Madison Ave, Plattsburgh, NY 74864",(914) 890-2981,True,,0.71,44,sweep_v25,2026-06-06T04:42:54.797180,Target for Elegant Food template demo
Elite Casa Grande Kitchen,Restaurant,Casa Grande,AZ,Arizona,"7916 Franklin St, Casa Grande, AZ 41083",(520) 378-5216,True,,0.84,50,sweep_v25,2026-06-06T04:42:54.797246,Target for Elegant Food template demo
Capital New Rochelle Mechanical,HVAC,New Rochelle,NY,New York,"9063 Commerce St, New Rochelle, NY 74456",(646) 423-2526,False,,0.91,97,sweep_v25,2026-06-06T04:42:54.797292,Target for Modern Trade template demo
One Page Deli & Market,Restaurant,Page,AZ,Arizona,"3983 2nd St, Page, AZ 46070",(480) 664-2688,True,,0.83,42,sweep_v25,2026-06-06T04:42:54.797335,Target for Elegant Food template demo
Total Metal Roofing,Roofing,Amsterdam,NY,New York,"6823 Cedar Ln, Amsterdam, NY 30706",(518) 864-5847,True,,0.88,62,sweep_v25,2026-06-06T04:42:54.797377,Target for Modern Trade template demo
Green League City Steakhouse,Restaurant,League City,TX,Texas,"9847 Technology Dr, League City, TX 38309",(915) 931-2953,True,,0.82,51,sweep_v25,2026-06-06T04:42:54.797419,Target for Elegant Food template demo
Express Scottsdale Comfort Systems,HVAC,Scottsdale,AZ,Arizona,"8145 Lake Dr, Scottsdale, AZ 96091",(520) 669-7521,False,,0.88,87,sweep_v25,2026-06-06T04:42:54.797461,Target for Modern Trade template demo
Everest Huntsville Home Improvements,Roofing,Huntsville,TX,Texas,"896 Business Park Dr, Huntsville, TX 57851",(830) 406-6262,True,,0.7,64,sweep_v25,2026-06-06T04:42:54.797505,Target for Modern Trade template demo
Triple Conroe Pizza & Pasta,Restaurant,Conroe,TX,Texas,"9423 Business Park Dr, Conroe, TX 13237",(940) 409-2527,True,,0.61,52,sweep_v25,2026-06-06T04:42:54.797547,Target for Elegant Food template demo
Lifetime Show Low Roofers,Roofing,Show Low,AZ,Arizona,"3402 Enterprise Rd, Show Low, AZ 85889",(928) 265-7108,False,,0.89,100,sweep_v25,2026-06-06T04:42:54.797589,Target for Modern Trade template demo
Heritage Roofing Co. of Rochester,Roofing,Rochester,NY,New York,"8337 Adams St, Rochester, NY 88956",(607) 334-6877,True,,0.74,61,sweep_v25,2026-06-06T04:42:54.797632,Target for Modern Trade template demo
Superior Comfort Systems,HVAC,Stephenville,TX,Texas,"3826 Market St, Stephenville, TX 60961",(432) 479-4835,False,,0.9,97,sweep_v25,2026-06-06T04:42:54.797674,Target for Modern Trade template demo
Lake Corning BBQ & Grill,Restaurant,Corning,NY,New York,"2148 1st Ave, Corning, NY 83100",(607) 914-9862,True,,0.78,50,sweep_v25,2026-06-06T04:42:54.797716,Target for Elegant Food template demo
One Burleson Kitchen,Restaurant,Burleson,TX,Texas,"7711 State St, Burleson, TX 31073",(713) 831-2964,False,,0.85,91,sweep_v25,2026-06-06T04:42:54.797757,Target for Elegant Food template demo
Big Roofing Services of Arlington,Roofing,Arlington,TX,Texas,"9194 Innovation Blvd, Arlington, TX 49281",(361) 320-1497,False,,0.9,94,sweep_v25,2026-06-06T04:42:54.797799,Target for Modern Trade template demo
Best Lubbock Roofing & Remodeling,Roofing,Lubbock,TX,Texas,"5915 3rd St, Lubbock, TX 90877",(432) 429-7497,True,,0.68,53,sweep_v25,2026-06-06T04:42:54.797841,Target for Modern Trade template demo
Five Pizza & Pasta,Restaurant,Grapevine,TX,Texas,"7731 Lake Dr, Grapevine, TX 34332",(972) 205-6999,True,,0.86,50,sweep_v25,2026-06-06T04:42:54.797882,Target for Elegant Food template demo
Sun New Braunfels Diner,Restaurant,New Braunfels,TX,Texas,"6963 Enterprise Rd, New Braunfels, TX 79622",(972) 843-5682,True,,0.78,44,sweep_v25,2026-06-06T04:42:54.797929,Target for Elegant Food template demo
Five Star HVAC Solutions of Buckeye,HVAC,Buckeye,AZ,Arizona,"2248 School St, Buckeye, AZ 80919",(520) 651-6937,False,,0.91,92,sweep_v25,2026-06-06T04:42:54.797973,Target for Modern Trade template demo
Advanced Rye Roofing Company,Roofing,Rye,NY,New York,"7811 2nd St, Rye, NY 83728",(516) 302-5900,False,,0.8,89,sweep_v25,2026-06-06T04:42:54.798015,Target for Modern Trade template demo
Golden Bistro & Bar,Restaurant,Haltom City,TX,Texas,"8920 3rd St, Haltom City, TX 26130",(214) 599-8820,False,,0.76,94,sweep_v25,2026-06-06T04:42:54.798057,Target for Elegant Food template demo
Elite Sugar Land Pizzeria,Restaurant,Sugar Land,TX,Texas,"8709 2nd St, Sugar Land, TX 47803",(409) 622-4072,True,,0.65,52,sweep_v25,2026-06-06T04:42:54.798099,Target for Elegant Food template demo
Pacific Cooling & Heating of Newburgh,HVAC,Newburgh,NY,New York,"100 Jackson Blvd, Newburgh, NY 26805",(716) 393-6938,True,,0.61,48,sweep_v25,2026-06-06T04:42:54.798140,Target for Modern Trade template demo
National Air & Heating of San Luis,HVAC,San Luis,AZ,Arizona,"1102 Adams St, San Luis, AZ 16554",(520) 295-3084,True,,0.79,49,sweep_v25,2026-06-06T04:42:54.798182,Target for Modern Trade template demo
Rapid AC & Heating of Salamanca,HVAC,Salamanca,NY,New York,"8256 Spring St, Salamanca, NY 34061",(607) 204-8385,True,,0.69,47,sweep_v25,2026-06-06T04:42:54.798249,Target for Modern Trade template demo
Best HVAC of Paradise Valley,HVAC,Paradise Valley,AZ,Arizona,"6477 Water St, Paradise Valley, AZ 41575",(623) 423-4364,False,,0.81,97,sweep_v25,2026-06-06T04:42:54.798295,Target for Modern Trade template demo
Armor Shingle & Siding of Yuma,Roofing,Yuma,AZ,Arizona,"8727 Highland Ave, Yuma, AZ 94140",(520) 988-1310,True,,0.66,49,sweep_v25,2026-06-06T04:42:54.798338,Target for Modern Trade template demo
Lone Star Syracuse Bakery & Cafe,Restaurant,Syracuse,NY,New York,"6964 Innovation Blvd, Syracuse, NY 16991",(212) 856-2823,False,,0.94,77,sweep_v25,2026-06-06T04:42:54.798382,Target for Elegant Food template demo
Golden Austin Diner,Restaurant,Austin,TX,Texas,"7455 Madison Ave, Austin, TX 29235",(979) 354-3219,True,,0.83,42,sweep_v25,2026-06-06T04:42:54.798424,Target for Elegant Food template demo
Seven Elmira Sushi Bar,Restaurant,Elmira,NY,New York,"8236 River Rd, Elmira, NY 95093",(917) 514-3123,True,,0.84,42,sweep_v25,2026-06-06T04:42:54.798466,Target for Elegant Food template demo
North Roofing Solutions of Tolleson,Roofing,Tolleson,AZ,Arizona,"9499 Pine St, Tolleson, AZ 26639",(520) 409-9817,True,,0.82,54,sweep_v25,2026-06-06T04:42:54.798508,Target for Modern Trade template demo
Top Avondale Eatery,Restaurant,Avondale,AZ,Arizona,"8300 Market St, Avondale, AZ 47176",(623) 924-9984,True,,0.72,46,sweep_v25,2026-06-06T04:42:54.798549,Target for Elegant Food template demo
Midtown Corpus Christi Deli & Market,Restaurant,Corpus Christi,TX,Texas,"6425 2nd St, Corpus Christi, TX 49304",(737) 434-5725,True,,0.82,43,sweep_v25,2026-06-06T04:42:54.798591,Target for Elegant Food template demo
Pride Exteriors of Fort Worth,Roofing,Fort Worth,TX,Texas,"7155 Spring St, Fort Worth, TX 17664",(806) 281-2759,True,,0.74,55,sweep_v25,2026-06-06T04:42:54.798633,Target for Modern Trade template demo
Express Air Systems of Fulton,HVAC,Fulton,NY,New York,"2071 Hill St, Fulton, NY 56782",(631) 941-2762,True,,0.67,55,sweep_v25,2026-06-06T04:42:54.798675,Target for Modern Trade template demo
Great Pharr BBQ & Grill,Restaurant,Pharr,TX,Texas,"1805 Main St, Pharr, TX 29352",(936) 755-7080,False,,0.89,90,sweep_v25,2026-06-06T04:42:54.798717,Target for Elegant Food template demo
Capital Ithaca Cooling Solutions,HVAC,Ithaca,NY,New York,"5207 Cedar Ln, Ithaca, NY 13576",(516) 893-1557,True,,0.66,57,sweep_v25,2026-06-06T04:42:54.798791,Target for Modern Trade template demo
Mountain Newburgh Pizza & Pasta,Restaurant,Newburgh,NY,New York,"5119 Center St, Newburgh, NY 57524",(607) 465-2146,True,,0.61,41,sweep_v25,2026-06-06T04:42:54.798838,Target for Elegant Food template demo
Climate San Marcos HVAC Solutions,HVAC,San Marcos,TX,Texas,"7224 Hamilton Ave, San Marcos, TX 11262",(254) 548-1984,True,,0.69,52,sweep_v25,2026-06-06T04:42:54.798883,Target for Modern Trade template demo
Atlas Hudson HVAC Solutions,HVAC,Hudson,NY,New York,"1633 River Rd, Hudson, NY 57210",(518) 851-9687,True,,0.76,53,sweep_v25,2026-06-06T04:42:54.798928,Target for Modern Trade template demo
Certified Roof & Gutter,Roofing,Brownsville,TX,Texas,"3890 Madison Ave, Brownsville, TX 55427",(817) 875-3187,False,,0.75,94,sweep_v25,2026-06-06T04:42:54.798970,Target for Modern Trade template demo
Valley Richardson Mechanical,HVAC,Richardson,TX,Texas,"2974 Highland Ave, Richardson, TX 33883",(830) 402-3173,True,,0.89,56,sweep_v25,2026-06-06T04:42:54.799013,Target for Modern Trade template demo
Capital Cooling & Heating of Sherman,HVAC,Sherman,TX,Texas,"2465 Jackson Blvd, Sherman, TX 94943",(325) 319-3625,True,,0.81,48,sweep_v25,2026-06-06T04:42:54.799055,Target for Modern Trade template demo
Elite Pizza & Pasta,Restaurant,Brownsville,TX,Texas,"6089 Technology Dr, Brownsville, TX 78532",(936) 273-6254,True,,0.84,48,sweep_v25,2026-06-06T04:42:54.799096,Target for Elegant Food template demo
Economy Harlingen Roofing Solutions,Roofing,Harlingen,TX,Texas,"1177 2nd St, Harlingen, TX 37486",(254) 814-9736,False,,0.78,97,sweep_v25,2026-06-06T04:42:54.799138,Target for Modern Trade template demo
Valley Socorro BBQ & Grill,Restaurant,Socorro,TX,Texas,"6129 Highland Ave, Socorro, TX 49015",(737) 785-6618,True,,0.83,43,sweep_v25,2026-06-06T04:42:54.799179,Target for Elegant Food template demo
AA Waco Mechanical,HVAC,Waco,TX,Texas,"9773 Monroe Ave, Waco, TX 47527",(806) 285-3190,True,,0.81,59,sweep_v25,2026-06-06T04:42:54.799248,Target for Modern Trade template demo
White Frisco Service Experts,HVAC,Frisco,TX,Texas,"8897 Adams St, Frisco, TX 12050",(432) 734-3924,False,,0.73,89,sweep_v25,2026-06-06T04:42:54.799301,Target for Modern Trade template demo
Main Mexican Grill,Restaurant,Glens Falls,NY,New York,"2436 Maple Dr, Glens Falls, NY 19299",(315) 814-5798,True,,0.77,43,sweep_v25,2026-06-06T04:42:54.799365,Target for Elegant Food template demo
Victory DeSoto Shingle & Siding,Roofing,DeSoto,TX,Texas,"2160 Market St, DeSoto, TX 68487",(817) 748-5351,True,,0.8,57,sweep_v25,2026-06-06T04:42:54.799410,Target for Modern Trade template demo
Elite Diner,Restaurant,Apache Junction,AZ,Arizona,"607 Center St, Apache Junction, AZ 21542",(623) 739-8567,True,,0.64,44,sweep_v25,2026-06-06T04:42:54.799455,Target for Elegant Food template demo
ABC Cooling Solutions of Glendale,HVAC,Glendale,AZ,Arizona,"1424 Jackson Blvd, Glendale, AZ 67046",(480) 853-7069,True,,0.8,48,sweep_v25,2026-06-06T04:42:54.799498,Target for Modern Trade template demo
West Nacogdoches Roof Specialists,Roofing,Nacogdoches,TX,Texas,"2614 Cedar Ln, Nacogdoches, TX 25830",(361) 312-8889,True,,0.84,61,sweep_v25,2026-06-06T04:42:54.799540,Target for Modern Trade template demo
Sun Air Conditioning of Tempe,HVAC,Tempe,AZ,Arizona,"3700 Elm St, Tempe, AZ 70876",(928) 491-3508,True,,0.88,50,sweep_v25,2026-06-06T04:42:54.799584,Target for Modern Trade template demo
Village Grille,Restaurant,Plano,TX,Texas,"6017 Church St, Plano, TX 35432",(956) 204-4572,True,,0.83,47,sweep_v25,2026-06-06T04:42:54.799625,Target for Elegant Food template demo
Desert AC & Heating of Douglas,HVAC,Douglas,AZ,Arizona,"9081 Lincoln Ave, Douglas, AZ 61511",(928) 614-3769,True,,0.67,53,sweep_v25,2026-06-06T04:42:54.799667,Target for Modern Trade template demo
North Roofing & Remodeling of Abilene,Roofing,Abilene,TX,Texas,"2404 School St, Abilene, TX 68921",(806) 662-7472,True,,0.61,50,sweep_v25,2026-06-06T04:42:54.799709,Target for Modern Trade template demo
Norton Comfort Systems,HVAC,New Braunfels,TX,Texas,"8697 Veterans Blvd, New Braunfels, TX 11265",(713) 799-1977,False,,0.94,100,sweep_v25,2026-06-06T04:42:54.799752,Target for Modern Trade template demo
Lone Star Southlake Kitchen,Restaurant,Southlake,TX,Texas,"3675 River Rd, Southlake, TX 68832",(713) 413-2341,True,,0.6,40,sweep_v25,2026-06-06T04:42:54.799794,Target for Elegant Food template demo
Copper Steakhouse,Restaurant,Kyle,TX,Texas,"4348 Madison Ave, Kyle, TX 31049",(512) 500-8213,True,,0.62,43,sweep_v25,2026-06-06T04:42:54.799836,Target for Elegant Food template demo
Casa Houston Cafe & Grill,Restaurant,Houston,TX,Texas,"5728 Lake Dr, Houston, TX 17394",(281) 499-6616,False,,0.89,91,sweep_v25,2026-06-06T04:42:54.799877,Target for Elegant Food template demo
Pride Safford Roofing & Remodeling,Roofing,Safford,AZ,Arizona,"1904 Washington Blvd, Safford, AZ 26024",(480) 945-1831,True,,0.68,62,sweep_v25,2026-06-06T04:42:54.799919,Target for Modern Trade template demo
Guardian Shingle & Siding of Hornell,Roofing,Hornell,NY,New York,"2615 Cedar Ln, Hornell, NY 97536",(718) 483-9845,False,,0.81,94,sweep_v25,2026-06-06T04:42:54.799966,Target for Modern Trade template demo
Patriot Heating & Air of Batavia,HVAC,Batavia,NY,New York,"6857 Water St, Batavia, NY 36402",(631) 208-6580,True,,0.87,55,sweep_v25,2026-06-06T04:42:54.800007,Target for Modern Trade template demo
State Air Systems of Georgetown,HVAC,Georgetown,TX,Texas,"3183 Lincoln Ave, Georgetown, TX 90942",(682) 329-3731,False,,0.91,100,sweep_v25,2026-06-06T04:42:54.800049,Target for Modern Trade template demo
Market Abilene Deli & Market,Restaurant,Abilene,TX,Texas,"822 1st Ave, Abilene, TX 74728",(682) 489-8789,True,,0.69,45,sweep_v25,2026-06-06T04:42:54.800092,Target for Elegant Food template demo
West Air & Heating,HVAC,Texas City,TX,Texas,"2537 Innovation Blvd, Texas City, TX 90405",(956) 605-9316,True,,0.82,56,sweep_v25,2026-06-06T04:42:54.800134,Target for Modern Trade template demo
Western North Richland Hills Shingle & Siding,Roofing,North Richland Hills,TX,Texas,"4814 Market St, North Richland Hills, TX 25926",(940) 680-6546,True,,0.65,65,sweep_v25,2026-06-06T04:42:54.800177,Target for Modern Trade template demo
Superior HVAC Services of Haltom City,HVAC,Haltom City,TX,Texas,"5713 Veterans Blvd, Haltom City, TX 13764",(903) 371-8500,True,,0.73,48,sweep_v25,2026-06-06T04:42:54.800247,Target for Modern Trade template demo
King Holbrook Mechanical,HVAC,Holbrook,AZ,Arizona,"5103 Jefferson Dr, Holbrook, AZ 96985",(602) 364-2763,True,,0.82,56,sweep_v25,2026-06-06T04:42:54.800291,Target for Modern Trade template demo
Southwest Roof & Gutter,Roofing,Parker,AZ,Arizona,"7328 Hill St, Parker, AZ 97042",(480) 260-3404,False,,0.74,94,sweep_v25,2026-06-06T04:42:54.800334,Target for Modern Trade template demo
New Denton Mechanical,HVAC,Denton,TX,Texas,"3556 State St, Denton, TX 89279",(817) 382-3748,False,,0.74,88,sweep_v25,2026-06-06T04:42:54.800375,Target for Modern Trade template demo
Old Pizzeria,Restaurant,Olean,NY,New York,"6685 Water St, Olean, NY 42150",(347) 491-2840,False,,0.93,79,sweep_v25,2026-06-06T04:42:54.800428,Target for Elegant Food template demo
City Deli & Market,Restaurant,Mesquite,TX,Texas,"713 Jackson Blvd, Mesquite, TX 24622",(737) 556-3511,True,,0.9,40,sweep_v25,2026-06-06T04:42:54.800489,Target for Elegant Food template demo
Traditions Pizza & Pasta,Restaurant,Youngtown,AZ,Arizona,"4217 Market St, Youngtown, AZ 24979",(520) 906-2585,False,,0.8,84,sweep_v25,2026-06-06T04:42:54.800550,Target for Elegant Food template demo
Vista El Paso Sushi Bar,Restaurant,El Paso,TX,Texas,"8755 River Rd, El Paso, TX 87705",(806) 360-1514,True,,0.75,54,sweep_v25,2026-06-06T04:42:54.800599,Target for Elegant Food template demo
One Rensselaer Sushi Bar,Restaurant,Rensselaer,NY,New York,"4530 River Rd, Rensselaer, NY 89613",(518) 939-6726,False,,0.83,88,sweep_v25,2026-06-06T04:42:54.800641,Target for Elegant Food template demo
ABC Massena AC & Heating,HVAC,Massena,NY,New York,"3050 Water St, Massena, NY 77955",(518) 555-6590,True,,0.65,57,sweep_v25,2026-06-06T04:42:54.800685,Target for Modern Trade template demo
Service Little Falls Air Systems,HVAC,Little Falls,NY,New York,"5332 State St, Little Falls, NY 16089",(631) 217-2544,False,,0.76,88,sweep_v25,2026-06-06T04:42:54.800727,Target for Modern Trade template demo
All-Pro HVAC Services of Irving,HVAC,Irving,TX,Texas,"5388 3rd St, Irving, TX 21704",(903) 207-4342,False,,0.81,89,sweep_v25,2026-06-06T04:42:54.800769,Target for Modern Trade template demo
Silver Comfort Systems of Paris,HVAC,Paris,TX,Texas,"3602 Innovation Blvd, Paris, TX 56697",(737) 315-8270,True,,0.74,60,sweep_v25,2026-06-06T04:42:54.800810,Target for Modern Trade template demo
New Air Systems of Missouri City,HVAC,Missouri City,TX,Texas,"2258 2nd St, Missouri City, TX 65779",(713) 713-5704,True,,0.63,59,sweep_v25,2026-06-06T04:42:54.800852,Target for Modern Trade template demo
JD Utica Heating & Air,HVAC,Utica,NY,New York,"5271 Pine St, Utica, NY 87180",(631) 215-5255,False,,0.71,94,sweep_v25,2026-06-06T04:42:54.800897,Target for Modern Trade template demo
Union Pizzeria,Restaurant,Flower Mound,TX,Texas,"3163 Valley Blvd, Flower Mound, TX 75378",(737) 855-3238,False,,0.93,85,sweep_v25,2026-06-06T04:42:54.800944,Target for Elegant Food template demo
Spartan Arlington AC & Heating,HVAC,Arlington,TX,Texas,"6272 2nd St, Arlington, TX 14829",(806) 849-5791,False,,0.91,87,sweep_v25,2026-06-06T04:42:54.800986,Target for Modern Trade template demo
Lone Star Roofing & Remodeling of Batavia,Roofing,Batavia,NY,New York,"6452 Lincoln Ave, Batavia, NY 46291",(607) 879-9738,True,,0.6,54,sweep_v25,2026-06-06T04:42:54.801028,Target for Modern Trade template demo
Rapid Cooling & Heating of Victoria,HVAC,Victoria,TX,Texas,"8128 School St, Victoria, TX 14735",(915) 275-1696,True,,0.76,55,sweep_v25,2026-06-06T04:42:54.801069,Target for Modern Trade template demo
Old Town Johnstown Deli & Market,Restaurant,Johnstown,NY,New York,"9622 Spring St, Johnstown, NY 88550",(917) 979-5049,True,,0.69,37,sweep_v25,2026-06-06T04:42:54.801112,Target for Elegant Food template demo
Smart Mechanical of Mount Vernon,HVAC,Mount Vernon,NY,New York,"3902 Market St, Mount Vernon, NY 29936",(716) 548-1843,False,,0.72,82,sweep_v25,2026-06-06T04:42:54.801155,Target for Modern Trade template demo
Keystone Roofing of San Antonio,Roofing,San Antonio,TX,Texas,"880 Water St, San Antonio, TX 25137",(806) 561-4244,True,,0.82,63,sweep_v25,2026-06-06T04:42:54.801216,Target for Modern Trade template demo
Texas Garland Roofing,Roofing,Garland,TX,Texas,"8068 Madison Ave, Garland, TX 15712",(432) 965-4508,True,,0.88,54,sweep_v25,2026-06-06T04:42:54.801266,Target for Modern Trade template demo
Noble Roof Specialists of Greenville,Roofing,Greenville,TX,Texas,"4950 Commerce St, Greenville, TX 82658",(915) 741-6270,False,,0.82,100,sweep_v25,2026-06-06T04:42:54.801308,Target for Modern Trade template demo
Sun Heating & Air,HVAC,Geneva,NY,New York,"1421 Hamilton Ave, Geneva, NY 22378",(631) 523-6398,True,,0.71,51,sweep_v25,2026-06-06T04:42:54.801351,Target for Modern Trade template demo
City Air & Heating,HVAC,Harlingen,TX,Texas,"6903 Water St, Harlingen, TX 69868",(409) 232-3251,False,,0.74,91,sweep_v25,2026-06-06T04:42:54.801393,Target for Modern Trade template demo
Clear Comfort Systems of Sedona,HVAC,Sedona,AZ,Arizona,"1349 Technology Dr, Sedona, AZ 88473",(928) 849-8298,False,,0.73,89,sweep_v25,2026-06-06T04:42:54.801435,Target for Modern Trade template demo
Summit Roofing Contractors of Keller,Roofing,Keller,TX,Texas,"4647 Broadway, Keller, TX 59295",(469) 226-8890,False,,0.73,100,sweep_v25,2026-06-06T04:42:54.801477,Target for Modern Trade template demo
Brick Goodyear Steakhouse,Restaurant,Goodyear,AZ,Arizona,"4134 Commerce St, Goodyear, AZ 72878",(520) 820-8422,False,,0.82,91,sweep_v25,2026-06-06T04:42:54.801521,Target for Elegant Food template demo
Lone Star New York City Diner,Restaurant,New York City,NY,New York,"3802 Adams St, New York City, NY 94085",(518) 842-5542,True,,0.84,47,sweep_v25,2026-06-06T04:42:54.801565,Target for Elegant Food template demo
Supreme Roofing of Gilbert,Roofing,Gilbert,AZ,Arizona,"2616 State St, Gilbert, AZ 19408",(520) 272-7981,False,,0.71,92,sweep_v25,2026-06-06T04:42:54.801607,Target for Modern Trade template demo
North Star HVAC of Oneida,HVAC,Oneida,NY,New York,"582 3rd St, Oneida, NY 37117",(516) 470-2983,True,,0.63,50,sweep_v25,2026-06-06T04:42:54.801649,Target for Modern Trade template demo
Atlas Temple Roofing & Remodeling,Roofing,Temple,TX,Texas,"2461 Madison Ave, Temple, TX 62161",(737) 208-1739,True,,0.64,56,sweep_v25,2026-06-06T04:42:54.801691,Target for Modern Trade template demo
Bella Grille,Restaurant,Wichita Falls,TX,Texas,"3440 Madison Ave, Wichita Falls, TX 39206",(325) 977-6388,True,,0.77,42,sweep_v25,2026-06-06T04:42:54.801732,Target for Elegant Food template demo
Clear Cooling Solutions of Greenville,HVAC,Greenville,TX,Texas,"4579 Oak Ave, Greenville, TX 72832",(325) 820-3707,False,,0.91,98,sweep_v25,2026-06-06T04:42:54.801776,Target for Modern Trade template demo
Clear Temperature Control,HVAC,Ilion,NY,New York,"876 Pine St, Ilion, NY 42732",(914) 822-1353,True,,0.79,45,sweep_v25,2026-06-06T04:42:54.801817,Target for Modern Trade template demo
Grand Chandler Roofing Services,Roofing,Chandler,AZ,Arizona,"6539 Jackson Blvd, Chandler, AZ 45289",(602) 782-3293,True,,0.82,54,sweep_v25,2026-06-06T04:42:54.801858,Target for Modern Trade template demo
Famous Arlington Restaurant,Restaurant,Arlington,TX,Texas,"5100 Water St, Arlington, TX 19897",(737) 954-7910,False,,0.76,85,sweep_v25,2026-06-06T04:42:54.801900,Target for Elegant Food template demo
Signature Kingston Roofing Contractors,Roofing,Kingston,NY,New York,"7039 3rd St, Kingston, NY 42648",(929) 917-8523,True,,0.61,55,sweep_v25,2026-06-06T04:42:54.801945,Target for Modern Trade template demo
Lifetime Coolidge Roofing Company,Roofing,Coolidge,AZ,Arizona,"4083 Highland Ave, Coolidge, AZ 88842",(602) 465-9390,False,,0.73,89,sweep_v25,2026-06-06T04:42:54.801989,Target for Modern Trade template demo
ABC Temperature Control of Bullhead City,HVAC,Bullhead City,AZ,Arizona,"6018 Maple Dr, Bullhead City, AZ 74902",(480) 884-6350,True,,0.86,55,sweep_v25,2026-06-06T04:42:54.802030,Target for Modern Trade template demo
Green Service Experts of Bryan,HVAC,Bryan,TX,Texas,"4829 Oak Ave, Bryan, TX 64617",(806) 317-2269,True,,0.61,52,sweep_v25,2026-06-06T04:42:54.802072,Target for Modern Trade template demo
First Poughkeepsie Mechanical,HVAC,Poughkeepsie,NY,New York,"6492 Highland Ave, Poughkeepsie, NY 21059",(518) 749-3787,False,,0.86,86,sweep_v25,2026-06-06T04:42:54.802114,Target for Modern Trade template demo
Superior Heating & Air of Clifton,HVAC,Clifton,AZ,Arizona,"5230 Jackson Blvd, Clifton, AZ 73818",(928) 294-2868,False,,0.78,84,sweep_v25,2026-06-06T04:42:54.802156,Target for Modern Trade template demo
Lone Star Diner,Restaurant,Tonawanda,NY,New York,"4028 Center St, Tonawanda, NY 83592",(716) 957-9699,True,,0.72,52,sweep_v25,2026-06-06T04:42:54.802218,Target for Elegant Food template demo
State Frisco Cafe & Grill,Restaurant,Frisco,TX,Texas,"8159 Monroe Ave, Frisco, TX 78644",(361) 652-4378,False,,0.83,92,sweep_v25,2026-06-06T04:42:54.802267,Target for Elegant Food template demo
Storm Elmira Roofing & Construction,Roofing,Elmira,NY,New York,"307 Madison Ave, Elmira, NY 89561",(518) 341-8957,False,,0.72,91,sweep_v25,2026-06-06T04:42:54.802310,Target for Modern Trade template demo
Norton Gilbert HVAC,HVAC,Gilbert,AZ,Arizona,"341 Broadway, Gilbert, AZ 64216",(602) 722-8515,True,,0.63,57,sweep_v25,2026-06-06T04:42:54.802352,Target for Modern Trade template demo
Piazza Binghamton Taqueria,Restaurant,Binghamton,NY,New York,"3294 Technology Dr, Binghamton, NY 37514",(914) 296-9009,False,,0.74,90,sweep_v25,2026-06-06T04:42:54.802394,Target for Elegant Food template demo
Lone Star Oswego Climate Control,HVAC,Oswego,NY,New York,"4290 Valley Blvd, Oswego, NY 46856",(631) 742-5918,True,,0.79,46,sweep_v25,2026-06-06T04:42:54.802439,Target for Modern Trade template demo
Brick Eatery,Restaurant,Stephenville,TX,Texas,"2819 Pine St, Stephenville, TX 85826",(903) 302-4501,False,,0.82,84,sweep_v25,2026-06-06T04:42:54.802481,Target for Elegant Food template demo
Rescue Roof & Gutter,Roofing,Socorro,TX,Texas,"429 Maple Dr, Socorro, TX 24299",(915) 656-8488,True,,0.66,51,sweep_v25,2026-06-06T04:42:54.802523,Target for Modern Trade template demo
Rapid Service Experts of Prescott Valley,HVAC,Prescott Valley,AZ,Arizona,"717 Oak Ave, Prescott Valley, AZ 45701",(480) 426-2917,False,,0.93,97,sweep_v25,2026-06-06T04:42:54.802565,Target for Modern Trade template demo
Royal Nogales BBQ & Grill,Restaurant,Nogales,AZ,Arizona,"3086 Cedar Ln, Nogales, AZ 69054",(623) 712-1429,True,,0.84,46,sweep_v25,2026-06-06T04:42:54.802607,Target for Elegant Food template demo
Express Construction & Roofing of Wichita Falls,Roofing,Wichita Falls,TX,Texas,"117 Monroe Ave, Wichita Falls, TX 33332",(726) 520-4897,False,,0.76,91,sweep_v25,2026-06-06T04:42:54.802649,Target for Modern Trade template demo
Lone Star Restaurant,Restaurant,Maricopa,AZ,Arizona,"3188 Franklin St, Maricopa, AZ 19341",(928) 314-4908,True,,0.76,45,sweep_v25,2026-06-06T04:42:54.802691,Target for Elegant Food template demo
All-American Roof & Gutter,Roofing,Mesa,AZ,Arizona,"1571 Lincoln Ave, Mesa, AZ 52724",(928) 512-7066,True,,0.68,52,sweep_v25,2026-06-06T04:42:54.802761,Target for Modern Trade template demo
Vista New York City Roofing Co.,Roofing,New York City,NY,New York,"3338 Madison Ave, New York City, NY 56259",(917) 985-5851,False,,0.81,99,sweep_v25,2026-06-06T04:42:54.802812,Target for Modern Trade template demo
Atlas Air Systems,HVAC,Sugar Land,TX,Texas,"5368 Hill St, Sugar Land, TX 63270",(726) 649-8495,False,,0.72,98,sweep_v25,2026-06-06T04:42:54.802854,Target for Modern Trade template demo
Pride Exteriors,Roofing,Cedar Park,TX,Texas,"5211 Valley Blvd, Cedar Park, TX 59379",(469) 910-8477,True,,0.74,62,sweep_v25,2026-06-06T04:42:54.802907,Target for Modern Trade template demo
Sky Marana Shingle & Siding,Roofing,Marana,AZ,Arizona,"2071 Adams St, Marana, AZ 76033",(623) 388-4632,False,,0.77,90,sweep_v25,2026-06-06T04:42:54.802953,Target for Modern Trade template demo
Phoenix Construction & Roofing of Beaumont,Roofing,Beaumont,TX,Texas,"2913 Elm St, Beaumont, TX 82468",(409) 848-7876,False,,0.88,96,sweep_v25,2026-06-06T04:42:54.802995,Target for Modern Trade template demo
King Heating & Cooling,HVAC,Rosenberg,TX,Texas,"4137 Hamilton Ave, Rosenberg, TX 55321",(956) 827-2139,True,,0.67,48,sweep_v25,2026-06-06T04:42:54.803039,Target for Modern Trade template demo
Heritage Lackawanna HVAC Solutions,HVAC,Lackawanna,NY,New York,"8308 Enterprise Rd, Lackawanna, NY 36072",(631) 579-8092,False,,0.79,83,sweep_v25,2026-06-06T04:42:54.803081,Target for Modern Trade template demo
Golden Metal Roofing of Mount Vernon,Roofing,Mount Vernon,NY,New York,"5988 3rd St, Mount Vernon, NY 15158",(607) 667-7738,True,,0.9,61,sweep_v25,2026-06-06T04:42:54.803123,Target for Modern Trade template demo
Silver Cooling Solutions of Cohoes,HVAC,Cohoes,NY,New York,"201 Technology Dr, Cohoes, NY 17173",(716) 348-3513,False,,0.71,82,sweep_v25,2026-06-06T04:42:54.803164,Target for Modern Trade template demo
Pinnacle Metal Roofing,Roofing,Binghamton,NY,New York,"8900 2nd St, Binghamton, NY 99310",(716) 300-8467,False,,0.94,89,sweep_v25,2026-06-06T04:42:54.803230,Target for Modern Trade template demo
Sun Paradise Valley Sushi Bar,Restaurant,Paradise Valley,AZ,Arizona,"305 Sunset Blvd, Paradise Valley, AZ 42728",(623) 797-9859,True,,0.86,40,sweep_v25,2026-06-06T04:42:54.803280,Target for Elegant Food template demo
Express Roofing Company,Roofing,Coppell,TX,Texas,"1085 Pine St, Coppell, TX 17213",(726) 268-7615,True,,0.71,58,sweep_v25,2026-06-06T04:42:54.803324,Target for Modern Trade template demo
Blue HVAC Solutions of Binghamton,HVAC,Binghamton,NY,New York,"9630 Enterprise Rd, Binghamton, NY 63653",(917) 565-9031,True,,0.68,48,sweep_v25,2026-06-06T04:42:54.803372,Target for Modern Trade template demo
Harbor Bedford Cafe & Grill,Restaurant,Bedford,TX,Texas,"216 Maple Dr, Bedford, TX 59098",(737) 848-6158,False,,0.94,95,sweep_v25,2026-06-06T04:42:54.803414,Target for Elegant Food template demo
Arrow AC & Heating of Plattsburgh,HVAC,Plattsburgh,NY,New York,"7756 Park Ave, Plattsburgh, NY 40960",(518) 583-4983,False,,0.79,86,sweep_v25,2026-06-06T04:42:54.803456,Target for Modern Trade template demo
Best Mechanicville Shingle & Siding,Roofing,Mechanicville,NY,New York,"818 Cedar Ln, Mechanicville, NY 40910",(347) 306-7568,True,,0.77,49,sweep_v25,2026-06-06T04:42:54.803500,Target for Modern Trade template demo
Grand Duncanville Metal Roofing,Roofing,Duncanville,TX,Texas,"580 Lake Dr, Duncanville, TX 21378",(737) 300-8942,True,,0.62,63,sweep_v25,2026-06-06T04:42:54.803542,Target for Modern Trade template demo
Pine Kitchen,Restaurant,Sedona,AZ,Arizona,"7680 1st Ave, Sedona, AZ 91453",(623) 234-2007,False,,0.75,81,sweep_v25,2026-06-06T04:42:54.803584,Target for Elegant Food template demo
Frontier Climate Control,HVAC,Nacogdoches,TX,Texas,"9405 Cedar Ln, Nacogdoches, TX 85419",(432) 283-3007,True,,0.81,55,sweep_v25,2026-06-06T04:42:54.803625,Target for Modern Trade template demo
Pacific HVAC Solutions,HVAC,Show Low,AZ,Arizona,"8318 Madison Ave, Show Low, AZ 69548",(520) 401-8679,False,,0.81,90,sweep_v25,2026-06-06T04:42:54.803667,Target for Modern Trade template demo
Johnson HVAC,HVAC,Kingman,AZ,Arizona,"1515 Oak Ave, Kingman, AZ 98773",(928) 927-6092,True,,0.83,49,sweep_v25,2026-06-06T04:42:54.803708,Target for Modern Trade template demo
Atlas Roof & Gutter of Round Rock,Roofing,Round Rock,TX,Texas,"2387 Jefferson Dr, Round Rock, TX 22088",(726) 962-4257,True,,0.79,52,sweep_v25,2026-06-06T04:42:54.803750,Target for Modern Trade template demo
AAA Ilion Roofing & Construction,Roofing,Ilion,NY,New York,"1672 Lake Dr, Ilion, NY 76201",(718) 431-5588,False,,0.84,92,sweep_v25,2026-06-06T04:42:54.803794,Target for Modern Trade template demo
Theo's Bistro & Bar,Restaurant,Grand Prairie,TX,Texas,"8156 Oak Ave, Grand Prairie, TX 10877",(903) 877-4339,True,,0.64,52,sweep_v25,2026-06-06T04:42:54.803836,Target for Elegant Food template demo
Victory Dallas Roofers,Roofing,Dallas,TX,Texas,"2267 Church St, Dallas, TX 44290",(972) 815-8239,True,,0.65,52,sweep_v25,2026-06-06T04:42:54.803878,Target for Modern Trade template demo
Total Construction & Roofing of Sedona,Roofing,Sedona,AZ,Arizona,"3437 Washington Blvd, Sedona, AZ 72852",(623) 423-9173,True,,0.8,49,sweep_v25,2026-06-06T04:42:54.803920,Target for Modern Trade template demo
Arch Roofing Solutions,Roofing,Mamaroneck,NY,New York,"3784 Highland Ave, Mamaroneck, NY 60421",(718) 545-6794,False,,0.78,94,sweep_v25,2026-06-06T04:42:54.803965,Target for Modern Trade template demo
Mountain Bullhead City Bistro & Bar,Restaurant,Bullhead City,AZ,Arizona,"3530 Cedar Ln, Bullhead City, AZ 94620",(480) 674-5599,True,,0.63,44,sweep_v25,2026-06-06T04:42:54.804007,Target for Elegant Food template demo
National Roofing Services of Youngtown,Roofing,Youngtown,AZ,Arizona,"6911 Market St, Youngtown, AZ 30340",(520) 831-5110,True,,0.88,58,sweep_v25,2026-06-06T04:42:54.804049,Target for Modern Trade template demo
Capital Grapevine Roofing Solutions,Roofing,Grapevine,TX,Texas,"7640 2nd St, Grapevine, TX 67855",(915) 220-3199,True,,0.72,62,sweep_v25,2026-06-06T04:42:54.804092,Target for Modern Trade template demo
Old Town Garland Taqueria,Restaurant,Garland,TX,Texas,"7933 Monroe Ave, Garland, TX 99732",(682) 224-9192,True,,0.66,43,sweep_v25,2026-06-06T04:42:54.804134,Target for Elegant Food template demo
Smart Oro Valley AC & Heating,HVAC,Oro Valley,AZ,Arizona,"1431 Jackson Blvd, Oro Valley, AZ 56787",(602) 639-1561,True,,0.86,53,sweep_v25,2026-06-06T04:42:54.804176,Target for Modern Trade template demo
Old Town Diner,Restaurant,Port Arthur,TX,Texas,"3665 Main St, Port Arthur, TX 73168",(469) 470-2454,True,,0.77,52,sweep_v25,2026-06-06T04:42:54.804248,Target for Elegant Food template demo
Central Winslow Cooling & Heating,HVAC,Winslow,AZ,Arizona,"5484 Valley Blvd, Winslow, AZ 58754",(928) 981-2878,False,,0.79,86,sweep_v25,2026-06-06T04:42:54.804293,Target for Modern Trade template demo
Atlas HVAC,HVAC,Tyler,TX,Texas,"4672 Pine St, Tyler, TX 42266",(830) 571-3786,False,,0.88,92,sweep_v25,2026-06-06T04:42:54.804336,Target for Modern Trade template demo
Atlas Roof Specialists of Oneida,Roofing,Oneida,NY,New York,"4240 Monroe Ave, Oneida, NY 58242",(212) 458-8589,True,,0.78,49,sweep_v25,2026-06-06T04:42:54.804378,Target for Modern Trade template demo
Wild Lockport BBQ & Grill,Restaurant,Lockport,NY,New York,"4824 Elm St, Lockport, NY 87785",(646) 208-5550,True,,0.64,38,sweep_v25,2026-06-06T04:42:54.804421,Target for Elegant Food template demo
Quality Roof Specialists,Roofing,University Park,TX,Texas,"3812 Cedar Ln, University Park, TX 75115",(409) 220-1566,True,,0.63,50,sweep_v25,2026-06-06T04:42:54.804463,Target for Modern Trade template demo
A Bistro & Bar,Restaurant,Kingston,NY,New York,"2268 Water St, Kingston, NY 11355",(585) 852-9970,True,,0.66,40,sweep_v25,2026-06-06T04:42:54.804505,Target for Elegant Food template demo
River Fountain Hills Diner,Restaurant,Fountain Hills,AZ,Arizona,"6293 Monroe Ave, Fountain Hills, AZ 78136",(602) 792-4770,True,,0.83,44,sweep_v25,2026-06-06T04:42:54.804547,Target for Elegant Food template demo
Port Pizza & Pasta,Restaurant,College Station,TX,Texas,"8117 Jefferson Dr, College Station, TX 64669",(936) 886-5082,True,,0.77,53,sweep_v25,2026-06-06T04:42:54.804589,Target for Elegant Food template demo
Mountain North Tonawanda Italian Kitchen,Restaurant,North Tonawanda,NY,New York,"4411 Madison Ave, North Tonawanda, NY 83692",(518) 731-5489,False,,0.71,81,sweep_v25,2026-06-06T04:42:54.804631,Target for Elegant Food template demo
Eagle Roofers,Roofing,Killeen,TX,Texas,"1748 Highland Ave, Killeen, TX 33161",(940) 409-7251,False,,0.8,100,sweep_v25,2026-06-06T04:42:54.804674,Target for Modern Trade template demo
Theo's Batavia Italian Kitchen,Restaurant,Batavia,NY,New York,"8774 Pine St, Batavia, NY 80626",(917) 921-3141,False,,0.89,77,sweep_v25,2026-06-06T04:42:54.804716,Target for Elegant Food template demo
Little Duncanville Cafe & Grill,Restaurant,Duncanville,TX,Texas,"4628 Franklin St, Duncanville, TX 84712",(972) 591-9689,True,,0.78,55,sweep_v25,2026-06-06T04:42:54.804758,Target for Elegant Food template demo
Tower Roof Specialists of Laredo,Roofing,Laredo,TX,Texas,"5761 Main St, Laredo, TX 32885",(469) 492-9558,True,,0.88,55,sweep_v25,2026-06-06T04:42:54.804807,Target for Modern Trade template demo
Midtown Steakhouse,Restaurant,McKinney,TX,Texas,"3092 Adams St, McKinney, TX 74991",(972) 570-9805,True,,0.86,41,sweep_v25,2026-06-06T04:42:54.804863,Target for Elegant Food template demo
Heritage HVAC Services of Marana,HVAC,Marana,AZ,Arizona,"2592 Business Park Dr, Marana, AZ 60433",(928) 270-8700,False,,0.84,90,sweep_v25,2026-06-06T04:42:54.804919,Target for Modern Trade template demo
Pride Roof Specialists of Oro Valley,Roofing,Oro Valley,AZ,Arizona,"3124 Market St, Oro Valley, AZ 70109",(602) 755-9219,True,,0.79,53,sweep_v25,2026-06-06T04:42:54.804986,Target for Modern Trade template demo
All-American Roofers,Roofing,Salamanca,NY,New York,"4498 State St, Salamanca, NY 35352",(646) 802-8014,False,,0.76,93,sweep_v25,2026-06-06T04:42:54.805030,Target for Modern Trade template demo
Diamond Roof Specialists of Saratoga Springs,Roofing,Saratoga Springs,NY,New York,"8181 Jackson Blvd, Saratoga Springs, NY 67259",(646) 667-2652,True,,0.71,55,sweep_v25,2026-06-06T04:42:54.805073,Target for Modern Trade template demo
Sunrise Climate Control of Farmers Branch,HVAC,Farmers Branch,TX,Texas,"5675 Adams St, Farmers Branch, TX 82523",(956) 832-5521,False,,0.83,93,sweep_v25,2026-06-06T04:42:54.805115,Target for Modern Trade template demo
Old Tolleson Eatery,Restaurant,Tolleson,AZ,Arizona,"3100 Veterans Blvd, Tolleson, AZ 28842",(520) 321-8782,True,,0.8,52,sweep_v25,2026-06-06T04:42:54.805161,Target for Elegant Food template demo
Master Texas City Exteriors,Roofing,Texas City,TX,Texas,"2667 Enterprise Rd, Texas City, TX 90856",(830) 919-4107,False,,0.92,100,sweep_v25,2026-06-06T04:42:54.805229,Target for Modern Trade template demo
Little Oneida Sushi Bar,Restaurant,Oneida,NY,New York,"4040 Church St, Oneida, NY 38717",(212) 821-4482,True,,0.67,45,sweep_v25,2026-06-06T04:42:54.805280,Target for Elegant Food template demo
One Hour Wickenburg Cooling & Heating,HVAC,Wickenburg,AZ,Arizona,"1095 Cedar Ln, Wickenburg, AZ 44211",(602) 397-8360,True,,0.65,50,sweep_v25,2026-06-06T04:42:54.805324,Target for Modern Trade template demo
Champion Exteriors,Roofing,McKinney,TX,Texas,"6373 Jefferson Dr, McKinney, TX 12976",(682) 356-5398,True,,0.82,53,sweep_v25,2026-06-06T04:42:54.805369,Target for Modern Trade template demo
Imperial Air Conditioning & Heating of McKinney,HVAC,McKinney,TX,Texas,"6084 3rd St, McKinney, TX 93372",(936) 308-4652,True,,0.75,59,sweep_v25,2026-06-06T04:42:54.805411,Target for Modern Trade template demo
Classic College Station Roofers,Roofing,College Station,TX,Texas,"3349 Main St, College Station, TX 93033",(726) 820-8668,False,,0.9,99,sweep_v25,2026-06-06T04:42:54.805454,Target for Modern Trade template demo
Everest Southlake Roofing Services,Roofing,Southlake,TX,Texas,"7982 Hill St, Southlake, TX 15886",(903) 700-3687,True,,0.85,57,sweep_v25,2026-06-06T04:42:54.805499,Target for Modern Trade template demo
Empire Service Experts,HVAC,Nogales,AZ,Arizona,"1285 Lake Dr, Nogales, AZ 83854",(928) 599-7284,True,,0.71,49,sweep_v25,2026-06-06T04:42:54.805542,Target for Modern Trade template demo
Everest Roofing Contractors of Pharr,Roofing,Pharr,TX,Texas,"2224 Veterans Blvd, Pharr, TX 79872",(726) 499-1680,True,,0.87,65,sweep_v25,2026-06-06T04:42:54.805584,Target for Modern Trade template demo
West Galveston Pizzeria,Restaurant,Galveston,TX,Texas,"3204 Church St, Galveston, TX 11531",(979) 380-5201,True,,0.74,54,sweep_v25,2026-06-06T04:42:54.805628,Target for Elegant Food template demo
Weather Roofing Company,Roofing,Peoria,AZ,Arizona,"2927 Spring St, Peoria, AZ 58135",(480) 676-8064,False,,0.85,90,sweep_v25,2026-06-06T04:42:54.805670,Target for Modern Trade template demo
Liberty Roofing Services,Roofing,Tempe,AZ,Arizona,"825 2nd St, Tempe, AZ 57984",(480) 508-3479,True,,0.66,61,sweep_v25,2026-06-06T04:42:54.805725,Target for Modern Trade template demo
Top Roofing Solutions of Dunkirk,Roofing,Dunkirk,NY,New York,"5436 Washington Blvd, Dunkirk, NY 38553",(646) 609-9622,True,,0.75,50,sweep_v25,2026-06-06T04:42:54.805784,Target for Modern Trade template demo
Climate Climate Control of Tolleson,HVAC,Tolleson,AZ,Arizona,"262 Hill St, Tolleson, AZ 61611",(928) 545-2417,True,,0.61,44,sweep_v25,2026-06-06T04:42:54.805827,Target for Modern Trade template demo
Victory League City Roofing & Remodeling,Roofing,League City,TX,Texas,"6897 Maple Dr, League City, TX 11190",(956) 407-2386,False,,0.77,97,sweep_v25,2026-06-06T04:42:54.805870,Target for Modern Trade template demo
Absolute Shingle & Siding of Clifton,Roofing,Clifton,AZ,Arizona,"7107 Franklin St, Clifton, AZ 54448",(602) 854-7310,False,,0.8,88,sweep_v25,2026-06-06T04:42:54.805912,Target for Modern Trade template demo
First Mechanical of El Mirage,HVAC,El Mirage,AZ,Arizona,"8754 Enterprise Rd, El Mirage, AZ 64141",(928) 941-3357,True,,0.66,55,sweep_v25,2026-06-06T04:42:54.805958,Target for Modern Trade template demo
Pinnacle Mechanical of Corning,HVAC,Corning,NY,New York,"381 Innovation Blvd, Corning, NY 98615",(516) 526-8312,False,,0.88,89,sweep_v25,2026-06-06T04:42:54.806000,Target for Modern Trade template demo
Everest Bryan Roofing & Construction,Roofing,Bryan,TX,Texas,"1825 Highland Ave, Bryan, TX 10316",(210) 925-5373,False,,0.77,99,sweep_v25,2026-06-06T04:42:54.806043,Target for Modern Trade template demo
Green Paris Pizza & Pasta,Restaurant,Paris,TX,Texas,"844 1st Ave, Paris, TX 43641",(409) 358-2095,True,,0.71,52,sweep_v25,2026-06-06T04:42:54.806087,Target for Elegant Food template demo
Pride Roofing & Remodeling of Payson,Roofing,Payson,AZ,Arizona,"3020 Elm St, Payson, AZ 41248",(602) 661-2762,False,,0.71,92,sweep_v25,2026-06-06T04:42:54.806129,Target for Modern Trade template demo
Empire Construction & Roofing,Roofing,Kyle,TX,Texas,"722 Elm St, Kyle, TX 13367",(409) 348-5919,True,,0.79,53,sweep_v25,2026-06-06T04:42:54.806173,Target for Modern Trade template demo
Desert Roofers,Roofing,El Paso,TX,Texas,"936 Maple Dr, El Paso, TX 15289",(737) 717-3461,False,,0.71,97,sweep_v25,2026-06-06T04:42:54.806240,Target for Modern Trade template demo
Fortress Irving Shingle & Siding,Roofing,Irving,TX,Texas,"5870 School St, Irving, TX 68652",(325) 798-7625,False,,0.75,100,sweep_v25,2026-06-06T04:42:54.806286,Target for Modern Trade template demo
Highland Pizza & Pasta,Restaurant,Holbrook,AZ,Arizona,"986 Jackson Blvd, Holbrook, AZ 30703",(520) 253-7065,False,,0.94,84,sweep_v25,2026-06-06T04:42:54.806329,Target for Elegant Food template demo
Family Watervliet Heating & Air,HVAC,Watervliet,NY,New York,"6091 Hamilton Ave, Watervliet, NY 45238",(315) 884-3844,True,,0.77,47,sweep_v25,2026-06-06T04:42:54.806377,Target for Modern Trade template demo
City Fulton Roofers,Roofing,Fulton,NY,New York,"185 Elm St, Fulton, NY 28905",(518) 600-3379,True,,0.67,51,sweep_v25,2026-06-06T04:42:54.806419,Target for Modern Trade template demo
Salt Show Low Diner,Restaurant,Show Low,AZ,Arizona,"2752 Technology Dr, Show Low, AZ 65588",(480) 234-4394,True,,0.73,42,sweep_v25,2026-06-06T04:42:54.806463,Target for Elegant Food template demo
Pacific Climate Control of Garland,HVAC,Garland,TX,Texas,"8699 Jackson Blvd, Garland, TX 26181",(325) 943-5478,True,,0.68,54,sweep_v25,2026-06-06T04:42:54.806506,Target for Modern Trade template demo
High Desert San Antonio Heating & Cooling,HVAC,San Antonio,TX,Texas,"2603 Hamilton Ave, San Antonio, TX 14115",(469) 347-6124,False,,0.73,99,sweep_v25,2026-06-06T04:42:54.806550,Target for Modern Trade template demo
Diamond Heating & Air,HVAC,Auburn,NY,New York,"977 Broadway, Auburn, NY 63860",(315) 734-7444,False,,0.72,89,sweep_v25,2026-06-06T04:42:54.806592,Target for Modern Trade template demo
Salt Eatery,Restaurant,Ilion,NY,New York,"7121 Market St, Ilion, NY 15636",(347) 616-1465,True,,0.76,44,sweep_v25,2026-06-06T04:42:54.806638,Target for Elegant Food template demo
ABC Mission Air Systems,HVAC,Mission,TX,Texas,"3262 Spring St, Mission, TX 95016",(254) 643-1525,True,,0.73,48,sweep_v25,2026-06-06T04:42:54.806694,Target for Modern Trade template demo
Desert Exteriors,Roofing,Ithaca,NY,New York,"2113 Madison Ave, Ithaca, NY 26390",(315) 701-2346,True,,0.8,49,sweep_v25,2026-06-06T04:42:54.806809,Target for Modern Trade template demo
Lifetime Roofing,Roofing,Goodyear,AZ,Arizona,"8458 Lake Dr, Goodyear, AZ 74971",(623) 903-9943,True,,0.87,50,sweep_v25,2026-06-06T04:42:54.806873,Target for Modern Trade template demo
Armor Austin Exteriors,Roofing,Austin,TX,Texas,"7057 1st Ave, Austin, TX 63414",(979) 650-7945,False,,0.76,100,sweep_v25,2026-06-06T04:42:54.807012,Target for Modern Trade template demo
River Pflugerville Cafe & Grill,Restaurant,Pflugerville,TX,Texas,"4180 Oak Ave, Pflugerville, TX 52789",(726) 532-9791,True,,0.87,44,sweep_v25,2026-06-06T04:42:54.807075,Target for Elegant Food template demo
Piazza BBQ & Grill,Restaurant,Glen Cove,NY,New York,"6351 3rd St, Glen Cove, NY 63864",(718) 998-2157,False,,0.9,83,sweep_v25,2026-06-06T04:42:54.807189,Target for Elegant Food template demo
Weather Edinburg Roof & Gutter,Roofing,Edinburg,TX,Texas,"4916 Market St, Edinburg, TX 32855",(361) 810-9574,True,,0.63,60,sweep_v25,2026-06-06T04:42:54.807279,Target for Modern Trade template demo
New Beacon Mechanical,HVAC,Beacon,NY,New York,"4609 Industrial Blvd, Beacon, NY 92086",(315) 383-6458,True,,0.66,45,sweep_v25,2026-06-06T04:42:54.807342,Target for Modern Trade template demo
Desert Roofing & Remodeling of Mesquite,Roofing,Mesquite,TX,Texas,"2799 Jefferson Dr, Mesquite, TX 98936",(936) 726-4859,True,,0.68,56,sweep_v25,2026-06-06T04:42:54.807406,Target for Modern Trade template demo
Express Benbrook HVAC,HVAC,Benbrook,TX,Texas,"6285 Lake Dr, Benbrook, TX 42298",(817) 917-8743,True,,0.74,57,sweep_v25,2026-06-06T04:42:54.807470,Target for Modern Trade template demo
Johnson Air Systems of Lancaster,HVAC,Lancaster,TX,Texas,"4442 Market St, Lancaster, TX 83639",(512) 965-2994,True,,0.81,56,sweep_v25,2026-06-06T04:42:54.807530,Target for Modern Trade template demo
Pinnacle Climate Control of Glens Falls,HVAC,Glens Falls,NY,New York,"8587 Franklin St, Glens Falls, NY 19254",(914) 948-1548,True,,0.66,46,sweep_v25,2026-06-06T04:42:54.807591,Target for Modern Trade template demo
Top Diner,Restaurant,Yonkers,NY,New York,"4325 2nd St, Yonkers, NY 31418",(914) 753-1866,False,,0.78,89,sweep_v25,2026-06-06T04:42:54.807652,Target for Elegant Food template demo
Paradise Geneva Taqueria,Restaurant,Geneva,NY,New York,"2665 Jackson Blvd, Geneva, NY 20737",(646) 906-3138,True,,0.75,46,sweep_v25,2026-06-06T04:42:54.807713,Target for Elegant Food template demo
American El Mirage Roofing Company,Roofing,El Mirage,AZ,Arizona,"7186 1st Ave, El Mirage, AZ 24976",(623) 900-7752,True,,0.74,56,sweep_v25,2026-06-06T04:42:54.807773,Target for Modern Trade template demo
Harbor Auburn Diner,Restaurant,Auburn,NY,New York,"4299 2nd St, Auburn, NY 14041",(917) 410-7442,False,,0.85,77,sweep_v25,2026-06-06T04:42:54.807838,Target for Elegant Food template demo
Iron Air & Heating,HVAC,Oneonta,NY,New York,"7699 Jackson Blvd, Oneonta, NY 56588",(212) 235-2837,True,,0.6,50,sweep_v25,2026-06-06T04:42:54.807903,Target for Modern Trade template demo
Midtown Bistro & Bar,Restaurant,Safford,AZ,Arizona,"453 Elm St, Safford, AZ 16654",(928) 816-6229,True,,0.73,53,sweep_v25,2026-06-06T04:42:54.807979,Target for Elegant Food template demo
Total San Angelo Service Experts,HVAC,San Angelo,TX,Texas,"628 Jackson Blvd, San Angelo, TX 20007",(281) 550-4150,True,,0.85,46,sweep_v25,2026-06-06T04:42:54.808116,Target for Modern Trade template demo
Sunset BBQ & Grill,Restaurant,Kingman,AZ,Arizona,"9271 Water St, Kingman, AZ 52645",(480) 556-3272,True,,0.72,53,sweep_v25,2026-06-06T04:42:54.808168,Target for Elegant Food template demo
Texas Roofing Company,Roofing,Johnstown,NY,New York,"6984 Washington Blvd, Johnstown, NY 94837",(518) 608-3859,True,,0.81,62,sweep_v25,2026-06-06T04:42:54.808244,Target for Modern Trade template demo
Eagle Jamestown Roof Specialists,Roofing,Jamestown,NY,New York,"1058 Sunset Blvd, Jamestown, NY 57859",(347) 723-6456,False,,0.72,91,sweep_v25,2026-06-06T04:42:54.808295,Target for Modern Trade template demo
Old Albany Bakery & Cafe,Restaurant,Albany,NY,New York,"6996 Spring St, Albany, NY 13927",(607) 228-8040,True,,0.75,46,sweep_v25,2026-06-06T04:42:54.808343,Target for Elegant Food template demo
Pinnacle Cooling & Heating,HVAC,League City,TX,Texas,"7029 Center St, League City, TX 61973",(915) 393-5809,True,,0.61,47,sweep_v25,2026-06-06T04:42:54.808391,Target for Modern Trade template demo
Tower Roofing Services,Roofing,Long Beach,NY,New York,"2548 Church St, Long Beach, NY 99025",(646) 934-7321,False,,0.89,98,sweep_v25,2026-06-06T04:42:54.808441,Target for Modern Trade template demo
Crown Buckeye Roof Specialists,Roofing,Buckeye,AZ,Arizona,"5605 Oak Ave, Buckeye, AZ 24541",(602) 316-4946,True,,0.62,60,sweep_v25,2026-06-06T04:42:54.808489,Target for Modern Trade template demo
Mountain Cooling & Heating of Saratoga Springs,HVAC,Saratoga Springs,NY,New York,"8086 Veterans Blvd, Saratoga Springs, NY 84520",(914) 487-8477,False,,0.89,95,sweep_v25,2026-06-06T04:42:54.808539,Target for Modern Trade template demo
North Star Heating & Air,HVAC,Flower Mound,TX,Texas,"7462 Pine St, Flower Mound, TX 67856",(210) 313-7268,False,,0.95,95,sweep_v25,2026-06-06T04:42:54.808587,Target for Modern Trade template demo
Lone Star Round Rock Cooling Solutions,HVAC,Round Rock,TX,Texas,"6496 1st Ave, Round Rock, TX 49848",(512) 575-6827,False,,0.87,87,sweep_v25,2026-06-06T04:42:54.808634,Target for Modern Trade template demo
Western Cooling & Heating,HVAC,Mamaroneck,NY,New York,"1974 River Rd, Mamaroneck, NY 34328",(914) 618-1346,True,,0.83,47,sweep_v25,2026-06-06T04:42:54.808681,Target for Modern Trade template demo
Patriot Socorro HVAC Solutions,HVAC,Socorro,TX,Texas,"7561 Lincoln Ave, Socorro, TX 42736",(214) 586-1063,True,,0.64,45,sweep_v25,2026-06-06T04:42:54.808728,Target for Modern Trade template demo
A1 Roofing Services of Bullhead City,Roofing,Bullhead City,AZ,Arizona,"3996 Technology Dr, Bullhead City, AZ 52731",(602) 961-8167,True,,0.74,63,sweep_v25,2026-06-06T04:42:54.808773,Target for Modern Trade template demo
Silver Midland Bakery & Cafe,Restaurant,Midland,TX,Texas,"794 Madison Ave, Midland, TX 25435",(915) 318-2353,True,,0.83,40,sweep_v25,2026-06-06T04:42:54.808816,Target for Elegant Food template demo
Storm Roofing Company of Midland,Roofing,Midland,TX,Texas,"7020 Franklin St, Midland, TX 67666",(903) 966-8249,True,,0.68,55,sweep_v25,2026-06-06T04:42:54.808861,Target for Modern Trade template demo
Seven Florence Pizza & Pasta,Restaurant,Florence,AZ,Arizona,"9906 Church St, Florence, AZ 52570",(602) 621-4681,True,,0.87,43,sweep_v25,2026-06-06T04:42:54.808903,Target for Elegant Food template demo
Green BBQ & Grill,Restaurant,Phoenix,AZ,Arizona,"7214 Park Ave, Phoenix, AZ 95977",(928) 434-9402,True,,0.82,51,sweep_v25,2026-06-06T04:42:54.808949,Target for Elegant Food template demo
Desert Metal Roofing of Lackawanna,Roofing,Lackawanna,NY,New York,"740 Commerce St, Lackawanna, NY 30235",(845) 585-1349,True,,0.89,61,sweep_v25,2026-06-06T04:42:54.808991,Target for Modern Trade template demo
Village Irving Grille,Restaurant,Irving,TX,Texas,"1401 Valley Blvd, Irving, TX 81652",(940) 612-9775,True,,0.79,46,sweep_v25,2026-06-06T04:42:54.809034,Target for Elegant Food template demo
Town Nacogdoches Bistro & Bar,Restaurant,Nacogdoches,TX,Texas,"3476 River Rd, Nacogdoches, TX 77090",(915) 453-3616,False,,0.87,92,sweep_v25,2026-06-06T04:42:54.809076,Target for Elegant Food template demo
West Winslow Eatery,Restaurant,Winslow,AZ,Arizona,"7784 Center St, Winslow, AZ 19289",(623) 535-5406,True,,0.76,44,sweep_v25,2026-06-06T04:42:54.809118,Target for Elegant Food template demo
All-American Roofing Services,Roofing,Amarillo,TX,Texas,"6808 Adams St, Amarillo, TX 51831",(361) 717-1360,True,,0.85,55,sweep_v25,2026-06-06T04:42:54.809160,Target for Modern Trade template demo
Southwest Frisco Roofing Company,Roofing,Frisco,TX,Texas,"632 Spring St, Frisco, TX 71571",(940) 866-6505,False,,0.94,97,sweep_v25,2026-06-06T04:42:54.809224,Target for Modern Trade template demo
Copper Gilbert Deli & Market,Restaurant,Gilbert,AZ,Arizona,"5656 Monroe Ave, Gilbert, AZ 86434",(602) 239-6513,True,,0.79,44,sweep_v25,2026-06-06T04:42:54.809272,Target for Elegant Food template demo
Total Pharr Air Conditioning & Heating,HVAC,Pharr,TX,Texas,"9684 Maple Dr, Pharr, TX 40937",(281) 292-3283,True,,0.86,47,sweep_v25,2026-06-06T04:42:54.809315,Target for Modern Trade template demo
Pine Bakery & Cafe,Restaurant,Lubbock,TX,Texas,"775 Valley Blvd, Lubbock, TX 26963",(432) 456-2241,False,,0.91,92,sweep_v25,2026-06-06T04:42:54.809358,Target for Elegant Food template demo
Casa Bryan Mexican Grill,Restaurant,Bryan,TX,Texas,"2421 Hill St, Bryan, TX 14470",(956) 456-8820,True,,0.83,41,sweep_v25,2026-06-06T04:42:54.809400,Target for Elegant Food template demo
Lone Star Home Improvements,Roofing,Georgetown,TX,Texas,"6060 Pine St, Georgetown, TX 35491",(915) 777-9253,False,,0.74,93,sweep_v25,2026-06-06T04:42:54.809443,Target for Modern Trade template demo
New San Luis Eatery,Restaurant,San Luis,AZ,Arizona,"1375 Cedar Ln, San Luis, AZ 17162",(520) 786-2843,True,,0.72,48,sweep_v25,2026-06-06T04:42:54.809488,Target for Elegant Food template demo
Pioneer Auburn Roofing Solutions,Roofing,Auburn,NY,New York,"7313 Technology Dr, Auburn, NY 14334",(516) 972-3765,True,,0.89,47,sweep_v25,2026-06-06T04:42:54.809533,Target for Modern Trade template demo
Green Troy Bakery & Cafe,Restaurant,Troy,NY,New York,"9576 Technology Dr, Troy, NY 77516",(845) 675-6357,False,,0.81,85,sweep_v25,2026-06-06T04:42:54.809575,Target for Elegant Food template demo
American HVAC Solutions,HVAC,Austin,TX,Texas,"8717 River Rd, Austin, TX 57385",(409) 896-8106,True,,0.62,56,sweep_v25,2026-06-06T04:42:54.809616,Target for Modern Trade template demo
Lone Star Hornell BBQ & Grill,Restaurant,Hornell,NY,New York,"1194 Enterprise Rd, Hornell, NY 84702",(845) 755-2082,True,,0.77,38,sweep_v25,2026-06-06T04:42:54.809658,Target for Elegant Food template demo
Arrow Air Systems of Hutto,HVAC,Hutto,TX,Texas,"1632 Pine St, Hutto, TX 94077",(210) 276-8920,False,,0.78,92,sweep_v25,2026-06-06T04:42:54.809702,Target for Modern Trade template demo
Smart Avondale Heating & Air,HVAC,Avondale,AZ,Arizona,"7069 Highland Ave, Avondale, AZ 37350",(623) 323-8612,True,,0.88,54,sweep_v25,2026-06-06T04:42:54.809759,Target for Modern Trade template demo
Payless Houston HVAC Services,HVAC,Houston,TX,Texas,"7355 Oak Ave, Houston, TX 49859",(210) 514-4768,True,,0.72,51,sweep_v25,2026-06-06T04:42:54.809805,Target for Modern Trade template demo
One Beacon Deli & Market,Restaurant,Beacon,NY,New York,"8502 Hamilton Ave, Beacon, NY 65814",(516) 202-1781,True,,0.7,51,sweep_v25,2026-06-06T04:42:54.809850,Target for Elegant Food template demo
Wild Payson Bistro & Bar,Restaurant,Payson,AZ,Arizona,"9993 Jefferson Dr, Payson, AZ 29771",(520) 975-9699,True,,0.87,42,sweep_v25,2026-06-06T04:42:54.809892,Target for Elegant Food template demo
Shield Glens Falls Roofing & Construction,Roofing,Glens Falls,NY,New York,"4328 Monroe Ave, Glens Falls, NY 95263",(914) 873-7979,True,,0.86,51,sweep_v25,2026-06-06T04:42:54.809941,Target for Modern Trade template demo
Grand Odessa Roofing,Roofing,Odessa,TX,Texas,"8346 Oak Ave, Odessa, TX 76391",(979) 813-4559,False,,0.74,100,sweep_v25,2026-06-06T04:42:54.809984,Target for Modern Trade template demo
White HVAC Services of White Plains,HVAC,White Plains,NY,New York,"2795 Franklin St, White Plains, NY 18940",(929) 685-3567,False,,0.88,91,sweep_v25,2026-06-06T04:42:54.810025,Target for Modern Trade template demo
Red DeSoto Italian Kitchen,Restaurant,DeSoto,TX,Texas,"551 Water St, DeSoto, TX 88825",(432) 447-7222,False,,0.81,94,sweep_v25,2026-06-06T04:42:54.810068,Target for Elegant Food template demo
Sun Climate Control,HVAC,Watertown,NY,New York,"7835 Monroe Ave, Watertown, NY 39525",(347) 740-6795,True,,0.71,43,sweep_v25,2026-06-06T04:42:54.810113,Target for Modern Trade template demo
Grand Italian Kitchen,Restaurant,Pearland,TX,Texas,"3221 Franklin St, Pearland, TX 30015",(325) 592-5435,True,,0.76,50,sweep_v25,2026-06-06T04:42:54.810154,Target for Elegant Food template demo
Downtown BBQ & Grill,Restaurant,Buckeye,AZ,Arizona,"5373 Park Ave, Buckeye, AZ 90037",(602) 272-8045,False,,0.76,81,sweep_v25,2026-06-06T04:42:54.810220,Target for Elegant Food template demo
Rescue Roofing Company,Roofing,Niagara Falls,NY,New York,"7318 Oak Ave, Niagara Falls, NY 12205",(845) 958-6841,False,,0.71,90,sweep_v25,2026-06-06T04:42:54.810283,Target for Modern Trade template demo
Universal Comfort Systems of Sierra Vista,HVAC,Sierra Vista,AZ,Arizona,"9983 Technology Dr, Sierra Vista, AZ 91605",(602) 761-3869,True,,0.64,49,sweep_v25,2026-06-06T04:42:54.810327,Target for Modern Trade template demo
Dura Syracuse Metal Roofing,Roofing,Syracuse,NY,New York,"2457 Oak Ave, Syracuse, NY 77507",(716) 970-3851,True,,0.69,54,sweep_v25,2026-06-06T04:42:54.810370,Target for Modern Trade template demo
Mountain Cedar Park Eatery,Restaurant,Cedar Park,TX,Texas,"8426 Industrial Blvd, Cedar Park, TX 77604",(915) 871-5268,True,,0.81,40,sweep_v25,2026-06-06T04:42:54.810415,Target for Elegant Food template demo
Brick Prescott Valley Pizzeria,Restaurant,Prescott Valley,AZ,Arizona,"9260 Elm St, Prescott Valley, AZ 69956",(928) 864-7946,True,,0.78,52,sweep_v25,2026-06-06T04:42:54.810458,Target for Elegant Food template demo
Southwest Roofing Solutions of Schenectady,Roofing,Schenectady,NY,New York,"7760 Lake Dr, Schenectady, NY 47337",(845) 456-4166,True,,0.81,61,sweep_v25,2026-06-06T04:42:54.810499,Target for Modern Trade template demo
Sunrise Service Experts,HVAC,Killeen,TX,Texas,"5509 3rd St, Killeen, TX 19983",(254) 347-3425,True,,0.69,57,sweep_v25,2026-06-06T04:42:54.810541,Target for Modern Trade template demo
Best Roofing & Construction of Del Rio,Roofing,Del Rio,TX,Texas,"7171 Church St, Del Rio, TX 45293",(512) 809-1828,False,,0.76,90,sweep_v25,2026-06-06T04:42:54.810584,Target for Modern Trade template demo
Steadfast Roof & Gutter of Lewisville,Roofing,Lewisville,TX,Texas,"700 Market St, Lewisville, TX 63980",(254) 965-1455,True,,0.87,63,sweep_v25,2026-06-06T04:42:54.810626,Target for Modern Trade template demo
United HVAC Services,HVAC,Florence,AZ,Arizona,"3809 Maple Dr, Florence, AZ 38485",(602) 974-4988,True,,0.81,46,sweep_v25,2026-06-06T04:42:54.810667,Target for Modern Trade template demo
Champion Stephenville Roofing & Remodeling,Roofing,Stephenville,TX,Texas,"3356 Broadway, Stephenville, TX 97274",(940) 889-3062,False,,0.92,93,sweep_v25,2026-06-06T04:42:54.810709,Target for Modern Trade template demo
Little Amsterdam Diner,Restaurant,Amsterdam,NY,New York,"9478 Broadway, Amsterdam, NY 19163",(845) 497-6330,True,,0.88,39,sweep_v25,2026-06-06T04:42:54.810786,Target for Elegant Food template demo
West Douglas Cafe & Grill,Restaurant,Douglas,AZ,Arizona,"1862 Monroe Ave, Douglas, AZ 92001",(602) 794-9792,True,,0.75,41,sweep_v25,2026-06-06T04:42:54.810833,Target for Elegant Food template demo
Peak Utica Roofing Contractors,Roofing,Utica,NY,New York,"1627 Washington Blvd, Utica, NY 67703",(585) 372-8584,True,,0.81,53,sweep_v25,2026-06-06T04:42:54.810886,Target for Modern Trade template demo
Silver HVAC Solutions of Middletown,HVAC,Middletown,NY,New York,"220 Valley Blvd, Middletown, NY 45572",(585) 916-5029,True,,0.67,51,sweep_v25,2026-06-06T04:42:54.810948,Target for Modern Trade template demo
Advanced Metal Roofing of Houston,Roofing,Houston,TX,Texas,"7855 Lake Dr, Houston, TX 59264",(979) 260-9308,True,,0.7,55,sweep_v25,2026-06-06T04:42:54.811009,Target for Modern Trade template demo
Integrity Roofing Company of Benbrook,Roofing,Benbrook,TX,Texas,"753 Maple Dr, Benbrook, TX 29553",(409) 305-2747,False,,0.91,100,sweep_v25,2026-06-06T04:42:54.811055,Target for Modern Trade template demo
Southwest AC & Heating of North Tonawanda,HVAC,North Tonawanda,NY,New York,"1964 Veterans Blvd, North Tonawanda, NY 85767",(607) 409-9389,True,,0.72,54,sweep_v25,2026-06-06T04:42:54.811098,Target for Modern Trade template demo
New HVAC,HVAC,Wylie,TX,Texas,"2866 Adams St, Wylie, TX 80528",(409) 867-1345,False,,0.79,86,sweep_v25,2026-06-06T04:42:54.811140,Target for Modern Trade template demo
Silver HVAC,HVAC,Cedar Park,TX,Texas,"8951 Jackson Blvd, Cedar Park, TX 15558",(936) 752-9851,True,,0.82,60,sweep_v25,2026-06-06T04:42:54.811186,Target for Modern Trade template demo
National Roofing Co. of Geneva,Roofing,Geneva,NY,New York,"977 Valley Blvd, Geneva, NY 29218",(212) 799-6686,False,,0.8,100,sweep_v25,2026-06-06T04:42:54.811255,Target for Modern Trade template demo
AA Cooling Solutions of Burleson,HVAC,Burleson,TX,Texas,"7551 River Rd, Burleson, TX 64729",(940) 376-7501,True,,0.81,52,sweep_v25,2026-06-06T04:42:54.811301,Target for Modern Trade template demo
Capital Roofing Contractors,Roofing,Sierra Vista,AZ,Arizona,"7808 Pine St, Sierra Vista, AZ 69245",(520) 386-6615,True,,0.87,58,sweep_v25,2026-06-06T04:42:54.811344,Target for Modern Trade template demo
Top Mechanical of Chino Valley,HVAC,Chino Valley,AZ,Arizona,"6187 Franklin St, Chino Valley, AZ 58646",(480) 475-6730,False,,0.92,97,sweep_v25,2026-06-06T04:42:54.811389,Target for Modern Trade template demo
Phoenix Flower Mound Roofing Services,Roofing,Flower Mound,TX,Texas,"4575 Veterans Blvd, Flower Mound, TX 89590",(325) 892-5916,False,,0.95,94,sweep_v25,2026-06-06T04:42:54.811434,Target for Modern Trade template demo
National Coolidge Climate Control,HVAC,Coolidge,AZ,Arizona,"8722 Park Ave, Coolidge, AZ 13128",(602) 805-1893,True,,0.89,55,sweep_v25,2026-06-06T04:42:54.811476,Target for Modern Trade template demo
River Dunkirk Grille,Restaurant,Dunkirk,NY,New York,"4762 Monroe Ave, Dunkirk, NY 59791",(917) 344-9269,True,,0.66,44,sweep_v25,2026-06-06T04:42:54.811518,Target for Elegant Food template demo
Iron Niagara Falls Air Conditioning & Heating,HVAC,Niagara Falls,NY,New York,"711 Highland Ave, Niagara Falls, NY 68513",(347) 422-8056,False,,0.81,95,sweep_v25,2026-06-06T04:42:54.811560,Target for Modern Trade template demo
Superior Fountain Hills Roofing Solutions,Roofing,Fountain Hills,AZ,Arizona,"5410 Maple Dr, Fountain Hills, AZ 64787",(623) 830-8724,True,,0.61,48,sweep_v25,2026-06-06T04:42:54.811603,Target for Modern Trade template demo
Metal Home Improvements,Roofing,Pasadena,TX,Texas,"988 Main St, Pasadena, TX 79749",(830) 899-9882,True,,0.89,56,sweep_v25,2026-06-06T04:42:54.811645,Target for Modern Trade template demo
Gulf Cottonwood HVAC,HVAC,Cottonwood,AZ,Arizona,"169 River Rd, Cottonwood, AZ 91463",(928) 425-3931,True,,0.88,49,sweep_v25,2026-06-06T04:42:54.811687,Target for Modern Trade template demo
El Long Beach Cafe & Grill,Restaurant,Long Beach,NY,New York,"4553 2nd St, Long Beach, NY 92124",(718) 740-5850,False,,0.82,90,sweep_v25,2026-06-06T04:42:54.811729,Target for Elegant Food template demo
Olive San Antonio Mexican Grill,Restaurant,San Antonio,TX,Texas,"4195 Enterprise Rd, San Antonio, TX 60676",(915) 859-3237,False,,0.78,83,sweep_v25,2026-06-06T04:42:54.811771,Target for Elegant Food template demo
State Restaurant,Restaurant,Watertown,NY,New York,"7412 Washington Blvd, Watertown, NY 67211",(212) 334-7229,True,,0.83,49,sweep_v25,2026-06-06T04:42:54.811815,Target for Elegant Food template demo
Lone Star Glendale Shingle & Siding,Roofing,Glendale,AZ,Arizona,"2496 Adams St, Glendale, AZ 19007",(480) 688-9073,True,,0.88,54,sweep_v25,2026-06-06T04:42:54.811857,Target for Modern Trade template demo
Market Baytown Diner,Restaurant,Baytown,TX,Texas,"5689 Highland Ave, Baytown, TX 70010",(361) 471-7098,True,,0.77,47,sweep_v25,2026-06-06T04:42:54.811898,Target for Elegant Food template demo
Prime Ogdensburg Service Experts,HVAC,Ogdensburg,NY,New York,"4712 Veterans Blvd, Ogdensburg, NY 25847",(716) 741-3098,True,,0.61,53,sweep_v25,2026-06-06T04:42:54.811944,Target for Modern Trade template demo
Queen's BBQ & Grill,Restaurant,Euless,TX,Texas,"9823 Market St, Euless, TX 48608",(940) 704-7262,False,,0.89,93,sweep_v25,2026-06-06T04:42:54.811986,Target for Elegant Food template demo
Prime Air Conditioning of Long Beach,HVAC,Long Beach,NY,New York,"9981 Enterprise Rd, Long Beach, NY 81509",(212) 729-8251,False,,0.71,91,sweep_v25,2026-06-06T04:42:54.812028,Target for Modern Trade template demo
JD Air Systems of Cedar Hill,HVAC,Cedar Hill,TX,Texas,"9239 Monroe Ave, Cedar Hill, TX 46863",(713) 473-2153,False,,0.9,91,sweep_v25,2026-06-06T04:42:54.812070,Target for Modern Trade template demo
Top Cedar Hill Mexican Grill,Restaurant,Cedar Hill,TX,Texas,"2541 Lincoln Ave, Cedar Hill, TX 23189",(325) 851-5471,True,,0.79,41,sweep_v25,2026-06-06T04:42:54.812112,Target for Elegant Food template demo
Midtown Fulton Sushi Bar,Restaurant,Fulton,NY,New York,"8757 Pine St, Fulton, NY 23952",(585) 470-9185,True,,0.62,40,sweep_v25,2026-06-06T04:42:54.812153,Target for Elegant Food template demo
Union Mexican Grill,Restaurant,Flagstaff,AZ,Arizona,"8369 Cedar Ln, Flagstaff, AZ 91078",(602) 552-7119,True,,0.79,45,sweep_v25,2026-06-06T04:42:54.812215,Target for Elegant Food template demo
Sahara Cooling Solutions of Dunkirk,HVAC,Dunkirk,NY,New York,"1156 Innovation Blvd, Dunkirk, NY 64689",(914) 472-5082,True,,0.86,57,sweep_v25,2026-06-06T04:42:54.812268,Target for Modern Trade template demo
Elite Oneonta Steakhouse,Restaurant,Oneonta,NY,New York,"9297 Spring St, Oneonta, NY 82891",(607) 947-8451,True,,0.8,41,sweep_v25,2026-06-06T04:42:54.812313,Target for Elegant Food template demo
Town Cohoes Diner,Restaurant,Cohoes,NY,New York,"8608 Veterans Blvd, Cohoes, NY 63009",(845) 821-6676,True,,0.67,49,sweep_v25,2026-06-06T04:42:54.812356,Target for Elegant Food template demo
Pioneer Little Falls Home Improvements,Roofing,Little Falls,NY,New York,"4794 1st Ave, Little Falls, NY 95248",(845) 464-9897,False,,0.91,90,sweep_v25,2026-06-06T04:42:54.812400,Target for Modern Trade template demo
Diamond Service Experts,HVAC,Lake Havasu City,AZ,Arizona,"4970 Jackson Blvd, Lake Havasu City, AZ 17341",(623) 677-9326,False,,0.92,94,sweep_v25,2026-06-06T04:42:54.812442,Target for Modern Trade template demo
Diamond Beaumont AC & Heating,HVAC,Beaumont,TX,Texas,"169 River Rd, Beaumont, TX 77887",(940) 620-4929,True,,0.87,58,sweep_v25,2026-06-06T04:42:54.812484,Target for Modern Trade template demo
Valley Killeen Eatery,Restaurant,Killeen,TX,Texas,"6617 1st Ave, Killeen, TX 97238",(726) 961-9643,True,,0.84,50,sweep_v25,2026-06-06T04:42:54.812526,Target for Elegant Food template demo
Vista Grille,Restaurant,New Rochelle,NY,New York,"3067 Industrial Blvd, New Rochelle, NY 63289",(212) 748-7798,True,,0.81,49,sweep_v25,2026-06-06T04:42:54.812568,Target for Elegant Food template demo
City Air Systems of Plano,HVAC,Plano,TX,Texas,"6974 Jefferson Dr, Plano, TX 76571",(214) 659-4932,True,,0.64,57,sweep_v25,2026-06-06T04:42:54.812610,Target for Modern Trade template demo
Silver Coolidge Kitchen,Restaurant,Coolidge,AZ,Arizona,"5292 Washington Blvd, Coolidge, AZ 40499",(623) 824-8144,True,,0.81,44,sweep_v25,2026-06-06T04:42:54.812652,Target for Elegant Food template demo
Boss Roofing Solutions,Roofing,Lockport,NY,New York,"6990 Enterprise Rd, Lockport, NY 22781",(929) 921-6623,False,,0.94,93,sweep_v25,2026-06-06T04:42:54.812695,Target for Modern Trade template demo
United Temperature Control of Big Spring,HVAC,Big Spring,TX,Texas,"6820 Lincoln Ave, Big Spring, TX 26288",(432) 957-1512,True,,0.77,50,sweep_v25,2026-06-06T04:42:54.812737,Target for Modern Trade template demo
Old Del Rio Bakery & Cafe,Restaurant,Del Rio,TX,Texas,"9947 Enterprise Rd, Del Rio, TX 71716",(972) 526-7560,False,,0.76,93,sweep_v25,2026-06-06T04:42:54.812781,Target for Elegant Food template demo
Reliable Roof Specialists of Waco,Roofing,Waco,TX,Texas,"6652 Technology Dr, Waco, TX 18863",(361) 850-6342,False,,0.84,92,sweep_v25,2026-06-06T04:42:54.812823,Target for Modern Trade template demo
Pacific Construction & Roofing of Sugar Land,Roofing,Sugar Land,TX,Texas,"2213 Jefferson Dr, Sugar Land, TX 77661",(956) 895-6845,True,,0.81,60,sweep_v25,2026-06-06T04:42:54.812864,Target for Modern Trade template demo
River Sherman Diner,Restaurant,Sherman,TX,Texas,"6405 3rd St, Sherman, TX 39200",(936) 613-3486,False,,0.79,87,sweep_v25,2026-06-06T04:42:54.812907,Target for Elegant Food template demo
Cool HVAC of Duncanville,HVAC,Duncanville,TX,Texas,"6057 Park Ave, Duncanville, TX 14930",(806) 803-3960,True,,0.72,55,sweep_v25,2026-06-06T04:42:54.812953,Target for Modern Trade template demo
Victory Roofing Solutions of Surprise,Roofing,Surprise,AZ,Arizona,"6869 Park Ave, Surprise, AZ 86451",(602) 640-9386,True,,0.66,55,sweep_v25,2026-06-06T04:42:54.812995,Target for Modern Trade template demo
Vista Rensselaer Roof Specialists,Roofing,Rensselaer,NY,New York,"1563 Jefferson Dr, Rensselaer, NY 38563",(607) 837-3609,True,,0.78,62,sweep_v25,2026-06-06T04:42:54.813037,Target for Modern Trade template demo
Premier Temperature Control,HVAC,Hurst,TX,Texas,"3602 Main St, Hurst, TX 80800",(325) 391-7373,True,,0.64,57,sweep_v25,2026-06-06T04:42:54.813078,Target for Modern Trade template demo
One Pizzeria,Restaurant,Surprise,AZ,Arizona,"3090 Sunset Blvd, Surprise, AZ 17524",(928) 412-3446,True,,0.8,43,sweep_v25,2026-06-06T04:42:54.813121,Target for Elegant Food template demo
Tower Roofing Company of Bisbee,Roofing,Bisbee,AZ,Arizona,"4281 Water St, Bisbee, AZ 19987",(602) 974-1027,True,,0.77,48,sweep_v25,2026-06-06T04:42:54.813163,Target for Modern Trade template demo
Summit Pizzeria,Restaurant,Temple,TX,Texas,"7230 Adams St, Temple, TX 25282",(254) 857-6712,False,,0.84,80,sweep_v25,2026-06-06T04:42:54.813224,Target for Elegant Food template demo
Island Tucson Diner,Restaurant,Tucson,AZ,Arizona,"2403 Jefferson Dr, Tucson, AZ 90243",(520) 824-7139,True,,0.84,51,sweep_v25,2026-06-06T04:42:54.813272,Target for Elegant Food template demo
Southwest Scottsdale Restaurant,Restaurant,Scottsdale,AZ,Arizona,"4517 Oak Ave, Scottsdale, AZ 95534",(520) 726-6357,False,,0.87,80,sweep_v25,2026-06-06T04:42:54.813314,Target for Elegant Food template demo
American Bisbee Cooling & Heating,HVAC,Bisbee,AZ,Arizona,"9368 Hill St, Bisbee, AZ 82365",(928) 532-2903,False,,0.85,85,sweep_v25,2026-06-06T04:42:54.813356,Target for Modern Trade template demo
New Baytown Mechanical,HVAC,Baytown,TX,Texas,"4600 Maple Dr, Baytown, TX 39003",(956) 457-1235,True,,0.78,45,sweep_v25,2026-06-06T04:42:54.813398,Target for Modern Trade template demo
Southwest HVAC Services of Haverstraw,HVAC,Haverstraw,NY,New York,"7800 Sunset Blvd, Haverstraw, NY 52865",(315) 905-3779,False,,0.93,85,sweep_v25,2026-06-06T04:42:54.813440,Target for Modern Trade template demo
Pro Phoenix Roofing & Remodeling,Roofing,Phoenix,AZ,Arizona,"6546 Hamilton Ave, Phoenix, AZ 14637",(623) 584-2165,True,,0.68,52,sweep_v25,2026-06-06T04:42:54.813482,Target for Modern Trade template demo
Theo's Victoria BBQ & Grill,Restaurant,Victoria,TX,Texas,"545 Cedar Ln, Victoria, TX 54035",(936) 943-3209,False,,0.79,95,sweep_v25,2026-06-06T04:42:54.813524,Target for Elegant Food template demo
Total Roofing & Construction,Roofing,Poughkeepsie,NY,New York,"429 Park Ave, Poughkeepsie, NY 57660",(917) 903-2316,True,,0.67,60,sweep_v25,2026-06-06T04:42:54.813572,Target for Modern Trade template demo
Quality Youngtown Heating & Air,HVAC,Youngtown,AZ,Arizona,"934 Valley Blvd, Youngtown, AZ 68076",(928) 446-9606,True,,0.72,49,sweep_v25,2026-06-06T04:42:54.813614,Target for Modern Trade template demo
Everest Home Improvements of Beacon,Roofing,Beacon,NY,New York,"1882 3rd St, Beacon, NY 13837",(631) 742-2621,True,,0.6,51,sweep_v25,2026-06-06T04:42:54.813656,Target for Modern Trade template demo
Iron Shingle & Siding,Roofing,The Colony,TX,Texas,"9324 State St, The Colony, TX 59194",(956) 530-5971,True,,0.75,64,sweep_v25,2026-06-06T04:42:54.813698,Target for Modern Trade template demo
Heritage Exteriors of Lake Havasu City,Roofing,Lake Havasu City,AZ,Arizona,"2611 Spring St, Lake Havasu City, AZ 61733",(480) 337-3055,False,,0.7,88,sweep_v25,2026-06-06T04:42:54.813740,Target for Modern Trade template demo
Tri-State Temperature Control of The Colony,HVAC,The Colony,TX,Texas,"7096 Park Ave, The Colony, TX 44367",(936) 870-3164,True,,0.74,50,sweep_v25,2026-06-06T04:42:54.813783,Target for Modern Trade template demo
Home Roofing Company,Roofing,Carrollton,TX,Texas,"2347 Sunset Blvd, Carrollton, TX 77673",(469) 252-9864,True,,0.88,63,sweep_v25,2026-06-06T04:42:54.813825,Target for Modern Trade template demo
Desert Roofing & Construction,Roofing,Tucson,AZ,Arizona,"5125 Technology Dr, Tucson, AZ 28806",(480) 874-9701,False,,0.82,95,sweep_v25,2026-06-06T04:42:54.813867,Target for Modern Trade template demo
Copper Wickenburg Pizza & Pasta,Restaurant,Wickenburg,AZ,Arizona,"2323 Technology Dr, Wickenburg, AZ 85421",(623) 395-7680,True,,0.87,38,sweep_v25,2026-06-06T04:42:54.813909,Target for Elegant Food template demo
Traditions Lake Havasu City BBQ & Grill,Restaurant,Lake Havasu City,AZ,Arizona,"8098 Industrial Blvd, Lake Havasu City, AZ 60447",(602) 653-2904,True,,0.86,47,sweep_v25,2026-06-06T04:42:54.813954,Target for Elegant Food template demo
First Metal Roofing,Roofing,Watervliet,NY,New York,"5510 Main St, Watervliet, NY 20494",(315) 773-7797,True,,0.62,47,sweep_v25,2026-06-06T04:42:54.813998,Target for Modern Trade template demo
United Air Conditioning,HVAC,Port Arthur,TX,Texas,"1614 Business Park Dr, Port Arthur, TX 40585",(409) 444-4424,True,,0.81,51,sweep_v25,2026-06-06T04:42:54.814040,Target for Modern Trade template demo
State Pasadena Cooling Solutions,HVAC,Pasadena,TX,Texas,"9827 3rd St, Pasadena, TX 28530",(210) 486-6595,True,,0.9,58,sweep_v25,2026-06-06T04:42:54.814082,Target for Modern Trade template demo
Union Marana Bistro & Bar,Restaurant,Marana,AZ,Arizona,"1463 Lake Dr, Marana, AZ 94657",(928) 587-2544,True,,0.76,49,sweep_v25,2026-06-06T04:42:54.814123,Target for Elegant Food template demo
Southwest Wylie Steakhouse,Restaurant,Wylie,TX,Texas,"4610 Market St, Wylie, TX 28179",(254) 441-6847,True,,0.81,44,sweep_v25,2026-06-06T04:42:54.814165,Target for Elegant Food template demo
Gulf Mesa Heating & Air,HVAC,Mesa,AZ,Arizona,"9470 Veterans Blvd, Mesa, AZ 87194",(602) 860-7623,False,,0.79,89,sweep_v25,2026-06-06T04:42:54.814246,Target for Modern Trade template demo
Capital Roofing Co. of Eloy,Roofing,Eloy,AZ,Arizona,"1680 Pine St, Eloy, AZ 79163",(480) 217-5042,False,,0.85,89,sweep_v25,2026-06-06T04:42:54.814299,Target for Modern Trade template demo
Fork & Taqueria,Restaurant,Middletown,NY,New York,"8041 Cedar Ln, Middletown, NY 54689",(917) 523-1794,True,,0.72,38,sweep_v25,2026-06-06T04:42:54.814342,Target for Elegant Food template demo
Original Hutto Steakhouse,Restaurant,Hutto,TX,Texas,"6047 3rd St, Hutto, TX 24083",(682) 705-4985,False,,0.86,95,sweep_v25,2026-06-06T04:42:54.814385,Target for Elegant Food template demo
Little Haverstraw Bakery & Cafe,Restaurant,Haverstraw,NY,New York,"4204 Main St, Haverstraw, NY 16368",(585) 501-8778,True,,0.61,40,sweep_v25,2026-06-06T04:42:54.814427,Target for Elegant Food template demo
Golden Roofing & Construction of Burleson,Roofing,Burleson,TX,Texas,"1142 Main St, Burleson, TX 41145",(432) 339-4967,True,,0.69,55,sweep_v25,2026-06-06T04:42:54.814471,Target for Modern Trade template demo
Capital Roofing Services of Denton,Roofing,Denton,TX,Texas,"4183 Lake Dr, Denton, TX 55426",(817) 370-9095,False,,0.77,99,sweep_v25,2026-06-06T04:42:54.814513,Target for Modern Trade template demo
A1 Tucson Heating & Air,HVAC,Tucson,AZ,Arizona,"6371 Spring St, Tucson, AZ 70562",(480) 362-1739,True,,0.81,53,sweep_v25,2026-06-06T04:42:54.814555,Target for Modern Trade template demo
City Roofing Co.,Roofing,Haltom City,TX,Texas,"376 Washington Blvd, Haltom City, TX 24031",(713) 411-8971,True,,0.84,58,sweep_v25,2026-06-06T04:42:54.814597,Target for Modern Trade template demo
Silver Air Conditioning & Heating,HVAC,Safford,AZ,Arizona,"7435 Valley Blvd, Safford, AZ 56885",(623) 358-3868,True,,0.73,49,sweep_v25,2026-06-06T04:42:54.814638,Target for Modern Trade template demo
Pride Roofing Services of Page,Roofing,Page,AZ,Arizona,"8966 Elm St, Page, AZ 93550",(602) 918-7103,False,,0.75,100,sweep_v25,2026-06-06T04:42:54.814680,Target for Modern Trade template demo
AAA Metal Roofing,Roofing,Hutto,TX,Texas,"2962 Veterans Blvd, Hutto, TX 12898",(432) 365-6975,False,,0.92,95,sweep_v25,2026-06-06T04:42:54.814722,Target for Modern Trade template demo
Guardian Roofing Company,Roofing,Winslow,AZ,Arizona,"8783 Main St, Winslow, AZ 47757",(928) 503-3239,True,,0.76,48,sweep_v25,2026-06-06T04:42:54.814800,Target for Modern Trade template demo
Traditions Rome Italian Kitchen,Restaurant,Rome,NY,New York,"8126 Sunset Blvd, Rome, NY 38589",(516) 271-6949,True,,0.73,51,sweep_v25,2026-06-06T04:42:54.814845,Target for Elegant Food template demo
Shield Roofers of Oneonta,Roofing,Oneonta,NY,New York,"1336 River Rd, Oneonta, NY 90811",(929) 732-5800,True,,0.71,52,sweep_v25,2026-06-06T04:42:54.814888,Target for Modern Trade template demo
Everest Roofing Company,Roofing,Olean,NY,New York,"8815 Enterprise Rd, Olean, NY 39236",(845) 970-7378,True,,0.84,53,sweep_v25,2026-06-06T04:42:54.814940,Target for Modern Trade template demo
National Roofing Co. of San Angelo,Roofing,San Angelo,TX,Texas,"2756 Monroe Ave, San Angelo, TX 18709",(806) 325-2836,False,,0.91,100,sweep_v25,2026-06-06T04:42:54.814982,Target for Modern Trade template demo
AA Tonawanda HVAC,HVAC,Tonawanda,NY,New York,"364 Hill St, Tonawanda, NY 59418",(914) 457-9995,False,,0.75,93,sweep_v25,2026-06-06T04:42:54.815024,Target for Modern Trade template demo
Climate Air Conditioning of Odessa,HVAC,Odessa,TX,Texas,"9677 1st Ave, Odessa, TX 36005",(915) 651-7406,False,,0.82,86,sweep_v25,2026-06-06T04:42:54.815068,Target for Modern Trade template demo
Piazza Peoria Steakhouse,Restaurant,Peoria,AZ,Arizona,"457 Main St, Peoria, AZ 35654",(602) 717-2570,False,,0.85,93,sweep_v25,2026-06-06T04:42:54.815110,Target for Elegant Food template demo
King's Steakhouse,Restaurant,Benbrook,TX,Texas,"3964 School St, Benbrook, TX 48387",(940) 962-4498,True,,0.8,42,sweep_v25,2026-06-06T04:42:54.815153,Target for Elegant Food template demo
Family Grand Prairie Exteriors,Roofing,Grand Prairie,TX,Texas,"1775 Oak Ave, Grand Prairie, TX 71529",(254) 866-7559,False,,0.76,100,sweep_v25,2026-06-06T04:42:54.815215,Target for Modern Trade template demo
West Waco BBQ & Grill,Restaurant,Waco,TX,Texas,"6434 Main St, Waco, TX 12820",(214) 893-7378,False,,0.89,82,sweep_v25,2026-06-06T04:42:54.815267,Target for Elegant Food template demo
Integrity Cedar Hill Roof & Gutter,Roofing,Cedar Hill,TX,Texas,"7366 Business Park Dr, Cedar Hill, TX 79864",(940) 701-1598,True,,0.6,59,sweep_v25,2026-06-06T04:42:54.815310,Target for Modern Trade template demo
Blue Cottonwood Roofing & Remodeling,Roofing,Cottonwood,AZ,Arizona,"5562 Franklin St, Cottonwood, AZ 14470",(602) 349-1092,True,,0.66,58,sweep_v25,2026-06-06T04:42:54.815352,Target for Modern Trade template demo
King Goodyear Climate Control,HVAC,Goodyear,AZ,Arizona,"3354 Cedar Ln, Goodyear, AZ 24728",(623) 853-8801,True,,0.9,55,sweep_v25,2026-06-06T04:42:54.815397,Target for Modern Trade template demo
West Beaumont Italian Kitchen,Restaurant,Beaumont,TX,Texas,"4343 Hill St, Beaumont, TX 89770",(940) 772-3035,True,,0.86,51,sweep_v25,2026-06-06T04:42:54.815439,Target for Elegant Food template demo
Valley Air Systems of Eloy,HVAC,Eloy,AZ,Arizona,"2077 Jefferson Dr, Eloy, AZ 24962",(623) 911-8297,False,,0.9,85,sweep_v25,2026-06-06T04:42:54.815480,Target for Modern Trade template demo
Metal Baytown Metal Roofing,Roofing,Baytown,TX,Texas,"3012 Water St, Baytown, TX 43493",(254) 794-3513,True,,0.87,58,sweep_v25,2026-06-06T04:42:54.815524,Target for Modern Trade template demo
Pacific Lockport AC & Heating,HVAC,Lockport,NY,New York,"4846 2nd St, Lockport, NY 34318",(718) 540-7403,True,,0.82,56,sweep_v25,2026-06-06T04:42:54.815566,Target for Modern Trade template demo
Olive Mexican Grill,Restaurant,Poughkeepsie,NY,New York,"8216 Enterprise Rd, Poughkeepsie, NY 18179",(518) 944-8418,True,,0.65,48,sweep_v25,2026-06-06T04:42:54.815608,Target for Elegant Food template demo
First Amarillo Pizzeria,Restaurant,Amarillo,TX,Texas,"8279 Lincoln Ave, Amarillo, TX 65330",(817) 494-6188,True,,0.65,41,sweep_v25,2026-06-06T04:42:54.815649,Target for Elegant Food template demo
Cool HVAC Services of Phoenix,HVAC,Phoenix,AZ,Arizona,"3164 Hamilton Ave, Phoenix, AZ 39203",(928) 273-1960,False,,0.94,97,sweep_v25,2026-06-06T04:42:54.815691,Target for Modern Trade template demo
Grand Construction & Roofing of Kingman,Roofing,Kingman,AZ,Arizona,"814 Main St, Kingman, AZ 92418",(623) 500-3808,True,,0.74,48,sweep_v25,2026-06-06T04:42:54.815733,Target for Modern Trade template demo
Valley Home Improvements,Roofing,Douglas,AZ,Arizona,"1954 Enterprise Rd, Douglas, AZ 68003",(480) 555-5324,False,,0.84,89,sweep_v25,2026-06-06T04:42:54.815774,Target for Modern Trade template demo
Town Pearland Cooling & Heating,HVAC,Pearland,TX,Texas,"1016 Sunset Blvd, Pearland, TX 14652",(325) 803-7998,True,,0.64,46,sweep_v25,2026-06-06T04:42:54.815818,Target for Modern Trade template demo
Queen's Eloy Mexican Grill,Restaurant,Eloy,AZ,Arizona,"5014 Hill St, Eloy, AZ 96823",(928) 558-1402,True,,0.8,47,sweep_v25,2026-06-06T04:42:54.815859,Target for Elegant Food template demo
American Roofing Company of Tyler,Roofing,Tyler,TX,Texas,"6271 Cedar Ln, Tyler, TX 69954",(915) 241-3214,True,,0.69,58,sweep_v25,2026-06-06T04:42:54.815901,Target for Modern Trade template demo
Triple Massena Bakery & Cafe,Restaurant,Massena,NY,New York,"9277 1st Ave, Massena, NY 12661",(929) 917-3799,False,,0.79,88,sweep_v25,2026-06-06T04:42:54.815948,Target for Elegant Food template demo
Old Town El Mirage Bakery & Cafe,Restaurant,El Mirage,AZ,Arizona,"2486 Pine St, El Mirage, AZ 32707",(623) 228-4862,True,,0.63,51,sweep_v25,2026-06-06T04:42:54.815991,Target for Elegant Food template demo
Blue Roofing Co. of Hurst,Roofing,Hurst,TX,Texas,"1025 Jackson Blvd, Hurst, TX 85979",(817) 363-9944,False,,0.82,100,sweep_v25,2026-06-06T04:42:54.816032,Target for Modern Trade template demo
Pro HVAC Services of Wichita Falls,HVAC,Wichita Falls,TX,Texas,"9131 Hill St, Wichita Falls, TX 98705",(281) 562-8379,True,,0.65,45,sweep_v25,2026-06-06T04:42:54.816076,Target for Modern Trade template demo
Imperial Heating & Cooling,HVAC,Rensselaer,NY,New York,"5204 Highland Ave, Rensselaer, NY 96580",(631) 672-8732,True,,0.89,49,sweep_v25,2026-06-06T04:42:54.816119,Target for Modern Trade template demo
Empire Cooling Solutions of Fountain Hills,HVAC,Fountain Hills,AZ,Arizona,"1075 Highland Ave, Fountain Hills, AZ 77834",(520) 475-6319,True,,0.71,54,sweep_v25,2026-06-06T04:42:54.816161,Target for Modern Trade template demo
Lake Diner,Restaurant,Watervliet,NY,New York,"2904 1st Ave, Watervliet, NY 64812",(646) 527-1534,True,,0.81,44,sweep_v25,2026-06-06T04:42:54.816225,Target for Elegant Food template demo
Superior Metal Roofing,Roofing,San Marcos,TX,Texas,"9662 Highland Ave, San Marcos, TX 28609",(254) 980-9942,True,,0.7,59,sweep_v25,2026-06-06T04:42:54.816276,Target for Modern Trade template demo
Golden Air Conditioning & Heating,HVAC,Dallas,TX,Texas,"1345 Water St, Dallas, TX 91176",(713) 385-7339,True,,0.89,48,sweep_v25,2026-06-06T04:42:54.816319,Target for Modern Trade template demo
A Glendale Italian Kitchen,Restaurant,Glendale,AZ,Arizona,"7749 Spring St, Glendale, AZ 36230",(520) 497-6884,True,,0.83,40,sweep_v25,2026-06-06T04:42:54.816361,Target for Elegant Food template demo
Western Air Systems of Troy,HVAC,Troy,NY,New York,"1809 Center St, Troy, NY 49569",(585) 452-7508,True,,0.73,52,sweep_v25,2026-06-06T04:42:54.816403,Target for Modern Trade template demo
City Grapevine Air Systems,HVAC,Grapevine,TX,Texas,"1276 Center St, Grapevine, TX 84084",(713) 542-7837,False,,0.71,89,sweep_v25,2026-06-06T04:42:54.816445,Target for Modern Trade template demo
Universal Heating & Air of Syracuse,HVAC,Syracuse,NY,New York,"7571 Water St, Syracuse, NY 71025",(845) 942-2833,True,,0.76,54,sweep_v25,2026-06-06T04:42:54.816492,Target for Modern Trade template demo
Everest Roofing Co.,Roofing,Massena,NY,New York,"5503 Maple Dr, Massena, NY 68735",(845) 994-9998,True,,0.74,52,sweep_v25,2026-06-06T04:42:54.816545,Target for Modern Trade template demo
Golden Keller Steakhouse,Restaurant,Keller,TX,Texas,"5423 Technology Dr, Keller, TX 50657",(726) 902-8607,True,,0.75,47,sweep_v25,2026-06-06T04:42:54.816601,Target for Elegant Food template demo
Family Roofers of Oswego,Roofing,Oswego,NY,New York,"4646 Veterans Blvd, Oswego, NY 60225",(607) 665-7418,False,,0.83,96,sweep_v25,2026-06-06T04:42:54.816657,Target for Modern Trade template demo
Diamond AC & Heating of Lubbock,HVAC,Lubbock,TX,Texas,"1639 Highland Ave, Lubbock, TX 50869",(682) 739-3170,True,,0.69,55,sweep_v25,2026-06-06T04:42:54.817543,Target for Modern Trade template demo
Champion Home Improvements of Corning,Roofing,Corning,NY,New York,"3676 Washington Blvd, Corning, NY 48735",(716) 706-7792,True,,0.81,49,sweep_v25,2026-06-06T04:42:54.817618,Target for Modern Trade template demo
West Roofing Services of Euless,Roofing,Euless,TX,Texas,"7492 Sunset Blvd, Euless, TX 92272",(915) 960-2458,True,,0.8,57,sweep_v25,2026-06-06T04:42:54.817667,Target for Modern Trade template demo
Dura Wylie Roofing,Roofing,Wylie,TX,Texas,"6121 Industrial Blvd, Wylie, TX 82860",(432) 207-7706,False,,0.83,93,sweep_v25,2026-06-06T04:42:54.817711,Target for Modern Trade template demo
The Eatery,Restaurant,Tyler,TX,Texas,"1325 Business Park Dr, Tyler, TX 66561",(281) 825-8738,True,,0.83,42,sweep_v25,2026-06-06T04:42:54.817753,Target for Elegant Food template demo
Cactus Air & Heating of Laredo,HVAC,Laredo,TX,Texas,"877 Oak Ave, Laredo, TX 85214",(432) 387-1144,False,,0.82,93,sweep_v25,2026-06-06T04:42:54.817796,Target for Modern Trade template demo
Crown Kitchen,Restaurant,Laredo,TX,Texas,"3546 Business Park Dr, Laredo, TX 94718",(726) 521-1748,True,,0.67,46,sweep_v25,2026-06-06T04:42:54.817839,Target for Elegant Food template demo
AA Climate Control,HVAC,Albany,NY,New York,"5325 Industrial Blvd, Albany, NY 88770",(315) 383-9911,False,,0.87,96,sweep_v25,2026-06-06T04:42:54.817881,Target for Modern Trade template demo
Old Town Deli & Market,Restaurant,Richardson,TX,Texas,"8326 1st Ave, Richardson, TX 89930",(903) 856-1129,True,,0.8,52,sweep_v25,2026-06-06T04:42:54.817931,Target for Elegant Food template demo
Valley Climate Control of Norwich,HVAC,Norwich,NY,New York,"2980 Jefferson Dr, Norwich, NY 55946",(929) 224-3451,True,,0.74,44,sweep_v25,2026-06-06T04:42:54.817974,Target for Modern Trade template demo
La San Angelo Grille,Restaurant,San Angelo,TX,Texas,"9181 Madison Ave, San Angelo, TX 22185",(469) 673-2395,False,,0.83,88,sweep_v25,2026-06-06T04:42:54.818016,Target for Elegant Food template demo
Tower Roofing,Roofing,New Braunfels,TX,Texas,"7924 Broadway, New Braunfels, TX 67389",(817) 321-4373,False,,0.94,100,sweep_v25,2026-06-06T04:42:54.818061,Target for Modern Trade template demo
Veteran University Park Heating & Air,HVAC,University Park,TX,Texas,"5947 Innovation Blvd, University Park, TX 23722",(936) 678-6315,True,,0.68,48,sweep_v25,2026-06-06T04:42:54.818103,Target for Modern Trade template demo
Tough Rosenberg Roofing Co.,Roofing,Rosenberg,TX,Texas,"8293 Spring St, Rosenberg, TX 50645",(726) 589-9233,False,,0.74,98,sweep_v25,2026-06-06T04:42:54.818145,Target for Modern Trade template demo
King's Chandler Sushi Bar,Restaurant,Chandler,AZ,Arizona,"9804 Cedar Ln, Chandler, AZ 53955",(480) 552-1302,True,,0.69,38,sweep_v25,2026-06-06T04:42:54.818187,Target for Elegant Food template demo
Iron Roofing & Construction of Plano,Roofing,Plano,TX,Texas,"6627 Commerce St, Plano, TX 79602",(254) 429-3251,False,,0.9,95,sweep_v25,2026-06-06T04:42:54.818283,Target for Modern Trade template demo
State Edinburg Air Conditioning & Heating,HVAC,Edinburg,TX,Texas,"3710 State St, Edinburg, TX 79123",(214) 568-3101,False,,0.78,98,sweep_v25,2026-06-06T04:42:54.818331,Target for Modern Trade template demo
The Hudson Deli & Market,Restaurant,Hudson,NY,New York,"863 Jefferson Dr, Hudson, NY 33986",(607) 700-8966,True,,0.71,48,sweep_v25,2026-06-06T04:42:54.818376,Target for Elegant Food template demo
Fork & Mamaroneck Italian Kitchen,Restaurant,Mamaroneck,NY,New York,"5519 Monroe Ave, Mamaroneck, NY 20552",(607) 864-7639,True,,0.74,39,sweep_v25,2026-06-06T04:42:54.818419,Target for Elegant Food template demo
Southwest BBQ & Grill,Restaurant,Rochester,NY,New York,"528 Monroe Ave, Rochester, NY 93516",(607) 793-9711,True,,0.61,41,sweep_v25,2026-06-06T04:42:54.818461,Target for Elegant Food template demo
Advanced Buffalo Construction & Roofing,Roofing,Buffalo,NY,New York,"261 Highland Ave, Buffalo, NY 38802",(585) 715-7733,True,,0.78,55,sweep_v25,2026-06-06T04:42:54.818503,Target for Modern Trade template demo
Silver HVAC of Flagstaff,HVAC,Flagstaff,AZ,Arizona,"4390 State St, Flagstaff, AZ 54109",(520) 459-8247,True,,0.6,57,sweep_v25,2026-06-06T04:42:54.818547,Target for Modern Trade template demo
Southwest Kingston Air Conditioning & Heating,HVAC,Kingston,NY,New York,"8999 Hill St, Kingston, NY 47985",(212) 821-4109,False,,0.91,97,sweep_v25,2026-06-06T04:42:54.818589,Target for Modern Trade template demo
American Missouri City Roofers,Roofing,Missouri City,TX,Texas,"6758 Church St, Missouri City, TX 40205",(281) 580-2333,False,,0.82,97,sweep_v25,2026-06-06T04:42:54.818631,Target for Modern Trade template demo
Queen's Farmers Branch Pizzeria,Restaurant,Farmers Branch,TX,Texas,"879 Sunset Blvd, Farmers Branch, TX 11682",(817) 901-1055,True,,0.87,55,sweep_v25,2026-06-06T04:42:54.818674,Target for Elegant Food template demo
Elite Ithaca Cafe & Grill,Restaurant,Ithaca,NY,New York,"9976 Commerce St, Ithaca, NY 77795",(585) 522-2423,False,,0.86,84,sweep_v25,2026-06-06T04:42:54.818715,Target for Elegant Food template demo
Green Yuma Kitchen,Restaurant,Yuma,AZ,Arizona,"6541 Valley Blvd, Yuma, AZ 21488",(480) 764-8224,True,,0.67,42,sweep_v25,2026-06-06T04:42:54.818791,Target for Elegant Food template demo
Queen's Lewisville Pizza & Pasta,Restaurant,Lewisville,TX,Texas,"9979 River Rd, Lewisville, TX 95786",(956) 909-2395,False,,0.73,84,sweep_v25,2026-06-06T04:42:54.818837,Target for Elegant Food template demo
Fortress Exteriors,Roofing,Lancaster,TX,Texas,"134 3rd St, Lancaster, TX 15648",(409) 229-8605,False,,0.87,99,sweep_v25,2026-06-06T04:42:54.818880,Target for Modern Trade template demo
River Lackawanna Bistro & Bar,Restaurant,Lackawanna,NY,New York,"5360 Spring St, Lackawanna, NY 81239",(716) 315-9959,False,,0.81,80,sweep_v25,2026-06-06T04:42:54.818923,Target for Elegant Food template demo
High Desert Glen Cove Cooling Solutions,HVAC,Glen Cove,NY,New York,"8638 Highland Ave, Glen Cove, NY 73748",(929) 421-9803,False,,0.86,97,sweep_v25,2026-06-06T04:42:54.818969,Target for Modern Trade template demo
Silver Roofing Co. of Port Arthur,Roofing,Port Arthur,TX,Texas,"2774 Enterprise Rd, Port Arthur, TX 47181",(940) 963-2516,False,,0.75,91,sweep_v25,2026-06-06T04:42:54.819015,Target for Modern Trade template demo
Wild Huntsville Bistro & Bar,Restaurant,Huntsville,TX,Texas,"7502 Park Ave, Huntsville, TX 37499",(325) 736-8150,False,,0.9,87,sweep_v25,2026-06-06T04:42:54.819056,Target for Elegant Food template demo
Golden Roof Specialists of New Rochelle,Roofing,New Rochelle,NY,New York,"6333 Washington Blvd, New Rochelle, NY 24536",(347) 887-8363,True,,0.78,61,sweep_v25,2026-06-06T04:42:54.819099,Target for Modern Trade template demo
Smart Heating & Air of Payson,HVAC,Payson,AZ,Arizona,"1981 Enterprise Rd, Payson, AZ 20688",(928) 975-2507,False,,0.93,97,sweep_v25,2026-06-06T04:42:54.819141,Target for Modern Trade template demo
Arrow Johnstown Air Systems,HVAC,Johnstown,NY,New York,"2636 Lincoln Ave, Johnstown, NY 57253",(646) 459-7794,False,,0.83,89,sweep_v25,2026-06-06T04:42:54.819183,Target for Modern Trade template demo
Pioneer Maricopa Roofing & Construction,Roofing,Maricopa,AZ,Arizona,"3976 Business Park Dr, Maricopa, AZ 59047",(520) 667-6363,False,,0.74,95,sweep_v25,2026-06-06T04:42:54.819249,Target for Modern Trade template demo
Vista Construction & Roofing of Haverstraw,Roofing,Haverstraw,NY,New York,"5256 Oak Ave, Haverstraw, NY 94229",(315) 377-9614,False,,0.94,88,sweep_v25,2026-06-06T04:42:54.819294,Target for Modern Trade template demo
Old Diner,Restaurant,Buffalo,NY,New York,"3944 Water St, Buffalo, NY 86892",(315) 453-4958,True,,0.81,45,sweep_v25,2026-06-06T04:42:54.819349,Target for Elegant Food template demo
Master Roofing Solutions,Roofing,Casa Grande,AZ,Arizona,"156 Market St, Casa Grande, AZ 17118",(480) 507-3382,True,,0.67,61,sweep_v25,2026-06-06T04:42:54.819407,Target for Modern Trade template demo
Pride Roof Specialists of Glen Cove,Roofing,Glen Cove,NY,New York,"1829 1st Ave, Glen Cove, NY 78872",(518) 536-8265,False,,0.74,97,sweep_v25,2026-06-06T04:42:54.819463,Target for Modern Trade template demo
Traditions Italian Kitchen,Restaurant,Mesa,AZ,Arizona,"2984 Lincoln Ave, Mesa, AZ 48132",(623) 740-3430,False,,0.79,88,sweep_v25,2026-06-06T04:42:54.819510,Target for Elegant Food template demo
Queen's Italian Kitchen,Restaurant,Parker,AZ,Arizona,"9692 Washington Blvd, Parker, AZ 90377",(602) 945-7423,True,,0.84,38,sweep_v25,2026-06-06T04:42:54.819554,Target for Elegant Food template demo
Harvest Rye Pizza & Pasta,Restaurant,Rye,NY,New York,"5849 State St, Rye, NY 94445",(212) 677-2043,False,,0.72,82,sweep_v25,2026-06-06T04:42:54.819596,Target for Elegant Food template demo
Sunset Apache Junction Climate Control,HVAC,Apache Junction,AZ,Arizona,"5645 Enterprise Rd, Apache Junction, AZ 56653",(480) 873-7692,True,,0.85,54,sweep_v25,2026-06-06T04:42:54.819639,Target for Modern Trade template demo
Summit University Park Restaurant,Restaurant,University Park,TX,Texas,"3229 Lincoln Ave, University Park, TX 25558",(972) 711-7078,True,,0.71,49,sweep_v25,2026-06-06T04:42:54.819683,Target for Elegant Food template demo
La Pasadena Steakhouse,Restaurant,Pasadena,TX,Texas,"7455 State St, Pasadena, TX 96956",(817) 595-9947,True,,0.77,46,sweep_v25,2026-06-06T04:42:54.819726,Target for Elegant Food template demo
Elite Roofing Contractors,Roofing,Prescott,AZ,Arizona,"3529 Highland Ave, Prescott, AZ 60696",(602) 204-9540,False,,0.77,89,sweep_v25,2026-06-06T04:42:54.819768,Target for Modern Trade template demo
Economy Galveston Roofing & Remodeling,Roofing,Galveston,TX,Texas,"2429 Water St, Galveston, TX 63461",(214) 287-6076,True,,0.71,50,sweep_v25,2026-06-06T04:42:54.819811,Target for Modern Trade template demo
Noble Flagstaff Roofing Services,Roofing,Flagstaff,AZ,Arizona,"5389 Valley Blvd, Flagstaff, AZ 56069",(602) 948-1332,True,,0.81,58,sweep_v25,2026-06-06T04:42:54.819852,Target for Modern Trade template demo
Royal Big Spring Roof & Gutter,Roofing,Big Spring,TX,Texas,"3185 Pine St, Big Spring, TX 59300",(940) 897-6463,False,,0.86,95,sweep_v25,2026-06-06T04:42:54.819894,Target for Modern Trade template demo
Town Heating & Cooling of Fort Worth,HVAC,Fort Worth,TX,Texas,"7413 School St, Fort Worth, TX 89260",(469) 814-1480,False,,0.74,98,sweep_v25,2026-06-06T04:42:54.819942,Target for Modern Trade template demo
Lone Star Cottonwood Mexican Grill,Restaurant,Cottonwood,AZ,Arizona,"9413 Highland Ave, Cottonwood, AZ 15733",(602) 719-2918,False,,0.71,85,sweep_v25,2026-06-06T04:42:54.819984,Target for Elegant Food template demo
Prime Air Conditioning & Heating,HVAC,Maricopa,AZ,Arizona,"8176 Lincoln Ave, Maricopa, AZ 92356",(480) 237-7965,True,,0.79,54,sweep_v25,2026-06-06T04:42:54.820025,Target for Modern Trade template demo
Silver Roofing Co.,Roofing,Plattsburgh,NY,New York,"5931 3rd St, Plattsburgh, NY 76202",(646) 613-4262,False,,0.8,100,sweep_v25,2026-06-06T04:42:54.820069,Target for Modern Trade template demo
Crown Climate Control,HVAC,Schenectady,NY,New York,"1726 1st Ave, Schenectady, NY 70649",(585) 468-2113,False,,0.83,96,sweep_v25,2026-06-06T04:42:54.820110,Target for Modern Trade template demo
A1 Air & Heating,HVAC,Corpus Christi,TX,Texas,"4124 River Rd, Corpus Christi, TX 10992",(361) 460-6135,False,,0.7,98,sweep_v25,2026-06-06T04:42:54.820152,Target for Modern Trade template demo
Heritage HVAC of North Richland Hills,HVAC,North Richland Hills,TX,Texas,"6042 Sunset Blvd, North Richland Hills, TX 89423",(713) 882-1838,False,,0.88,93,sweep_v25,2026-06-06T04:42:54.820216,Target for Modern Trade template demo
Crown Heating & Cooling of Yonkers,HVAC,Yonkers,NY,New York,"9945 Washington Blvd, Yonkers, NY 22665",(631) 399-8065,True,,0.66,48,sweep_v25,2026-06-06T04:42:54.820267,Target for Modern Trade template demo
Victory Home Improvements of Richardson,Roofing,Richardson,TX,Texas,"8339 Oak Ave, Richardson, TX 68004",(214) 527-4403,False,,0.88,94,sweep_v25,2026-06-06T04:42:54.820310,Target for Modern Trade template demo
Total Air & Heating of Buffalo,HVAC,Buffalo,NY,New York,"1796 Lake Dr, Buffalo, NY 35206",(631) 558-3218,True,,0.65,47,sweep_v25,2026-06-06T04:42:54.820355,Target for Modern Trade template demo
Midtown Restaurant,Restaurant,Rosenberg,TX,Texas,"3208 2nd St, Rosenberg, TX 59000",(361) 324-5218,True,,0.76,49,sweep_v25,2026-06-06T04:42:54.820400,Target for Elegant Food template demo
Atlas Roofing Contractors of Victoria,Roofing,Victoria,TX,Texas,"4182 Highland Ave, Victoria, TX 57318",(940) 648-2412,False,,0.71,100,sweep_v25,2026-06-06T04:42:54.820442,Target for Modern Trade template demo
Green Temple AC & Heating,HVAC,Temple,TX,Texas,"539 Innovation Blvd, Temple, TX 72187",(956) 861-8797,False,,0.93,96,sweep_v25,2026-06-06T04:42:54.820484,Target for Modern Trade template demo
Five Pizzeria,Restaurant,Sierra Vista,AZ,Arizona,"2499 Hill St, Sierra Vista, AZ 98776",(623) 390-8968,True,,0.66,40,sweep_v25,2026-06-06T04:42:54.820526,Target for Elegant Food template demo
Total Prescott Air & Heating,HVAC,Prescott,AZ,Arizona,"7241 Technology Dr, Prescott, AZ 59028",(928) 837-2602,True,,0.71,49,sweep_v25,2026-06-06T04:42:54.820568,Target for Modern Trade template demo
A1 Avondale Roof Specialists,Roofing,Avondale,AZ,Arizona,"9732 Madison Ave, Avondale, AZ 37319",(602) 515-3668,True,,0.82,53,sweep_v25,2026-06-06T04:42:54.820610,Target for Modern Trade template demo
National Roofing Co. of Yonkers,Roofing,Yonkers,NY,New York,"371 School St, Yonkers, NY 62650",(917) 535-9639,False,,0.87,88,sweep_v25,2026-06-06T04:42:54.820652,Target for Modern Trade template demo
ABC Galveston Heating & Cooling,HVAC,Galveston,TX,Texas,"7294 Franklin St, Galveston, TX 59097",(254) 799-4650,False,,0.88,87,sweep_v25,2026-06-06T04:42:54.820693,Target for Modern Trade template demo
One Hour Air & Heating of Parker,HVAC,Parker,AZ,Arizona,"8757 Valley Blvd, Parker, AZ 89125",(520) 295-8466,True,,0.68,43,sweep_v25,2026-06-06T04:42:54.820734,Target for Modern Trade template demo
Pioneer Air & Heating of Surprise,HVAC,Surprise,AZ,Arizona,"863 Highland Ave, Surprise, AZ 63358",(520) 957-3469,True,,0.61,45,sweep_v25,2026-06-06T04:42:54.820776,Target for Modern Trade template demo
Casa Texas City Taqueria,Restaurant,Texas City,TX,Texas,"6131 Elm St, Texas City, TX 34382",(979) 285-9117,True,,0.85,42,sweep_v25,2026-06-06T04:42:54.820819,Target for Elegant Food template demo
Blue The Colony Grille,Restaurant,The Colony,TX,Texas,"8907 Valley Blvd, The Colony, TX 98701",(409) 427-4220,True,,0.77,43,sweep_v25,2026-06-06T04:42:54.820860,Target for Elegant Food template demo
Economy Metal Roofing,Roofing,San Luis,AZ,Arizona,"1926 Commerce St, San Luis, AZ 93970",(928) 396-7851,False,,0.72,100,sweep_v25,2026-06-06T04:42:54.820904,Target for Modern Trade template demo
Great Tempe Taqueria,Restaurant,Tempe,AZ,Arizona,"7810 Business Park Dr, Tempe, AZ 53706",(928) 627-7023,True,,0.88,40,sweep_v25,2026-06-06T04:42:54.820951,Target for Elegant Food template demo
El Eatery,Restaurant,Odessa,TX,Texas,"4653 Sunset Blvd, Odessa, TX 61734",(409) 424-6353,False,,0.81,84,sweep_v25,2026-06-06T04:42:54.820994,Target for Elegant Food template demo
State Bisbee Taqueria,Restaurant,Bisbee,AZ,Arizona,"5897 Maple Dr, Bisbee, AZ 97438",(480) 823-9989,False,,0.88,87,sweep_v25,2026-06-06T04:42:54.821035,Target for Elegant Food template demo
Lone Star Roofing Services of Prescott Valley,Roofing,Prescott Valley,AZ,Arizona,"637 State St, Prescott Valley, AZ 62745",(928) 502-7064,False,,0.86,94,sweep_v25,2026-06-06T04:42:54.821077,Target for Modern Trade template demo
Original Pizzeria,Restaurant,Mechanicville,NY,New York,"2303 State St, Mechanicville, NY 25270",(315) 481-7807,False,,0.89,85,sweep_v25,2026-06-06T04:42:54.821119,Target for Elegant Food template demo
Lone Star Roof & Gutter,Roofing,Mission,TX,Texas,"7491 Park Ave, Mission, TX 42472",(817) 853-4202,True,,0.79,61,sweep_v25,2026-06-06T04:42:54.821161,Target for Modern Trade template demo
Desert Roofing Services of Chino Valley,Roofing,Chino Valley,AZ,Arizona,"761 Park Ave, Chino Valley, AZ 40471",(520) 983-1983,False,,0.72,91,sweep_v25,2026-06-06T04:42:54.821226,Target for Modern Trade template demo
Valley HVAC Services of Amsterdam,HVAC,Amsterdam,NY,New York,"6656 Hill St, Amsterdam, NY 73531",(585) 559-6179,True,,0.86,44,sweep_v25,2026-06-06T04:42:54.821277,Target for Modern Trade template demo
National Huntsville Comfort Systems,HVAC,Huntsville,TX,Texas,"6823 3rd St, Huntsville, TX 51878",(409) 597-9063,True,,0.68,55,sweep_v25,2026-06-06T04:42:54.821321,Target for Modern Trade template demo
Home Abilene Heating & Cooling,HVAC,Abilene,TX,Texas,"2856 Center St, Abilene, TX 42193",(972) 786-1934,False,,0.91,94,sweep_v25,2026-06-06T04:42:54.821363,Target for Modern Trade template demo
Pro Air Systems of Page,HVAC,Page,AZ,Arizona,"7288 Pine St, Page, AZ 14017",(480) 419-6488,True,,0.68,45,sweep_v25,2026-06-06T04:42:54.821405,Target for Modern Trade template demo
Summit Edinburg Eatery,Restaurant,Edinburg,TX,Texas,"9914 Church St, Edinburg, TX 32944",(214) 730-4840,True,,0.64,45,sweep_v25,2026-06-06T04:42:54.821447,Target for Elegant Food template demo
Boss Cohoes Roofing Services,Roofing,Cohoes,NY,New York,"1003 Lake Dr, Cohoes, NY 34687",(347) 265-8190,True,,0.89,52,sweep_v25,2026-06-06T04:42:54.821489,Target for Modern Trade template demo
Clear Cooling & Heating of Rye,HVAC,Rye,NY,New York,"9113 Adams St, Rye, NY 76154",(914) 304-8257,False,,0.77,97,sweep_v25,2026-06-06T04:42:54.821531,Target for Modern Trade template demo
United Olean AC & Heating,HVAC,Olean,NY,New York,"3897 Market St, Olean, NY 75257",(718) 781-9693,False,,0.7,97,sweep_v25,2026-06-06T04:42:54.821574,Target for Modern Trade template demo
Station Ogdensburg Restaurant,Restaurant,Ogdensburg,NY,New York,"635 Sunset Blvd, Ogdensburg, NY 37947",(845) 858-9360,True,,0.65,50,sweep_v25,2026-06-06T04:42:54.821617,Target for Elegant Food template demo
Central Cooling Solutions of Mechanicville,HVAC,Mechanicville,NY,New York,"2722 Madison Ave, Mechanicville, NY 19677",(716) 931-1468,False,,0.78,84,sweep_v25,2026-06-06T04:42:54.821659,Target for Modern Trade template demo
Sunset Oro Valley Mexican Grill,Restaurant,Oro Valley,AZ,Arizona,"9813 Valley Blvd, Oro Valley, AZ 86562",(623) 982-7062,True,,0.77,50,sweep_v25,2026-06-06T04:42:54.821703,Target for Elegant Food template demo
Blue Rome Comfort Systems,HVAC,Rome,NY,New York,"7671 Pine St, Rome, NY 93618",(212) 519-8457,True,,0.7,53,sweep_v25,2026-06-06T04:42:54.821745,Target for Modern Trade template demo
Family Albany Exteriors,Roofing,Albany,NY,New York,"2332 Industrial Blvd, Albany, NY 21950",(347) 305-2476,True,,0.89,50,sweep_v25,2026-06-06T04:42:54.821787,Target for Modern Trade template demo
Johnson Heating & Cooling,HVAC,Southlake,TX,Texas,"3919 Jackson Blvd, Southlake, TX 68365",(830) 307-1441,False,,0.75,89,sweep_v25,2026-06-06T04:42:54.821828,Target for Modern Trade template demo
Sunset Mexican Grill,Restaurant,Big Spring,TX,Texas,"5378 Oak Ave, Big Spring, TX 82634",(903) 606-6123,False,,0.79,86,sweep_v25,2026-06-06T04:42:54.821870,Target for Elegant Food template demo
Norton Keller Climate Control,HVAC,Keller,TX,Texas,"2387 Commerce St, Keller, TX 86196",(409) 963-1719,False,,0.85,100,sweep_v25,2026-06-06T04:42:54.821912,Target for Modern Trade template demo
Paradise Little Elm Italian Kitchen,Restaurant,Little Elm,TX,Texas,"9139 Jefferson Dr, Little Elm, TX 79402",(903) 923-1770,True,,0.81,41,sweep_v25,2026-06-06T04:42:54.821957,Target for Elegant Food template demo
Service El Paso Air Systems,HVAC,El Paso,TX,Texas,"3330 Veterans Blvd, El Paso, TX 56338",(915) 391-2947,True,,0.77,60,sweep_v25,2026-06-06T04:42:54.821999,Target for Modern Trade template demo
Capital Roofing & Remodeling of Allen,Roofing,Allen,TX,Texas,"8564 Enterprise Rd, Allen, TX 25684",(281) 670-9566,True,,0.67,62,sweep_v25,2026-06-06T04:42:54.822041,Target for Modern Trade template demo
Crown Little Falls Steakhouse,Restaurant,Little Falls,NY,New York,"9234 Valley Blvd, Little Falls, NY 59327",(631) 279-4986,False,,0.9,77,sweep_v25,2026-06-06T04:42:54.822084,Target for Elegant Food template demo
Signature Home Improvements of North Tonawanda,Roofing,North Tonawanda,NY,New York,"3841 1st Ave, North Tonawanda, NY 30480",(631) 904-5812,True,,0.73,58,sweep_v25,2026-06-06T04:42:54.822127,Target for Modern Trade template demo
Precision Heating & Air,HVAC,College Station,TX,Texas,"239 Cedar Ln, College Station, TX 33685",(409) 674-3884,False,,0.92,96,sweep_v25,2026-06-06T04:42:54.822169,Target for Modern Trade template demo
Royal Dallas BBQ & Grill,Restaurant,Dallas,TX,Texas,"2383 Spring St, Dallas, TX 84874",(254) 924-5851,False,,0.93,88,sweep_v25,2026-06-06T04:42:54.822252,Target for Elegant Food template demo
Capital Chandler Temperature Control,HVAC,Chandler,AZ,Arizona,"9908 Business Park Dr, Chandler, AZ 26188",(602) 514-2619,False,,0.74,85,sweep_v25,2026-06-06T04:42:54.822302,Target for Modern Trade template demo
Olive Kitchen,Restaurant,Jamestown,NY,New York,"272 Madison Ave, Jamestown, NY 53925",(516) 270-8349,True,,0.9,49,sweep_v25,2026-06-06T04:42:54.822346,Target for Elegant Food template demo
Golden Heating & Cooling of Elmira,HVAC,Elmira,NY,New York,"9422 Broadway, Elmira, NY 78901",(718) 398-6148,False,,0.83,97,sweep_v25,2026-06-06T04:42:54.822388,Target for Modern Trade template demo
Gulf Climate Control,HVAC,Peoria,AZ,Arizona,"4642 River Rd, Peoria, AZ 64971",(928) 498-5015,True,,0.6,55,sweep_v25,2026-06-06T04:42:54.822430,Target for Modern Trade template demo
Clear Yuma HVAC,HVAC,Yuma,AZ,Arizona,"4419 Church St, Yuma, AZ 59963",(480) 768-3247,True,,0.82,51,sweep_v25,2026-06-06T04:42:54.822472,Target for Modern Trade template demo
Sunrise New York City Mechanical,HVAC,New York City,NY,New York,"4513 Lake Dr, New York City, NY 73643",(914) 424-5754,True,,0.85,50,sweep_v25,2026-06-06T04:42:54.822514,Target for Modern Trade template demo
West HVAC Services of Carrollton,HVAC,Carrollton,TX,Texas,"1127 Franklin St, Carrollton, TX 95612",(432) 626-3713,True,,0.65,58,sweep_v25,2026-06-06T04:42:54.822556,Target for Modern Trade template demo
Lone Star Steakhouse,Restaurant,Saratoga Springs,NY,New York,"8078 Valley Blvd, Saratoga Springs, NY 29890",(315) 902-2497,True,,0.82,44,sweep_v25,2026-06-06T04:42:54.822602,Target for Elegant Food template demo
Quality Troy Roofing & Construction,Roofing,Troy,NY,New York,"560 1st Ave, Troy, NY 98929",(347) 777-9372,False,,0.82,89,sweep_v25,2026-06-06T04:42:54.822644,Target for Modern Trade template demo
AA HVAC Services of Coppell,HVAC,Coppell,TX,Texas,"8220 School St, Coppell, TX 88161",(254) 720-5989,True,,0.75,55,sweep_v25,2026-06-06T04:42:54.822686,Target for Modern Trade template demo
Golden Service Experts of Hornell,HVAC,Hornell,NY,New York,"9766 School St, Hornell, NY 15535",(845) 714-4498,False,,0.7,93,sweep_v25,2026-06-06T04:42:54.822727,Target for Modern Trade template demo
Imperial AC & Heating of Pflugerville,HVAC,Pflugerville,TX,Texas,"3962 Church St, Pflugerville, TX 50852",(281) 217-7805,False,,0.87,98,sweep_v25,2026-06-06T04:42:54.822807,Target for Modern Trade template demo
Sunrise Heating & Air of Jamestown,HVAC,Jamestown,NY,New York,"5158 School St, Jamestown, NY 49341",(585) 429-6616,True,,0.74,50,sweep_v25,2026-06-06T04:42:54.822851,Target for Modern Trade template demo
Keystone Roofing of Hudson,Roofing,Hudson,NY,New York,"2889 Church St, Hudson, NY 49468",(631) 682-4864,False,,0.89,100,sweep_v25,2026-06-06T04:42:54.822895,Target for Modern Trade template demo
New White Plains Bistro & Bar,Restaurant,White Plains,NY,New York,"3817 Jackson Blvd, White Plains, NY 86121",(845) 777-7274,True,,0.6,37,sweep_v25,2026-06-06T04:42:54.822941,Target for Elegant Food template demo
Embers Mission Pizzeria,Restaurant,Mission,TX,Texas,"366 River Rd, Mission, TX 38213",(979) 611-9071,True,,0.66,54,sweep_v25,2026-06-06T04:42:54.822983,Target for Elegant Food template demo
Integrity Wickenburg Home Improvements,Roofing,Wickenburg,AZ,Arizona,"1883 Church St, Wickenburg, AZ 99004",(623) 363-9740,False,,0.84,89,sweep_v25,2026-06-06T04:42:54.823025,Target for Modern Trade template demo
Iron Holbrook Roofing & Remodeling,Roofing,Holbrook,AZ,Arizona,"7066 Valley Blvd, Holbrook, AZ 16164",(623) 446-9780,True,,0.6,57,sweep_v25,2026-06-06T04:42:54.823074,Target for Modern Trade template demo
Pride Roofing Services,Roofing,Pflugerville,TX,Texas,"3277 Technology Dr, Pflugerville, TX 10461",(325) 314-6929,False,,0.92,99,sweep_v25,2026-06-06T04:42:54.823130,Target for Modern Trade template demo
Home Conroe AC & Heating,HVAC,Conroe,TX,Texas,"3439 Innovation Blvd, Conroe, TX 17941",(956) 541-5879,True,,0.77,56,sweep_v25,2026-06-06T04:42:54.823186,Target for Modern Trade template demo
Valley Pearland Roofers,Roofing,Pearland,TX,Texas,"2081 Monroe Ave, Pearland, TX 33552",(210) 397-8486,False,,0.86,94,sweep_v25,2026-06-06T04:42:54.823271,Target for Modern Trade template demo
Total Kyle HVAC,HVAC,Kyle,TX,Texas,"5980 1st Ave, Kyle, TX 64690",(281) 837-7654,True,,0.75,51,sweep_v25,2026-06-06T04:42:54.823318,Target for Modern Trade template demo
Old Norwich Deli & Market,Restaurant,Norwich,NY,New York,"2088 Adams St, Norwich, NY 61571",(516) 597-8302,True,,0.88,40,sweep_v25,2026-06-06T04:42:54.823361,Target for Elegant Food template demo
Western Roofing Co.,Roofing,Apache Junction,AZ,Arizona,"9028 Commerce St, Apache Junction, AZ 83666",(480) 307-1517,False,,0.73,100,sweep_v25,2026-06-06T04:42:54.823407,Target for Modern Trade template demo
Advanced Exteriors,Roofing,Tonawanda,NY,New York,"4074 Jefferson Dr, Tonawanda, NY 67265",(347) 737-7724,True,,0.75,61,sweep_v25,2026-06-06T04:42:54.823449,Target for Modern Trade template demo
Port Coppell Cafe & Grill,Restaurant,Coppell,TX,Texas,"3000 Commerce St, Coppell, TX 58573",(806) 404-9856,True,,0.64,44,sweep_v25,2026-06-06T04:42:54.823492,Target for Elegant Food template demo
Absolute Roofing Co.,Roofing,White Plains,NY,New York,"1588 Lincoln Ave, White Plains, NY 62758",(585) 923-5503,False,,0.89,90,sweep_v25,2026-06-06T04:42:54.823534,Target for Modern Trade template demo
Southwest North Richland Hills Kitchen,Restaurant,North Richland Hills,TX,Texas,"333 School St, North Richland Hills, TX 11160",(281) 951-4871,False,,0.71,90,sweep_v25,2026-06-06T04:42:54.823579,Target for Elegant Food template demo
Wild Denton Eatery,Restaurant,Denton,TX,Texas,"963 Veterans Blvd, Denton, TX 32213",(940) 314-5829,False,,0.91,86,sweep_v25,2026-06-06T04:42:54.823620,Target for Elegant Food template demo
Integrity Roofing of Corpus Christi,Roofing,Corpus Christi,TX,Texas,"7252 Technology Dr, Corpus Christi, TX 73045",(936) 986-1073,False,,0.89,100,sweep_v25,2026-06-06T04:42:54.823663,Target for Modern Trade template demo
Central Mechanical of Bedford,HVAC,Bedford,TX,Texas,"4214 Washington Blvd, Bedford, TX 97640",(806) 639-4246,True,,0.8,54,sweep_v25,2026-06-06T04:42:54.823709,Target for Modern Trade template demo
Desert Casa Grande Service Experts,HVAC,Casa Grande,AZ,Arizona,"1304 Broadway, Casa Grande, AZ 72585",(623) 668-9801,False,,0.73,95,sweep_v25,2026-06-06T04:42:54.823751,Target for Modern Trade template demo
Vista Bistro & Bar,Restaurant,Fort Worth,TX,Texas,"187 River Rd, Fort Worth, TX 95361",(469) 777-5349,True,,0.8,43,sweep_v25,2026-06-06T04:42:54.823793,Target for Elegant Food template demo
Sunset Cafe & Grill,Restaurant,Clifton,AZ,Arizona,"5041 Jackson Blvd, Clifton, AZ 89275",(520) 414-2305,True,,0.71,45,sweep_v25,2026-06-06T04:42:54.823835,Target for Elegant Food template demo
White Del Rio Cooling & Heating,HVAC,Del Rio,TX,Texas,"7926 Valley Blvd, Del Rio, TX 47549",(903) 783-6859,True,,0.81,60,sweep_v25,2026-06-06T04:42:54.823876,Target for Modern Trade template demo
Southwest Air Conditioning & Heating,HVAC,Amarillo,TX,Texas,"2339 Spring St, Amarillo, TX 42035",(737) 774-3084,False,,0.88,88,sweep_v25,2026-06-06T04:42:54.823918,Target for Modern Trade template demo
Rescue Roofing Company,Roofing,Conroe,TX,Texas,"8176 Center St, Conroe, TX 57265",(936) 299-5378,False,,0.93,91,sweep_v25,2026-06-06T04:42:54.823965,Target for Modern Trade template demo
Heritage Allen Bakery & Cafe,Restaurant,Allen,TX,Texas,"2019 Enterprise Rd, Allen, TX 45490",(915) 213-4276,False,,0.72,94,sweep_v25,2026-06-06T04:42:54.824008,Target for Elegant Food template demo
Classic Roofing,Roofing,Paris,TX,Texas,"9366 Church St, Paris, TX 88947",(432) 814-3633,False,,0.75,100,sweep_v25,2026-06-06T04:42:54.824050,Target for Modern Trade template demo
Embers Italian Kitchen,Restaurant,Round Rock,TX,Texas,"2974 State St, Round Rock, TX 68696",(817) 365-6091,False,,0.76,95,sweep_v25,2026-06-06T04:42:54.824092,Target for Elegant Food template demo
Port Greenville Sushi Bar,Restaurant,Greenville,TX,Texas,"6901 Center St, Greenville, TX 37443",(512) 653-3391,True,,0.86,54,sweep_v25,2026-06-06T04:42:54.824133,Target for Elegant Food template demo
Victory Roofing Solutions of Little Elm,Roofing,Little Elm,TX,Texas,"6709 1st Ave, Little Elm, TX 53584",(737) 554-2434,False,,0.72,98,sweep_v25,2026-06-06T04:42:54.824175,Target for Modern Trade template demo
Salt Missouri City Italian Kitchen,Restaurant,Missouri City,TX,Texas,"664 Broadway, Missouri City, TX 15734",(830) 536-4998,True,,0.76,43,sweep_v25,2026-06-06T04:42:54.824240,Target for Elegant Food template demo
AAA Ogdensburg Roofing Co.,Roofing,Ogdensburg,NY,New York,"5181 Enterprise Rd, Ogdensburg, NY 43882",(585) 597-9682,True,,0.87,57,sweep_v25,2026-06-06T04:42:54.824286,Target for Modern Trade template demo
A1 Rome Metal Roofing,Roofing,Rome,NY,New York,"7839 Jefferson Dr, Rome, NY 72768",(845) 946-2878,True,,0.89,58,sweep_v25,2026-06-06T04:42:54.824331,Target for Modern Trade template demo
Theo's Sushi Bar,Restaurant,Mount Vernon,NY,New York,"736 River Rd, Mount Vernon, NY 33405",(718) 327-3398,True,,0.63,52,sweep_v25,2026-06-06T04:42:54.824373,Target for Elegant Food template demo
Lake Restaurant,Restaurant,Chino Valley,AZ,Arizona,"9438 Highland Ave, Chino Valley, AZ 55528",(928) 769-9650,True,,0.88,40,sweep_v25,2026-06-06T04:42:54.824415,Target for Elegant Food template demo
Expert Roofing Co.,Roofing,Middletown,NY,New York,"1523 Pine St, Middletown, NY 76485",(917) 908-4672,True,,0.81,54,sweep_v25,2026-06-06T04:42:54.824459,Target for Modern Trade template demo
West Mexican Grill,Restaurant,Schenectady,NY,New York,"8253 Hamilton Ave, Schenectady, NY 46951",(607) 545-4905,False,,0.87,77,sweep_v25,2026-06-06T04:42:54.824502,Target for Elegant Food template demo
Premier Rochester Climate Control,HVAC,Rochester,NY,New York,"7900 Jefferson Dr, Rochester, NY 52284",(212) 747-9430,False,,0.92,86,sweep_v25,2026-06-06T04:42:54.824544,Target for Modern Trade template demo
Shield Roofing Contractors,Roofing,Norwich,NY,New York,"4405 Pine St, Norwich, NY 87618",(518) 405-6073,False,,0.73,100,sweep_v25,2026-06-06T04:42:54.824586,Target for Modern Trade template demo
Boss Newburgh Roofing Solutions,Roofing,Newburgh,NY,New York,"5618 Maple Dr, Newburgh, NY 90271",(631) 490-3144,False,,0.8,92,sweep_v25,2026-06-06T04:42:54.824628,Target for Modern Trade template demo
Express Roofing Services of Scottsdale,Roofing,Scottsdale,AZ,Arizona,"7887 Park Ave, Scottsdale, AZ 98882",(480) 669-7511,True,,0.76,62,sweep_v25,2026-06-06T04:42:54.824669,Target for Modern Trade template demo
Highland Niagara Falls Grille,Restaurant,Niagara Falls,NY,New York,"6008 Technology Dr, Niagara Falls, NY 30495",(585) 235-8658,True,,0.69,51,sweep_v25,2026-06-06T04:42:54.824711,Target for Elegant Food template demo
American AC & Heating,HVAC,Brownsville,TX,Texas,"505 Commerce St, Brownsville, TX 85579",(806) 487-3007,True,,0.74,45,sweep_v25,2026-06-06T04:42:54.824753,Target for Modern Trade template demo
Capital Home Improvements,Roofing,Watertown,NY,New York,"6456 River Rd, Watertown, NY 51447",(845) 202-9568,True,,0.72,49,sweep_v25,2026-06-06T04:42:54.824794,Target for Modern Trade template demo
Blue Italian Kitchen,Restaurant,Prescott,AZ,Arizona,"687 1st Ave, Prescott, AZ 22901",(520) 655-8984,True,,0.75,42,sweep_v25,2026-06-06T04:42:54.824836,Target for Elegant Food template demo
Cactus Air & Heating,HVAC,Little Elm,TX,Texas,"5895 Main St, Little Elm, TX 61527",(726) 917-1497,True,,0.81,58,sweep_v25,2026-06-06T04:42:54.824879,Target for Modern Trade template demo
Supreme Shingle & Siding of Nogales,Roofing,Nogales,AZ,Arizona,"4828 Madison Ave, Nogales, AZ 21364",(623) 444-2822,True,,0.85,54,sweep_v25,2026-06-06T04:42:54.824922,Target for Modern Trade template demo
Great Salamanca Diner,Restaurant,Salamanca,NY,New York,"3135 Park Ave, Salamanca, NY 35922",(212) 680-8886,True,,0.88,37,sweep_v25,2026-06-06T04:42:54.824968,Target for Elegant Food template demo
Superior Cooling Solutions,HVAC,Euless,TX,Texas,"825 Elm St, Euless, TX 37128",(936) 958-3581,True,,0.69,57,sweep_v25,2026-06-06T04:42:54.825010,Target for Modern Trade template demo
River Carrollton Bistro & Bar,Restaurant,Carrollton,TX,Texas,"3619 Lincoln Ave, Carrollton, TX 92230",(737) 256-5301,True,,0.69,44,sweep_v25,2026-06-06T04:42:54.825052,Target for Elegant Food template demo
Island San Marcos Italian Kitchen,Restaurant,San Marcos,TX,Texas,"3479 Technology Dr, San Marcos, TX 40650",(940) 359-3986,False,,0.77,84,sweep_v25,2026-06-06T04:42:54.825094,Target for Elegant Food template demo
Tower Exteriors of Farmers Branch,Roofing,Farmers Branch,TX,Texas,"1651 Broadway, Farmers Branch, TX 60336",(210) 773-7031,True,,0.88,50,sweep_v25,2026-06-06T04:42:54.825136,Target for Modern Trade template demo
Eagle Bedford Roofing & Remodeling,Roofing,Bedford,TX,Texas,"9677 Maple Dr, Bedford, TX 26543",(903) 296-3310,False,,0.9,95,sweep_v25,2026-06-06T04:42:54.825178,Target for Modern Trade template demo
Harbor Harlingen Cafe & Grill,Restaurant,Harlingen,TX,Texas,"6045 Valley Blvd, Harlingen, TX 45593",(817) 913-6667,True,,0.84,41,sweep_v25,2026-06-06T04:42:54.825247,Target for Elegant Food template demo
Lake Oswego Bakery & Cafe,Restaurant,Oswego,NY,New York,"8433 Elm St, Oswego, NY 41700",(607) 633-1118,False,,0.88,87,sweep_v25,2026-06-06T04:42:54.825292,Target for Elegant Food template demo
Lone Star Air & Heating of Allen,HVAC,Allen,TX,Texas,"4346 Hill St, Allen, TX 72367",(726) 730-7216,True,,0.72,52,sweep_v25,2026-06-06T04:42:54.825337,Target for Modern Trade template demo
Silver HVAC Solutions of Grand Prairie,HVAC,Grand Prairie,TX,Texas,"3752 Technology Dr, Grand Prairie, TX 22403",(817) 621-6006,False,,0.75,91,sweep_v25,2026-06-06T04:42:54.825380,Target for Modern Trade template demo
All-Pro Air & Heating of DeSoto,HVAC,DeSoto,TX,Texas,"3188 Market St, DeSoto, TX 17205",(409) 500-1081,True,,0.77,49,sweep_v25,2026-06-06T04:42:54.825421,Target for Modern Trade template demo
American Mesquite HVAC Services,HVAC,Mesquite,TX,Texas,"2303 1st Ave, Mesquite, TX 92526",(325) 375-3800,True,,0.71,53,sweep_v25,2026-06-06T04:42:54.825463,Target for Modern Trade template demo
Total Home Improvements,Roofing,Paradise Valley,AZ,Arizona,"7151 Park Ave, Paradise Valley, AZ 25481",(623) 743-2563,True,,0.72,55,sweep_v25,2026-06-06T04:42:54.825505,Target for Modern Trade template demo
Five Georgetown Mexican Grill,Restaurant,Georgetown,TX,Texas,"6463 Franklin St, Georgetown, TX 97761",(469) 381-9067,False,,0.84,87,sweep_v25,2026-06-06T04:42:54.825547,Target for Elegant Food template demo
Silver Sushi Bar,Restaurant,Lancaster,TX,Texas,"7181 School St, Lancaster, TX 19341",(361) 246-7958,False,,0.94,83,sweep_v25,2026-06-06T04:42:54.825590,Target for Elegant Food template demo
Ridge Shingle & Siding of Sherman,Roofing,Sherman,TX,Texas,"3016 2nd St, Sherman, TX 48967",(214) 751-1018,False,,0.72,100,sweep_v25,2026-06-06T04:42:54.825632,Target for Modern Trade template demo
Family Lewisville Mechanical,HVAC,Lewisville,TX,Texas,"5830 Valley Blvd, Lewisville, TX 51097",(432) 450-5310,True,,0.82,52,sweep_v25,2026-06-06T04:42:54.825673,Target for Modern Trade template demo
Grand Bistro & Bar,Restaurant,Hurst,TX,Texas,"8164 School St, Hurst, TX 42783",(469) 789-1824,False,,0.81,92,sweep_v25,2026-06-06T04:42:54.825715,Target for Elegant Food template demo
United Comfort Systems,HVAC,Midland,TX,Texas,"5122 Innovation Blvd, Midland, TX 66692",(979) 323-7115,False,,0.76,99,sweep_v25,2026-06-06T04:42:54.825759,Target for Modern Trade template demo
Pro Florence Shingle & Siding,Roofing,Florence,AZ,Arizona,"4524 Technology Dr, Florence, AZ 59730",(520) 836-6411,True,,0.61,48,sweep_v25,2026-06-06T04:42:54.825801,Target for Modern Trade template demo
Union Utica Italian Kitchen,Restaurant,Utica,NY,New York,"8655 Pine St, Utica, NY 89430",(607) 513-4504,False,,0.9,87,sweep_v25,2026-06-06T04:42:54.825843,Target for Elegant Food template demo
Island Plattsburgh Diner,Restaurant,Plattsburgh,NY,New York,"2587 2nd St, Plattsburgh, NY 27730",(929) 229-2756,True,,0.64,37,sweep_v25,2026-06-06T04:42:54.825891,Target for Elegant Food template demo
Southwest Eatery,Restaurant,Casa Grande,AZ,Arizona,"4711 Maple Dr, Casa Grande, AZ 52231",(623) 954-1930,True,,0.89,53,sweep_v25,2026-06-06T04:42:54.825952,Target for Elegant Food template demo
Atlas Heating & Air,HVAC,New Rochelle,NY,New York,"6555 Franklin St, New Rochelle, NY 54554",(646) 474-4448,True,,0.72,54,sweep_v25,2026-06-06T04:42:54.826011,Target for Modern Trade template demo
King's Page Pizza & Pasta,Restaurant,Page,AZ,Arizona,"5125 Oak Ave, Page, AZ 35817",(928) 305-5655,True,,0.64,48,sweep_v25,2026-06-06T04:42:54.826068,Target for Elegant Food template demo
Pacific Roof Specialists,Roofing,Amsterdam,NY,New York,"271 1st Ave, Amsterdam, NY 78066",(212) 419-1518,True,,0.84,61,sweep_v25,2026-06-06T04:42:54.826124,Target for Modern Trade template demo
Midtown Diner,Restaurant,League City,TX,Texas,"574 Highland Ave, League City, TX 46419",(806) 637-8409,True,,0.61,53,sweep_v25,2026-06-06T04:42:54.826181,Target for Elegant Food template demo
JD Temperature Control of Scottsdale,HVAC,Scottsdale,AZ,Arizona,"3534 Technology Dr, Scottsdale, AZ 85295",(480) 305-8298,False,,0.74,92,sweep_v25,2026-06-06T04:42:54.826280,Target for Modern Trade template demo
Pinnacle Construction & Roofing of Huntsville,Roofing,Huntsville,TX,Texas,"2410 Lincoln Ave, Huntsville, TX 25979",(915) 452-4365,False,,0.71,93,sweep_v25,2026-06-06T04:42:54.826332,Target for Modern Trade template demo
Brick Conroe Steakhouse,Restaurant,Conroe,TX,Texas,"4298 Cedar Ln, Conroe, TX 49798",(972) 383-6827,True,,0.78,43,sweep_v25,2026-06-06T04:42:54.826376,Target for Elegant Food template demo
Arch Roofers of Show Low,Roofing,Show Low,AZ,Arizona,"1524 Lincoln Ave, Show Low, AZ 57955",(520) 257-7809,False,,0.71,88,sweep_v25,2026-06-06T04:42:54.826421,Target for Modern Trade template demo
Lone Star Rochester Roofers,Roofing,Rochester,NY,New York,"559 Elm St, Rochester, NY 56394",(716) 934-8919,True,,0.77,55,sweep_v25,2026-06-06T04:42:54.826463,Target for Modern Trade template demo
Payless Stephenville HVAC,HVAC,Stephenville,TX,Texas,"7542 Monroe Ave, Stephenville, TX 85247",(915) 879-7087,True,,0.86,56,sweep_v25,2026-06-06T04:42:54.826505,Target for Modern Trade template demo
Silver Corning BBQ & Grill,Restaurant,Corning,NY,New York,"8345 Church St, Corning, NY 55413",(607) 362-8226,False,,0.75,85,sweep_v25,2026-06-06T04:42:54.826547,Target for Elegant Food template demo
Highland Pizzeria,Restaurant,Burleson,TX,Texas,"5467 State St, Burleson, TX 39355",(972) 569-9019,False,,0.78,92,sweep_v25,2026-06-06T04:42:54.826589,Target for Elegant Food template demo
Tough Arlington Roofers,Roofing,Arlington,TX,Texas,"8276 Jackson Blvd, Arlington, TX 23237",(806) 885-5498,False,,0.93,98,sweep_v25,2026-06-06T04:42:54.826630,Target for Modern Trade template demo
Pro Metal Roofing,Roofing,Lubbock,TX,Texas,"6936 Business Park Dr, Lubbock, TX 88727",(979) 319-6196,False,,0.82,96,sweep_v25,2026-06-06T04:42:54.826672,Target for Modern Trade template demo
Market Grapevine Deli & Market,Restaurant,Grapevine,TX,Texas,"5535 Franklin St, Grapevine, TX 22311",(361) 306-3818,True,,0.68,48,sweep_v25,2026-06-06T04:42:54.826714,Target for Elegant Food template demo
Paradise New Braunfels Pizzeria,Restaurant,New Braunfels,TX,Texas,"5501 Lake Dr, New Braunfels, TX 84117",(682) 670-9315,False,,0.81,81,sweep_v25,2026-06-06T04:42:54.826794,Target for Elegant Food template demo
Precision Buckeye Mechanical,HVAC,Buckeye,AZ,Arizona,"988 Madison Ave, Buckeye, AZ 43823",(928) 338-5658,False,,0.77,93,sweep_v25,2026-06-06T04:42:54.826840,Target for Modern Trade template demo
Big Rye Exteriors,Roofing,Rye,NY,New York,"2918 Lake Dr, Rye, NY 64944",(516) 913-4826,False,,0.81,91,sweep_v25,2026-06-06T04:42:54.826882,Target for Modern Trade template demo
Lone Star Pizza & Pasta,Restaurant,Haltom City,TX,Texas,"8832 Valley Blvd, Haltom City, TX 18038",(210) 619-5692,True,,0.79,53,sweep_v25,2026-06-06T04:42:54.826929,Target for Elegant Food template demo
City Sugar Land Deli & Market,Restaurant,Sugar Land,TX,Texas,"1508 Highland Ave, Sugar Land, TX 49581",(409) 278-7904,True,,0.86,53,sweep_v25,2026-06-06T04:42:54.826971,Target for Elegant Food template demo
Five Star Service Experts of Newburgh,HVAC,Newburgh,NY,New York,"2379 River Rd, Newburgh, NY 30114",(315) 466-1405,False,,0.93,92,sweep_v25,2026-06-06T04:42:54.827013,Target for Modern Trade template demo
Rapid San Luis HVAC,HVAC,San Luis,AZ,Arizona,"3276 Cedar Ln, San Luis, AZ 23208",(480) 875-7022,True,,0.9,48,sweep_v25,2026-06-06T04:42:54.827059,Target for Modern Trade template demo
Arrow Temperature Control of Salamanca,HVAC,Salamanca,NY,New York,"1314 Highland Ave, Salamanca, NY 66020",(845) 561-1337,True,,0.87,43,sweep_v25,2026-06-06T04:42:54.827100,Target for Modern Trade template demo
City Paradise Valley HVAC Solutions,HVAC,Paradise Valley,AZ,Arizona,"9912 Elm St, Paradise Valley, AZ 57275",(602) 456-1504,True,,0.61,56,sweep_v25,2026-06-06T04:42:54.827142,Target for Modern Trade template demo
North Yuma Roofing Company,Roofing,Yuma,AZ,Arizona,"6736 Market St, Yuma, AZ 43590",(520) 756-9855,False,,0.88,91,sweep_v25,2026-06-06T04:42:54.827184,Target for Modern Trade template demo
Midtown Syracuse Diner,Restaurant,Syracuse,NY,New York,"6963 Washington Blvd, Syracuse, NY 58685",(347) 438-4613,True,,0.68,43,sweep_v25,2026-06-06T04:42:54.827254,Target for Elegant Food template demo
Sunset Kitchen,Restaurant,Austin,TX,Texas,"7633 Enterprise Rd, Austin, TX 94212",(806) 863-5638,False,,0.85,93,sweep_v25,2026-06-06T04:42:54.827299,Target for Elegant Food template demo
Bella Italian Kitchen,Restaurant,Elmira,NY,New York,"1673 Monroe Ave, Elmira, NY 53835",(585) 993-5732,True,,0.68,40,sweep_v25,2026-06-06T04:42:54.827343,Target for Elegant Food template demo
Sky Roofing,Roofing,Tolleson,AZ,Arizona,"262 Jackson Blvd, Tolleson, AZ 49430",(480) 268-8677,True,,0.83,52,sweep_v25,2026-06-06T04:42:54.827385,Target for Modern Trade template demo
Five Avondale Kitchen,Restaurant,Avondale,AZ,Arizona,"9850 Enterprise Rd, Avondale, AZ 50492",(602) 451-6866,True,,0.79,44,sweep_v25,2026-06-06T04:42:54.827427,Target for Elegant Food template demo
Theo's Pizzeria,Restaurant,Corpus Christi,TX,Texas,"1312 Lincoln Ave, Corpus Christi, TX 79984",(817) 905-4706,True,,0.64,55,sweep_v25,2026-06-06T04:42:54.827469,Target for Elegant Food template demo
Red Fort Worth Roofing & Construction,Roofing,Fort Worth,TX,Texas,"5176 Elm St, Fort Worth, TX 85531",(361) 683-5445,True,,0.8,63,sweep_v25,2026-06-06T04:42:54.827511,Target for Modern Trade template demo
One Hour Air & Heating of Fulton,HVAC,Fulton,NY,New York,"9053 Spring St, Fulton, NY 47851",(212) 449-9409,True,,0.81,53,sweep_v25,2026-06-06T04:42:54.827553,Target for Modern Trade template demo
Fork & Pharr Taqueria,Restaurant,Pharr,TX,Texas,"6455 Industrial Blvd, Pharr, TX 48239",(806) 920-4192,False,,0.85,85,sweep_v25,2026-06-06T04:42:54.827595,Target for Elegant Food template demo
National Ithaca Cooling Solutions,HVAC,Ithaca,NY,New York,"6185 Water St, Ithaca, NY 70102",(585) 917-5262,True,,0.69,47,sweep_v25,2026-06-06T04:42:54.827637,Target for Modern Trade template demo
Pine Newburgh Kitchen,Restaurant,Newburgh,NY,New York,"587 Main St, Newburgh, NY 87015",(716) 597-8631,True,,0.65,37,sweep_v25,2026-06-06T04:42:54.827681,Target for Elegant Food template demo
City Heating & Cooling of San Marcos,HVAC,San Marcos,TX,Texas,"7370 Valley Blvd, San Marcos, TX 73046",(726) 293-4238,False,,0.79,94,sweep_v25,2026-06-06T04:42:54.827724,Target for Modern Trade template demo
Diamond Hudson Service Experts,HVAC,Hudson,NY,New York,"7196 State St, Hudson, NY 43045",(845) 339-1646,False,,0.81,87,sweep_v25,2026-06-06T04:42:54.827766,Target for Modern Trade template demo
Blue Brownsville Exteriors,Roofing,Brownsville,TX,Texas,"369 Cedar Ln, Brownsville, TX 67825",(915) 287-3101,False,,0.71,92,sweep_v25,2026-06-06T04:42:54.827808,Target for Modern Trade template demo
Pro Richardson Climate Control,HVAC,Richardson,TX,Texas,"4608 Center St, Richardson, TX 39176",(936) 846-5171,True,,0.71,46,sweep_v25,2026-06-06T04:42:54.827850,Target for Modern Trade template demo
State Comfort Systems of Sherman,HVAC,Sherman,TX,Texas,"9146 River Rd, Sherman, TX 17911",(915) 389-7904,True,,0.89,49,sweep_v25,2026-06-06T04:42:54.827891,Target for Modern Trade template demo
Seven Brownsville Steakhouse,Restaurant,Brownsville,TX,Texas,"4162 Valley Blvd, Brownsville, TX 11466",(281) 691-2855,True,,0.77,55,sweep_v25,2026-06-06T04:42:54.827937,Target for Elegant Food template demo
Sky Harlingen Roofing Co.,Roofing,Harlingen,TX,Texas,"9069 Business Park Dr, Harlingen, TX 31545",(936) 788-2394,False,,0.79,100,sweep_v25,2026-06-06T04:42:54.827979,Target for Modern Trade template demo
Old Socorro Pizzeria,Restaurant,Socorro,TX,Texas,"1787 Spring St, Socorro, TX 86634",(254) 865-5801,False,,0.88,94,sweep_v25,2026-06-06T04:42:54.828021,Target for Elegant Food template demo
Royal Service Experts,HVAC,Waco,TX,Texas,"4749 Market St, Waco, TX 10282",(214) 421-1911,True,,0.83,55,sweep_v25,2026-06-06T04:42:54.828062,Target for Modern Trade template demo
A1 Air Systems,HVAC,Frisco,TX,Texas,"2983 Innovation Blvd, Frisco, TX 77061",(361) 752-2696,True,,0.62,57,sweep_v25,2026-06-06T04:42:54.828105,Target for Modern Trade template demo
Top Glens Falls Sushi Bar,Restaurant,Glens Falls,NY,New York,"8466 Industrial Blvd, Glens Falls, NY 91406",(929) 499-9310,True,,0.68,51,sweep_v25,2026-06-06T04:42:54.828147,Target for Elegant Food template demo
Top Home Improvements of DeSoto,Roofing,DeSoto,TX,Texas,"6647 Technology Dr, DeSoto, TX 16067",(409) 563-1867,True,,0.81,55,sweep_v25,2026-06-06T04:42:54.828189,Target for Modern Trade template demo
A Apache Junction Italian Kitchen,Restaurant,Apache Junction,AZ,Arizona,"8927 Lincoln Ave, Apache Junction, AZ 38864",(480) 529-8537,True,,0.82,41,sweep_v25,2026-06-06T04:42:54.828257,Target for Elegant Food template demo
State Heating & Cooling,HVAC,Glendale,AZ,Arizona,"9963 Industrial Blvd, Glendale, AZ 81149",(928) 463-8960,True,,0.71,49,sweep_v25,2026-06-06T04:42:54.828302,Target for Modern Trade template demo
Certified Roof & Gutter,Roofing,Nacogdoches,TX,Texas,"200 Church St, Nacogdoches, TX 44909",(432) 333-2376,False,,0.82,91,sweep_v25,2026-06-06T04:42:54.828344,Target for Modern Trade template demo
Integrity Tempe Mechanical,HVAC,Tempe,AZ,Arizona,"6916 Jefferson Dr, Tempe, AZ 62544",(480) 361-3738,False,,0.74,86,sweep_v25,2026-06-06T04:42:54.828388,Target for Modern Trade template demo
Triple Plano Pizzeria,Restaurant,Plano,TX,Texas,"7410 Water St, Plano, TX 80022",(325) 218-2892,True,,0.83,40,sweep_v25,2026-06-06T04:42:54.828429,Target for Elegant Food template demo
Rapid HVAC Solutions of Douglas,HVAC,Douglas,AZ,Arizona,"9752 Jefferson Dr, Douglas, AZ 69883",(520) 284-9409,True,,0.78,55,sweep_v25,2026-06-06T04:42:54.828471,Target for Modern Trade template demo
Metal Roofing Contractors of Abilene,Roofing,Abilene,TX,Texas,"7141 Market St, Abilene, TX 39443",(281) 593-1991,False,,0.95,100,sweep_v25,2026-06-06T04:42:54.828513,Target for Modern Trade template demo
Pioneer New Braunfels Heating & Cooling,HVAC,New Braunfels,TX,Texas,"6525 Cedar Ln, New Braunfels, TX 34351",(281) 646-1386,True,,0.67,47,sweep_v25,2026-06-06T04:42:54.828557,Target for Modern Trade template demo
King's Southlake Deli & Market,Restaurant,Southlake,TX,Texas,"8708 Elm St, Southlake, TX 68858",(726) 647-4735,False,,0.71,89,sweep_v25,2026-06-06T04:42:54.828599,Target for Elegant Food template demo
Bella Kyle Mexican Grill,Restaurant,Kyle,TX,Texas,"3271 Oak Ave, Kyle, TX 69429",(936) 445-8155,True,,0.76,54,sweep_v25,2026-06-06T04:42:54.828641,Target for Elegant Food template demo
Downtown Kitchen,Restaurant,Houston,TX,Texas,"5037 Pine St, Houston, TX 95804",(210) 974-1642,True,,0.84,50,sweep_v25,2026-06-06T04:42:54.828682,Target for Elegant Food template demo
Steadfast Safford Shingle & Siding,Roofing,Safford,AZ,Arizona,"4697 Jefferson Dr, Safford, AZ 50221",(520) 366-3023,False,,0.79,94,sweep_v25,2026-06-06T04:42:54.828724,Target for Modern Trade template demo
Guardian Exteriors of Hornell,Roofing,Hornell,NY,New York,"8682 Pine St, Hornell, NY 71463",(518) 327-7335,True,,0.86,50,sweep_v25,2026-06-06T04:42:54.828766,Target for Modern Trade template demo
Western Air Conditioning & Heating of Batavia,HVAC,Batavia,NY,New York,"3821 Innovation Blvd, Batavia, NY 83072",(347) 473-1813,True,,0.83,47,sweep_v25,2026-06-06T04:42:54.828808,Target for Modern Trade template demo
ABC Air Conditioning & Heating of Georgetown,HVAC,Georgetown,TX,Texas,"5317 Hamilton Ave, Georgetown, TX 24515",(361) 551-8733,True,,0.75,51,sweep_v25,2026-06-06T04:42:54.828849,Target for Modern Trade template demo
New Abilene BBQ & Grill,Restaurant,Abilene,TX,Texas,"2029 Jackson Blvd, Abilene, TX 25500",(325) 863-7157,False,,0.82,89,sweep_v25,2026-06-06T04:42:54.828891,Target for Elegant Food template demo
Imperial Air Conditioning of Texas City,HVAC,Texas City,TX,Texas,"253 Pine St, Texas City, TX 51734",(726) 632-4976,False,,0.92,100,sweep_v25,2026-06-06T04:42:54.828937,Target for Modern Trade template demo
Signature Roof & Gutter of North Richland Hills,Roofing,North Richland Hills,TX,Texas,"3358 Franklin St, North Richland Hills, TX 38832",(817) 289-9653,True,,0.77,62,sweep_v25,2026-06-06T04:42:54.828980,Target for Modern Trade template demo
United Air Conditioning & Heating of Haltom City,HVAC,Haltom City,TX,Texas,"261 Valley Blvd, Haltom City, TX 88388",(830) 276-5030,False,,0.94,95,sweep_v25,2026-06-06T04:42:54.829025,Target for Modern Trade template demo
First Climate Control,HVAC,Holbrook,AZ,Arizona,"713 Jefferson Dr, Holbrook, AZ 53763",(623) 443-4852,False,,0.8,92,sweep_v25,2026-06-06T04:42:54.829068,Target for Modern Trade template demo
Pro Parker Roofing & Remodeling,Roofing,Parker,AZ,Arizona,"5611 Lake Dr, Parker, AZ 76235",(520) 348-4401,False,,0.9,97,sweep_v25,2026-06-06T04:42:54.829109,Target for Modern Trade template demo
Total Denton HVAC Services,HVAC,Denton,TX,Texas,"9015 Technology Dr, Denton, TX 70579",(469) 480-3143,False,,0.82,87,sweep_v25,2026-06-06T04:42:54.829151,Target for Modern Trade template demo
Port Diner,Restaurant,Olean,NY,New York,"1766 School St, Olean, NY 53208",(646) 829-4585,False,,0.79,89,sweep_v25,2026-06-06T04:42:54.829192,Target for Elegant Food template demo
Port Cafe & Grill,Restaurant,Mesquite,TX,Texas,"2660 Valley Blvd, Mesquite, TX 60463",(361) 631-7825,False,,0.88,92,sweep_v25,2026-06-06T04:42:54.829261,Target for Elegant Food template demo
Red Pizzeria,Restaurant,Youngtown,AZ,Arizona,"6937 Franklin St, Youngtown, AZ 90025",(480) 468-5230,False,,0.71,81,sweep_v25,2026-06-06T04:42:54.829304,Target for Elegant Food template demo
Queen's El Paso Bistro & Bar,Restaurant,El Paso,TX,Texas,"7263 Business Park Dr, El Paso, TX 42215",(432) 397-6846,True,,0.67,49,sweep_v25,2026-06-06T04:42:54.829347,Target for Elegant Food template demo
Station Pizza & Pasta,Restaurant,Rensselaer,NY,New York,"7592 Spring St, Rensselaer, NY 25365",(607) 711-7858,True,,0.68,46,sweep_v25,2026-06-06T04:42:54.829393,Target for Elegant Food template demo
City Heating & Air,HVAC,Massena,NY,New York,"4092 Jefferson Dr, Massena, NY 43932",(347) 233-4913,False,,0.8,90,sweep_v25,2026-06-06T04:42:54.829437,Target for Modern Trade template demo
AA HVAC Solutions of Little Falls,HVAC,Little Falls,NY,New York,"8833 Commerce St, Little Falls, NY 57201",(929) 366-4479,False,,0.73,82,sweep_v25,2026-06-06T04:42:54.829484,Target for Modern Trade template demo
Central HVAC Services of Irving,HVAC,Irving,TX,Texas,"6627 School St, Irving, TX 58500",(972) 414-1247,False,,0.71,85,sweep_v25,2026-06-06T04:42:54.829539,Target for Modern Trade template demo
Prime AC & Heating,HVAC,Paris,TX,Texas,"8771 Jefferson Dr, Paris, TX 79487",(903) 295-7002,True,,0.77,54,sweep_v25,2026-06-06T04:42:54.829596,Target for Modern Trade template demo
Western Air Conditioning & Heating of Missouri City,HVAC,Missouri City,TX,Texas,"1777 Broadway, Missouri City, TX 17708",(210) 844-3143,True,,0.87,46,sweep_v25,2026-06-06T04:42:54.829649,Target for Modern Trade template demo
Five Star Temperature Control of Utica,HVAC,Utica,NY,New York,"563 Main St, Utica, NY 81942",(914) 576-7295,True,,0.66,54,sweep_v25,2026-06-06T04:42:54.829692,Target for Modern Trade template demo
Red Flower Mound Italian Kitchen,Restaurant,Flower Mound,TX,Texas,"4261 Commerce St, Flower Mound, TX 39668",(325) 561-7439,False,,0.91,91,sweep_v25,2026-06-06T04:42:54.829737,Target for Elegant Food template demo
Texas Arlington Air & Heating,HVAC,Arlington,TX,Texas,"1136 Spring St, Arlington, TX 20420",(432) 890-4693,False,,0.9,86,sweep_v25,2026-06-06T04:42:54.829780,Target for Modern Trade template demo
AAA Batavia Shingle & Siding,Roofing,Batavia,NY,New York,"6697 Industrial Blvd, Batavia, NY 17932",(845) 970-5785,True,,0.85,57,sweep_v25,2026-06-06T04:42:54.829822,Target for Modern Trade template demo
Smart Cooling Solutions of Victoria,HVAC,Victoria,TX,Texas,"5372 Church St, Victoria, TX 84464",(325) 221-3767,True,,0.66,54,sweep_v25,2026-06-06T04:42:54.829864,Target for Modern Trade template demo
Grand Taqueria,Restaurant,Johnstown,NY,New York,"8954 Broadway, Johnstown, NY 76300",(212) 414-8490,False,,0.94,80,sweep_v25,2026-06-06T04:42:54.829909,Target for Elegant Food template demo
Pro Cooling Solutions,HVAC,Mount Vernon,NY,New York,"5985 Cedar Ln, Mount Vernon, NY 51935",(929) 485-5994,True,,0.78,49,sweep_v25,2026-06-06T04:42:54.829955,Target for Modern Trade template demo
North San Antonio Roofing Solutions,Roofing,San Antonio,TX,Texas,"7632 Oak Ave, San Antonio, TX 76782",(903) 272-6515,True,,0.82,51,sweep_v25,2026-06-06T04:42:54.829997,Target for Modern Trade template demo
First Garland Metal Roofing,Roofing,Garland,TX,Texas,"9897 Technology Dr, Garland, TX 21999",(432) 716-9725,True,,0.64,52,sweep_v25,2026-06-06T04:42:54.830039,Target for Modern Trade template demo
Lifetime Home Improvements,Roofing,Greenville,TX,Texas,"9128 Madison Ave, Greenville, TX 85819",(281) 784-2507,False,,0.9,100,sweep_v25,2026-06-06T04:42:54.830082,Target for Modern Trade template demo
Rapid HVAC Services of Geneva,HVAC,Geneva,NY,New York,"4537 Pine St, Geneva, NY 76679",(607) 692-5159,True,,0.61,49,sweep_v25,2026-06-06T04:42:54.830124,Target for Modern Trade template demo
Diamond Cooling & Heating of Harlingen,HVAC,Harlingen,TX,Texas,"4928 Business Park Dr, Harlingen, TX 55295",(325) 664-8173,True,,0.78,45,sweep_v25,2026-06-06T04:42:54.830165,Target for Modern Trade template demo
Mountain HVAC Services of Sedona,HVAC,Sedona,AZ,Arizona,"1900 Cedar Ln, Sedona, AZ 66544",(928) 281-3253,True,,0.8,54,sweep_v25,2026-06-06T04:42:54.830243,Target for Modern Trade template demo
West Roofing Company,Roofing,Keller,TX,Texas,"5386 Oak Ave, Keller, TX 42494",(940) 539-5477,True,,0.89,54,sweep_v25,2026-06-06T04:42:54.830302,Target for Modern Trade template demo
River Goodyear Grille,Restaurant,Goodyear,AZ,Arizona,"9984 Main St, Goodyear, AZ 36122",(928) 767-2213,True,,0.62,44,sweep_v25,2026-06-06T04:42:54.830352,Target for Elegant Food template demo
Lake New York City Restaurant,Restaurant,New York City,NY,New York,"3551 Market St, New York City, NY 98658",(929) 948-9604,True,,0.9,48,sweep_v25,2026-06-06T04:42:54.830417,Target for Elegant Food template demo
Sky Roof Specialists of Gilbert,Roofing,Gilbert,AZ,Arizona,"3050 Veterans Blvd, Gilbert, AZ 61705",(602) 549-2803,True,,0.65,62,sweep_v25,2026-06-06T04:42:54.830475,Target for Modern Trade template demo
National Oneida Mechanical,HVAC,Oneida,NY,New York,"7760 Veterans Blvd, Oneida, NY 63727",(929) 345-3263,False,,0.73,82,sweep_v25,2026-06-06T04:42:54.830533,Target for Modern Trade template demo
Sky Roof Specialists of Temple,Roofing,Temple,TX,Texas,"7146 Enterprise Rd, Temple, TX 27398",(713) 748-4646,False,,0.86,98,sweep_v25,2026-06-06T04:42:54.830592,Target for Modern Trade template demo
Vista Diner,Restaurant,Wichita Falls,TX,Texas,"5298 Jackson Blvd, Wichita Falls, TX 74268",(281) 580-5469,True,,0.61,46,sweep_v25,2026-06-06T04:42:54.830649,Target for Elegant Food template demo
Valley Air & Heating of Greenville,HVAC,Greenville,TX,Texas,"1193 Business Park Dr, Greenville, TX 27379",(817) 282-3538,False,,0.88,94,sweep_v25,2026-06-06T04:42:54.830707,Target for Modern Trade template demo
Pro Air Systems,HVAC,Ilion,NY,New York,"4490 Highland Ave, Ilion, NY 88991",(518) 216-6720,True,,0.67,53,sweep_v25,2026-06-06T04:42:54.830811,Target for Modern Trade template demo
Capital Chandler Metal Roofing,Roofing,Chandler,AZ,Arizona,"2952 Elm St, Chandler, AZ 31506",(520) 890-8078,True,,0.61,59,sweep_v25,2026-06-06T04:42:54.830861,Target for Modern Trade template demo
Island Arlington Diner,Restaurant,Arlington,TX,Texas,"6546 Main St, Arlington, TX 76660",(512) 637-8185,False,,0.93,88,sweep_v25,2026-06-06T04:42:54.830904,Target for Elegant Food template demo
Everest Roofing & Remodeling of Kingston,Roofing,Kingston,NY,New York,"1891 Innovation Blvd, Kingston, NY 89406",(716) 343-6245,False,,0.9,100,sweep_v25,2026-06-06T04:42:54.830952,Target for Modern Trade template demo
Golden Exteriors of Coolidge,Roofing,Coolidge,AZ,Arizona,"2271 Commerce St, Coolidge, AZ 28473",(623) 426-7980,False,,0.88,98,sweep_v25,2026-06-06T04:42:54.831007,Target for Modern Trade template demo
Superior HVAC of Bullhead City,HVAC,Bullhead City,AZ,Arizona,"912 Hill St, Bullhead City, AZ 11106",(480) 215-8189,False,,0.89,87,sweep_v25,2026-06-06T04:42:54.831065,Target for Modern Trade template demo
Cool Temperature Control of Bryan,HVAC,Bryan,TX,Texas,"4020 Lincoln Ave, Bryan, TX 81248",(903) 735-2683,True,,0.69,48,sweep_v25,2026-06-06T04:42:54.831118,Target for Modern Trade template demo
Prime AC & Heating of Poughkeepsie,HVAC,Poughkeepsie,NY,New York,"9845 School St, Poughkeepsie, NY 51208",(845) 513-2957,True,,0.71,49,sweep_v25,2026-06-06T04:42:54.831172,Target for Modern Trade template demo
Central Climate Control,HVAC,Clifton,AZ,Arizona,"1478 Adams St, Clifton, AZ 22856",(480) 373-6649,False,,0.91,88,sweep_v25,2026-06-06T04:42:54.831257,Target for Modern Trade template demo
Seven Tonawanda Italian Kitchen,Restaurant,Tonawanda,NY,New York,"9581 Pine St, Tonawanda, NY 54488",(585) 664-9670,False,,0.92,77,sweep_v25,2026-06-06T04:42:54.831322,Target for Elegant Food template demo
Port Taqueria,Restaurant,Frisco,TX,Texas,"9524 School St, Frisco, TX 61223",(806) 329-7415,True,,0.83,48,sweep_v25,2026-06-06T04:42:54.831379,Target for Elegant Food template demo
Weather Roofing Contractors of Elmira,Roofing,Elmira,NY,New York,"4224 Veterans Blvd, Elmira, NY 94898",(914) 976-6751,False,,0.79,92,sweep_v25,2026-06-06T04:42:54.831440,Target for Modern Trade template demo
Elite Comfort Systems of Gilbert,HVAC,Gilbert,AZ,Arizona,"7710 Hamilton Ave, Gilbert, AZ 47923",(602) 341-8277,True,,0.78,51,sweep_v25,2026-06-06T04:42:54.831498,Target for Modern Trade template demo
Salt Italian Kitchen,Restaurant,Binghamton,NY,New York,"7283 Madison Ave, Binghamton, NY 83739",(646) 997-6718,True,,0.6,52,sweep_v25,2026-06-06T04:42:54.831558,Target for Elegant Food template demo
A1 Oswego Comfort Systems,HVAC,Oswego,NY,New York,"4828 Lake Dr, Oswego, NY 30709",(347) 619-7987,True,,0.83,55,sweep_v25,2026-06-06T04:42:54.831617,Target for Modern Trade template demo
House of Eatery,Restaurant,Stephenville,TX,Texas,"8850 Innovation Blvd, Stephenville, TX 25753",(806) 823-3578,True,,0.89,51,sweep_v25,2026-06-06T04:42:54.831676,Target for Elegant Food template demo
Central Socorro Roofing Solutions,Roofing,Socorro,TX,Texas,"3001 Valley Blvd, Socorro, TX 16036",(956) 307-5666,True,,0.88,59,sweep_v25,2026-06-06T04:42:54.831734,Target for Modern Trade template demo
Cactus Climate Control,HVAC,Prescott Valley,AZ,Arizona,"2889 Highland Ave, Prescott Valley, AZ 60044",(480) 777-5838,True,,0.76,57,sweep_v25,2026-06-06T04:42:54.831792,Target for Modern Trade template demo
Top Nogales BBQ & Grill,Restaurant,Nogales,AZ,Arizona,"5555 Main St, Nogales, AZ 39787",(480) 527-2973,True,,0.8,40,sweep_v25,2026-06-06T04:42:54.831847,Target for Elegant Food template demo
A1 Roofing Solutions of Wichita Falls,Roofing,Wichita Falls,TX,Texas,"2660 Valley Blvd, Wichita Falls, TX 56200",(254) 275-5819,False,,0.73,91,sweep_v25,2026-06-06T04:42:54.831902,Target for Modern Trade template demo
Valley Maricopa Steakhouse,Restaurant,Maricopa,AZ,Arizona,"919 Oak Ave, Maricopa, AZ 29707",(602) 747-6723,True,,0.85,43,sweep_v25,2026-06-06T04:42:54.831970,Target for Elegant Food template demo
Heritage Mesa Shingle & Siding,Roofing,Mesa,AZ,Arizona,"4757 2nd St, Mesa, AZ 34564",(520) 729-9287,False,,0.87,100,sweep_v25,2026-06-06T04:42:54.832027,Target for Modern Trade template demo
Frontier New York City Exteriors,Roofing,New York City,NY,New York,"7699 Highland Ave, New York City, NY 70426",(929) 566-7006,False,,0.9,98,sweep_v25,2026-06-06T04:42:54.832085,Target for Modern Trade template demo
White Mechanical,HVAC,Sugar Land,TX,Texas,"3814 Market St, Sugar Land, TX 68761",(512) 597-2529,False,,0.81,88,sweep_v25,2026-06-06T04:42:54.832148,Target for Modern Trade template demo
Express Cedar Park Roofing & Construction,Roofing,Cedar Park,TX,Texas,"462 Cedar Ln, Cedar Park, TX 41812",(915) 697-7261,False,,0.74,98,sweep_v25,2026-06-06T04:42:54.832244,Target for Modern Trade template demo
Classic Roofing,Roofing,Marana,AZ,Arizona,"2019 Monroe Ave, Marana, AZ 21079",(623) 640-9577,True,,0.69,49,sweep_v25,2026-06-06T04:42:54.832300,Target for Modern Trade template demo
Family Roofers of Beaumont,Roofing,Beaumont,TX,Texas,"2211 Business Park Dr, Beaumont, TX 87377",(915) 761-8475,True,,0.81,51,sweep_v25,2026-06-06T04:42:54.832349,Target for Modern Trade template demo
Universal Rosenberg HVAC Solutions,HVAC,Rosenberg,TX,Texas,"3039 Technology Dr, Rosenberg, TX 87201",(806) 204-8305,False,,0.92,90,sweep_v25,2026-06-06T04:42:54.832396,Target for Modern Trade template demo
Home Lackawanna Air & Heating,HVAC,Lackawanna,NY,New York,"777 Highland Ave, Lackawanna, NY 48575",(914) 345-7672,True,,0.74,51,sweep_v25,2026-06-06T04:42:54.832445,Target for Modern Trade template demo
Texas Exteriors,Roofing,Mount Vernon,NY,New York,"2348 Highland Ave, Mount Vernon, NY 79696",(315) 671-8232,True,,0.83,56,sweep_v25,2026-06-06T04:42:54.832495,Target for Modern Trade template demo
Norton Cohoes Air & Heating,HVAC,Cohoes,NY,New York,"1015 Church St, Cohoes, NY 38968",(585) 460-2180,False,,0.71,88,sweep_v25,2026-06-06T04:42:54.832542,Target for Modern Trade template demo
Big Roofing of Binghamton,Roofing,Binghamton,NY,New York,"1437 Market St, Binghamton, NY 35178",(347) 574-2042,False,,0.88,91,sweep_v25,2026-06-06T04:42:54.832589,Target for Modern Trade template demo
Lone Star Bistro & Bar,Restaurant,Paradise Valley,AZ,Arizona,"1741 Highland Ave, Paradise Valley, AZ 13843",(480) 214-9421,True,,0.72,50,sweep_v25,2026-06-06T04:42:54.832648,Target for Elegant Food template demo
Top Roofing Company,Roofing,Coppell,TX,Texas,"706 Elm St, Coppell, TX 41789",(469) 616-1252,False,,0.91,91,sweep_v25,2026-06-06T04:42:54.832708,Target for Modern Trade template demo
High Desert Cooling Solutions of Binghamton,HVAC,Binghamton,NY,New York,"1647 Monroe Ave, Binghamton, NY 41221",(212) 901-2118,True,,0.87,57,sweep_v25,2026-06-06T04:42:54.832756,Target for Modern Trade template demo
City Bedford BBQ & Grill,Restaurant,Bedford,TX,Texas,"1761 Center St, Bedford, TX 73182",(432) 228-1078,True,,0.63,55,sweep_v25,2026-06-06T04:42:54.832799,Target for Elegant Food template demo
New Air Systems,HVAC,Plattsburgh,NY,New York,"1378 Industrial Blvd, Plattsburgh, NY 44157",(585) 560-2368,False,,0.71,88,sweep_v25,2026-06-06T04:42:54.832841,Target for Modern Trade template demo
Superior Mechanicville Roofing Solutions,Roofing,Mechanicville,NY,New York,"8907 2nd St, Mechanicville, NY 82126",(518) 435-4117,True,,0.77,61,sweep_v25,2026-06-06T04:42:54.832883,Target for Modern Trade template demo
Tower Roofing of Duncanville,Roofing,Duncanville,TX,Texas,"5323 Broadway, Duncanville, TX 17771",(682) 571-9882,True,,0.88,61,sweep_v25,2026-06-06T04:42:54.832930,Target for Modern Trade template demo
Village Sedona Deli & Market,Restaurant,Sedona,AZ,Arizona,"5701 Pine St, Sedona, AZ 90754",(602) 222-9704,True,,0.83,45,sweep_v25,2026-06-06T04:42:54.832972,Target for Elegant Food template demo
Climate Temperature Control,HVAC,Nacogdoches,TX,Texas,"4750 Sunset Blvd, Nacogdoches, TX 92558",(214) 984-6617,False,,0.74,98,sweep_v25,2026-06-06T04:42:54.833025,Target for Modern Trade template demo
A1 HVAC Services,HVAC,Show Low,AZ,Arizona,"8293 Jackson Blvd, Show Low, AZ 42831",(623) 662-4990,True,,0.85,48,sweep_v25,2026-06-06T04:42:54.833081,Target for Modern Trade template demo
Western Temperature Control,HVAC,Kingman,AZ,Arizona,"7402 Spring St, Kingman, AZ 24539",(602) 666-5048,False,,0.91,97,sweep_v25,2026-06-06T04:42:54.833138,Target for Modern Trade template demo
Sky Round Rock Roofing & Remodeling,Roofing,Round Rock,TX,Texas,"1731 Pine St, Round Rock, TX 19121",(512) 251-1156,True,,0.85,64,sweep_v25,2026-06-06T04:42:54.833183,Target for Modern Trade template demo
Pride Roofing Company of Ilion,Roofing,Ilion,NY,New York,"1979 River Rd, Ilion, NY 93280",(585) 219-3766,False,,0.77,100,sweep_v25,2026-06-06T04:42:54.833259,Target for Modern Trade template demo
Downtown Italian Kitchen,Restaurant,Grand Prairie,TX,Texas,"3904 Maple Dr, Grand Prairie, TX 52627",(830) 535-3442,False,,0.93,80,sweep_v25,2026-06-06T04:42:54.833305,Target for Elegant Food template demo
Secure Roofing & Remodeling,Roofing,Dallas,TX,Texas,"716 Market St, Dallas, TX 88321",(972) 892-4278,True,,0.77,64,sweep_v25,2026-06-06T04:42:54.833349,Target for Modern Trade template demo
AAA Metal Roofing of Sedona,Roofing,Sedona,AZ,Arizona,"7536 2nd St, Sedona, AZ 35774",(602) 402-6261,True,,0.84,63,sweep_v25,2026-06-06T04:42:54.833391,Target for Modern Trade template demo
A1 Roof Specialists,Roofing,Mamaroneck,NY,New York,"6991 Elm St, Mamaroneck, NY 16338",(914) 221-9793,False,,0.82,88,sweep_v25,2026-06-06T04:42:54.833435,Target for Modern Trade template demo
Santa Fe Bullhead City Pizzeria,Restaurant,Bullhead City,AZ,Arizona,"3694 Pine St, Bullhead City, AZ 76270",(623) 962-3718,True,,0.88,46,sweep_v25,2026-06-06T04:42:54.833478,Target for Elegant Food template demo
Storm Youngtown Roofing & Construction,Roofing,Youngtown,AZ,Arizona,"9253 1st Ave, Youngtown, AZ 10487",(623) 712-4511,False,,0.94,95,sweep_v25,2026-06-06T04:42:54.833520,Target for Modern Trade template demo
Red Home Improvements of Grapevine,Roofing,Grapevine,TX,Texas,"2188 Hill St, Grapevine, TX 69883",(806) 724-1623,False,,0.72,98,sweep_v25,2026-06-06T04:42:54.833573,Target for Modern Trade template demo
Copper Garland Pizza & Pasta,Restaurant,Garland,TX,Texas,"7952 Franklin St, Garland, TX 53739",(956) 468-5991,True,,0.65,52,sweep_v25,2026-06-06T04:42:54.833632,Target for Elegant Food template demo
Prime HVAC Services of Oro Valley,HVAC,Oro Valley,AZ,Arizona,"7955 Oak Ave, Oro Valley, AZ 25096",(623) 728-4812,True,,0.7,51,sweep_v25,2026-06-06T04:42:54.833696,Target for Modern Trade template demo
City Port Arthur Steakhouse,Restaurant,Port Arthur,TX,Texas,"3127 Market St, Port Arthur, TX 41162",(361) 967-2834,True,,0.74,49,sweep_v25,2026-06-06T04:42:54.833767,Target for Elegant Food template demo
JD Winslow Service Experts,HVAC,Winslow,AZ,Arizona,"7573 Pine St, Winslow, AZ 22582",(602) 366-5925,False,,0.78,96,sweep_v25,2026-06-06T04:42:54.833834,Target for Modern Trade template demo
Central Comfort Systems of Tyler,HVAC,Tyler,TX,Texas,"3525 Industrial Blvd, Tyler, TX 31770",(214) 948-7706,True,,0.71,46,sweep_v25,2026-06-06T04:42:54.833901,Target for Modern Trade template demo
Dura Oneida Metal Roofing,Roofing,Oneida,NY,New York,"8039 Broadway, Oneida, NY 39676",(585) 729-8342,True,,0.85,57,sweep_v25,2026-06-06T04:42:54.833973,Target for Modern Trade template demo
Red Lockport Pizza & Pasta,Restaurant,Lockport,NY,New York,"7770 3rd St, Lockport, NY 15810",(914) 952-6831,False,,0.8,90,sweep_v25,2026-06-06T04:42:54.834043,Target for Elegant Food template demo
King Home Improvements of University Park,Roofing,University Park,TX,Texas,"2493 Church St, University Park, TX 85093",(409) 837-9802,True,,0.66,53,sweep_v25,2026-06-06T04:42:54.834111,Target for Modern Trade template demo
State Pizza & Pasta,Restaurant,Kingston,NY,New York,"5853 School St, Kingston, NY 49104",(315) 984-3133,False,,0.83,90,sweep_v25,2026-06-06T04:42:54.834178,Target for Elegant Food template demo
Harbor Fountain Hills Restaurant,Restaurant,Fountain Hills,AZ,Arizona,"4462 Monroe Ave, Fountain Hills, AZ 65832",(602) 276-4465,False,,0.84,78,sweep_v25,2026-06-06T04:42:54.834277,Target for Elegant Food template demo
Sunset College Station Sushi Bar,Restaurant,College Station,TX,Texas,"9653 Oak Ave, College Station, TX 70585",(713) 677-5835,True,,0.86,47,sweep_v25,2026-06-06T04:42:54.834346,Target for Elegant Food template demo
Mountain Grille,Restaurant,North Tonawanda,NY,New York,"1607 Pine St, North Tonawanda, NY 18289",(917) 871-8078,False,,0.72,92,sweep_v25,2026-06-06T04:42:54.834415,Target for Elegant Food template demo
Blue Roofing & Remodeling of Killeen,Roofing,Killeen,TX,Texas,"9629 Pine St, Killeen, TX 66832",(361) 229-2970,True,,0.89,65,sweep_v25,2026-06-06T04:42:54.834486,Target for Modern Trade template demo
Pine Batavia Sushi Bar,Restaurant,Batavia,NY,New York,"1413 3rd St, Batavia, NY 78165",(518) 964-9239,True,,0.81,44,sweep_v25,2026-06-06T04:42:54.834546,Target for Elegant Food template demo
Southwest Kitchen,Restaurant,Duncanville,TX,Texas,"9758 Business Park Dr, Duncanville, TX 21669",(830) 469-5707,False,,0.94,85,sweep_v25,2026-06-06T04:42:54.834604,Target for Elegant Food template demo
Pacific Roofing & Remodeling,Roofing,Laredo,TX,Texas,"9320 School St, Laredo, TX 71588",(713) 344-4118,False,,0.86,100,sweep_v25,2026-06-06T04:42:54.834661,Target for Modern Trade template demo
Old Town Bistro & Bar,Restaurant,McKinney,TX,Texas,"5632 Valley Blvd, McKinney, TX 47770",(469) 461-5925,False,,0.88,87,sweep_v25,2026-06-06T04:42:54.834723,Target for Elegant Food template demo
Payless HVAC Solutions of Marana,HVAC,Marana,AZ,Arizona,"2646 Commerce St, Marana, AZ 76923",(602) 755-2205,True,,0.88,56,sweep_v25,2026-06-06T04:42:54.834822,Target for Modern Trade template demo
Champion Exteriors,Roofing,Oro Valley,AZ,Arizona,"9440 Water St, Oro Valley, AZ 67618",(623) 323-3066,True,,0.79,56,sweep_v25,2026-06-06T04:42:54.834881,Target for Modern Trade template demo
Weather Construction & Roofing,Roofing,Salamanca,NY,New York,"5696 Industrial Blvd, Salamanca, NY 65502",(631) 238-5094,False,,0.82,95,sweep_v25,2026-06-06T04:42:54.834944,Target for Modern Trade template demo
Noble Saratoga Springs Roofing & Construction,Roofing,Saratoga Springs,NY,New York,"3710 Broadway, Saratoga Springs, NY 64108",(631) 947-2035,False,,0.86,88,sweep_v25,2026-06-06T04:42:54.834999,Target for Modern Trade template demo
Smart Heating & Air,HVAC,Farmers Branch,TX,Texas,"8048 Franklin St, Farmers Branch, TX 97337",(972) 457-2041,True,,0.89,51,sweep_v25,2026-06-06T04:42:54.835055,Target for Modern Trade template demo
Little Tolleson Bistro & Bar,Restaurant,Tolleson,AZ,Arizona,"9918 Spring St, Tolleson, AZ 22720",(520) 272-8687,True,,0.67,43,sweep_v25,2026-06-06T04:42:54.835118,Target for Elegant Food template demo
Central Texas City Shingle & Siding,Roofing,Texas City,TX,Texas,"3078 Lincoln Ave, Texas City, TX 33164",(972) 795-1409,False,,0.87,100,sweep_v25,2026-06-06T04:42:54.835176,Target for Modern Trade template demo
Main Grille,Restaurant,Oneida,NY,New York,"7995 Monroe Ave, Oneida, NY 97339",(917) 769-2079,False,,0.79,89,sweep_v25,2026-06-06T04:42:54.835271,Target for Elegant Food template demo
Norton Heating & Cooling,HVAC,Wickenburg,AZ,Arizona,"8873 Veterans Blvd, Wickenburg, AZ 60319",(480) 639-6791,True,,0.84,47,sweep_v25,2026-06-06T04:42:54.835333,Target for Modern Trade template demo
Elite McKinney Home Improvements,Roofing,McKinney,TX,Texas,"8132 Technology Dr, McKinney, TX 84855",(956) 204-3427,False,,0.77,96,sweep_v25,2026-06-06T04:42:54.835392,Target for Modern Trade template demo
Best Mechanical,HVAC,McKinney,TX,Texas,"490 Cedar Ln, McKinney, TX 86038",(956) 352-6305,False,,0.83,86,sweep_v25,2026-06-06T04:42:54.835450,Target for Modern Trade template demo
Integrity Roofing,Roofing,College Station,TX,Texas,"1658 Innovation Blvd, College Station, TX 62088",(469) 590-2835,True,,0.88,64,sweep_v25,2026-06-06T04:42:54.835513,Target for Modern Trade template demo
Superior Roofing Company,Roofing,Southlake,TX,Texas,"7787 Maple Dr, Southlake, TX 71576",(806) 628-1226,False,,0.73,96,sweep_v25,2026-06-06T04:42:54.835572,Target for Modern Trade template demo
Reliable Service Experts of Nogales,HVAC,Nogales,AZ,Arizona,"1243 River Rd, Nogales, AZ 57169",(602) 672-6643,False,,0.87,86,sweep_v25,2026-06-06T04:42:54.835629,Target for Modern Trade template demo
Keystone Roof & Gutter of Pharr,Roofing,Pharr,TX,Texas,"7535 Broadway, Pharr, TX 84046",(254) 207-4870,True,,0.69,53,sweep_v25,2026-06-06T04:42:54.835686,Target for Modern Trade template demo
Vista Mexican Grill,Restaurant,Galveston,TX,Texas,"457 School St, Galveston, TX 36976",(817) 451-3192,False,,0.84,83,sweep_v25,2026-06-06T04:42:54.835751,Target for Elegant Food template demo
Armor Roofing & Construction of Peoria,Roofing,Peoria,AZ,Arizona,"923 Spring St, Peoria, AZ 86215",(602) 854-2236,False,,0.71,92,sweep_v25,2026-06-06T04:42:54.835808,Target for Modern Trade template demo
Western Tempe Roofers,Roofing,Tempe,AZ,Arizona,"2752 1st Ave, Tempe, AZ 27475",(928) 683-2890,False,,0.76,96,sweep_v25,2026-06-06T04:42:54.835864,Target for Modern Trade template demo
Sky Shingle & Siding of Dunkirk,Roofing,Dunkirk,NY,New York,"9038 Hamilton Ave, Dunkirk, NY 57138",(516) 230-1764,True,,0.8,58,sweep_v25,2026-06-06T04:42:54.835920,Target for Modern Trade template demo
Spartan Air & Heating of Tolleson,HVAC,Tolleson,AZ,Arizona,"1836 Elm St, Tolleson, AZ 69855",(480) 802-7425,True,,0.76,54,sweep_v25,2026-06-06T04:42:54.835984,Target for Modern Trade template demo
Tower League City Roofing Services,Roofing,League City,TX,Texas,"6770 1st Ave, League City, TX 38266",(361) 351-3960,True,,0.74,50,sweep_v25,2026-06-06T04:42:54.836040,Target for Modern Trade template demo
Alpine Roofing Company,Roofing,Clifton,AZ,Arizona,"3967 Highland Ave, Clifton, AZ 30154",(602) 323-9504,True,,0.83,50,sweep_v25,2026-06-06T04:42:54.836097,Target for Modern Trade template demo
Service HVAC,HVAC,El Mirage,AZ,Arizona,"2865 Commerce St, El Mirage, AZ 97579",(520) 320-2977,True,,0.88,58,sweep_v25,2026-06-06T04:42:54.836154,Target for Modern Trade template demo
Royal Corning AC & Heating,HVAC,Corning,NY,New York,"6770 1st Ave, Corning, NY 70997",(929) 970-9447,False,,0.72,88,sweep_v25,2026-06-06T04:42:54.836246,Target for Modern Trade template demo
Five Star Home Improvements of Bryan,Roofing,Bryan,TX,Texas,"9429 3rd St, Bryan, TX 48391",(806) 844-4247,True,,0.74,58,sweep_v25,2026-06-06T04:42:54.836313,Target for Modern Trade template demo
Harbor Deli & Market,Restaurant,Paris,TX,Texas,"8198 Water St, Paris, TX 49824",(940) 671-8082,False,,0.72,92,sweep_v25,2026-06-06T04:42:54.836376,Target for Elegant Food template demo
Eagle Construction & Roofing of Payson,Roofing,Payson,AZ,Arizona,"2477 3rd St, Payson, AZ 60630",(928) 242-1740,False,,0.84,88,sweep_v25,2026-06-06T04:42:54.836434,Target for Modern Trade template demo
Signature Roofing Co.,Roofing,Kyle,TX,Texas,"8701 Center St, Kyle, TX 68085",(817) 909-2263,True,,0.81,53,sweep_v25,2026-06-06T04:42:54.836491,Target for Modern Trade template demo
Central Roofing Contractors of El Paso,Roofing,El Paso,TX,Texas,"1175 Innovation Blvd, El Paso, TX 68507",(325) 633-5831,False,,0.9,96,sweep_v25,2026-06-06T04:42:54.836549,Target for Modern Trade template demo
Classic Irving Roofing & Remodeling,Roofing,Irving,TX,Texas,"5602 Technology Dr, Irving, TX 59468",(281) 409-5821,False,,0.85,100,sweep_v25,2026-06-06T04:42:54.836610,Target for Modern Trade template demo
Harvest Restaurant,Restaurant,Holbrook,AZ,Arizona,"3432 Veterans Blvd, Holbrook, AZ 38806",(480) 256-9459,True,,0.87,44,sweep_v25,2026-06-06T04:42:54.836667,Target for Elegant Food template demo
Valley Watervliet Service Experts,HVAC,Watervliet,NY,New York,"8490 Madison Ave, Watervliet, NY 54695",(518) 815-5734,True,,0.8,53,sweep_v25,2026-06-06T04:42:54.836724,Target for Modern Trade template demo
Vista Fulton Roofing,Roofing,Fulton,NY,New York,"2464 Veterans Blvd, Fulton, NY 10933",(631) 388-5177,False,,0.71,95,sweep_v25,2026-06-06T04:42:54.836781,Target for Modern Trade template demo
Island Show Low Pizzeria,Restaurant,Show Low,AZ,Arizona,"5278 Pine St, Show Low, AZ 97515",(928) 751-6193,False,,0.87,89,sweep_v25,2026-06-06T04:42:54.836855,Target for Elegant Food template demo
Tri-State HVAC,HVAC,Garland,TX,Texas,"218 2nd St, Garland, TX 80145",(682) 501-7820,True,,0.83,60,sweep_v25,2026-06-06T04:42:54.836913,Target for Modern Trade template demo
Sunset San Antonio Air Systems,HVAC,San Antonio,TX,Texas,"7971 Technology Dr, San Antonio, TX 74513",(817) 533-9520,True,,0.61,51,sweep_v25,2026-06-06T04:42:54.836979,Target for Modern Trade template demo
Red Air Systems of Auburn,HVAC,Auburn,NY,New York,"1447 Madison Ave, Auburn, NY 16719",(929) 883-1573,True,,0.72,49,sweep_v25,2026-06-06T04:42:54.837038,Target for Modern Trade template demo
City Ilion Bistro & Bar,Restaurant,Ilion,NY,New York,"3934 Main St, Ilion, NY 19818",(716) 313-5635,True,,0.83,47,sweep_v25,2026-06-06T04:42:54.837095,Target for Elegant Food template demo
ABC Comfort Systems,HVAC,Mission,TX,Texas,"4892 Main St, Mission, TX 82785",(469) 623-9763,True,,0.87,50,sweep_v25,2026-06-06T04:42:54.837151,Target for Modern Trade template demo
Classic Metal Roofing,Roofing,Ithaca,NY,New York,"1797 Main St, Ithaca, NY 89871",(516) 901-6335,True,,0.74,60,sweep_v25,2026-06-06T04:42:54.837241,Target for Modern Trade template demo
Best Home Improvements,Roofing,Goodyear,AZ,Arizona,"9679 Oak Ave, Goodyear, AZ 69219",(520) 411-5423,True,,0.64,58,sweep_v25,2026-06-06T04:42:54.837306,Target for Modern Trade template demo
Phoenix Exteriors of Austin,Roofing,Austin,TX,Texas,"4992 Industrial Blvd, Austin, TX 90986",(409) 493-7497,False,,0.72,91,sweep_v25,2026-06-06T04:42:54.837369,Target for Modern Trade template demo
Famous Eatery,Restaurant,Pflugerville,TX,Texas,"4005 Lake Dr, Pflugerville, TX 81450",(361) 489-8905,True,,0.74,55,sweep_v25,2026-06-06T04:42:54.837426,Target for Elegant Food template demo
Santa Fe Glen Cove BBQ & Grill,Restaurant,Glen Cove,NY,New York,"7752 3rd St, Glen Cove, NY 50975",(646) 460-2558,False,,0.71,88,sweep_v25,2026-06-06T04:42:54.837484,Target for Elegant Food template demo
Pro Metal Roofing,Roofing,Edinburg,TX,Texas,"531 Spring St, Edinburg, TX 98235",(903) 292-4184,True,,0.74,59,sweep_v25,2026-06-06T04:42:54.837544,Target for Modern Trade template demo
All-Pro Air Conditioning & Heating of Beacon,HVAC,Beacon,NY,New York,"9733 Sunset Blvd, Beacon, NY 89891",(585) 737-8533,True,,0.74,45,sweep_v25,2026-06-06T04:42:54.837604,Target for Modern Trade template demo
Vista Metal Roofing,Roofing,Mesquite,TX,Texas,"3218 School St, Mesquite, TX 84855",(979) 313-6053,True,,0.65,53,sweep_v25,2026-06-06T04:42:54.837663,Target for Modern Trade template demo
Empire Benbrook Service Experts,HVAC,Benbrook,TX,Texas,"7451 State St, Benbrook, TX 80920",(210) 701-5223,True,,0.6,58,sweep_v25,2026-06-06T04:42:54.837719,Target for Modern Trade template demo
All-Pro Temperature Control,HVAC,Lancaster,TX,Texas,"1417 Monroe Ave, Lancaster, TX 11040",(830) 403-9579,True,,0.75,56,sweep_v25,2026-06-06T04:42:54.837777,Target for Modern Trade template demo
Pacific Heating & Cooling,HVAC,Glens Falls,NY,New York,"8750 Oak Ave, Glens Falls, NY 43024",(315) 537-5718,False,,0.91,91,sweep_v25,2026-06-06T04:42:54.837837,Target for Modern Trade template demo
Original Eatery,Restaurant,Yonkers,NY,New York,"1754 Elm St, Yonkers, NY 65679",(718) 655-5043,True,,0.87,38,sweep_v25,2026-06-06T04:42:54.837896,Target for Elegant Food template demo
Bella Geneva Deli & Market,Restaurant,Geneva,NY,New York,"5260 Maple Dr, Geneva, NY 57951",(716) 771-9226,True,,0.85,51,sweep_v25,2026-06-06T04:42:54.837963,Target for Elegant Food template demo
Classic El Mirage Roofing Co.,Roofing,El Mirage,AZ,Arizona,"5785 Church St, El Mirage, AZ 46174",(480) 723-3540,True,,0.7,49,sweep_v25,2026-06-06T04:42:54.838024,Target for Modern Trade template demo
Midtown Auburn Kitchen,Restaurant,Auburn,NY,New York,"6691 Industrial Blvd, Auburn, NY 64033",(845) 354-8268,True,,0.88,43,sweep_v25,2026-06-06T04:42:54.838080,Target for Elegant Food template demo
Central Heating & Air of Oneonta,HVAC,Oneonta,NY,New York,"7961 Maple Dr, Oneonta, NY 35545",(516) 853-3156,False,,0.9,94,sweep_v25,2026-06-06T04:42:54.838138,Target for Modern Trade template demo
Valley Safford Italian Kitchen,Restaurant,Safford,AZ,Arizona,"5064 Franklin St, Safford, AZ 51724",(623) 453-3649,False,,0.94,83,sweep_v25,2026-06-06T04:42:54.838235,Target for Elegant Food template demo
Service Temperature Control of San Angelo,HVAC,San Angelo,TX,Texas,"8447 Oak Ave, San Angelo, TX 82450",(915) 944-4065,True,,0.89,47,sweep_v25,2026-06-06T04:42:54.838302,Target for Modern Trade template demo
Mountain Taqueria,Restaurant,Kingman,AZ,Arizona,"3282 Veterans Blvd, Kingman, AZ 50876",(928) 290-7915,True,,0.77,42,sweep_v25,2026-06-06T04:42:54.838361,Target for Elegant Food template demo
Right Johnstown Roofing Solutions,Roofing,Johnstown,NY,New York,"1519 Adams St, Johnstown, NY 88612",(845) 532-9300,False,,0.78,88,sweep_v25,2026-06-06T04:42:54.838420,Target for Modern Trade template demo
Alpine Jamestown Roofers,Roofing,Jamestown,NY,New York,"9178 Spring St, Jamestown, NY 59637",(929) 729-1785,False,,0.77,98,sweep_v25,2026-06-06T04:42:54.838482,Target for Modern Trade template demo
Brick Albany Restaurant,Restaurant,Albany,NY,New York,"3822 Maple Dr, Albany, NY 56291",(212) 770-8354,True,,0.66,42,sweep_v25,2026-06-06T04:42:54.838540,Target for Elegant Food template demo
United Temperature Control of League City,HVAC,League City,TX,Texas,"2730 School St, League City, TX 70271",(830) 487-4233,False,,0.95,85,sweep_v25,2026-06-06T04:42:54.838600,Target for Modern Trade template demo
Champion Long Beach Roofing Contractors,Roofing,Long Beach,NY,New York,"8898 School St, Long Beach, NY 48537",(347) 868-4412,False,,0.79,100,sweep_v25,2026-06-06T04:42:54.838660,Target for Modern Trade template demo
Big Roofers of Buckeye,Roofing,Buckeye,AZ,Arizona,"7767 Cedar Ln, Buckeye, AZ 58532",(480) 959-1411,True,,0.63,52,sweep_v25,2026-06-06T04:42:54.838720,Target for Modern Trade template demo
Sun Saratoga Springs Air Conditioning & Heating,HVAC,Saratoga Springs,NY,New York,"5613 Main St, Saratoga Springs, NY 89300",(917) 587-5495,True,,0.75,52,sweep_v25,2026-06-06T04:42:54.838830,Target for Modern Trade template demo
Pioneer Air Conditioning & Heating of Flower Mound,HVAC,Flower Mound,TX,Texas,"5646 Water St, Flower Mound, TX 64137",(409) 315-5017,True,,0.78,51,sweep_v25,2026-06-06T04:42:54.838897,Target for Modern Trade template demo
North Star HVAC of Round Rock,HVAC,Round Rock,TX,Texas,"8145 Hamilton Ave, Round Rock, TX 24424",(214) 372-3306,True,,0.72,47,sweep_v25,2026-06-06T04:42:54.838964,Target for Modern Trade template demo
One Hour Temperature Control of Mamaroneck,HVAC,Mamaroneck,NY,New York,"609 Hamilton Ave, Mamaroneck, NY 80460",(631) 241-8553,True,,0.85,52,sweep_v25,2026-06-06T04:42:54.839026,Target for Modern Trade template demo
Norton Socorro Air Systems,HVAC,Socorro,TX,Texas,"4725 Hamilton Ave, Socorro, TX 30585",(956) 565-3861,False,,0.76,93,sweep_v25,2026-06-06T04:42:54.839086,Target for Modern Trade template demo
A1 Roofing & Remodeling,Roofing,Bullhead City,AZ,Arizona,"4745 Cedar Ln, Bullhead City, AZ 33676",(480) 276-9122,True,,0.75,53,sweep_v25,2026-06-06T04:42:54.839147,Target for Modern Trade template demo
Embers Italian Kitchen,Restaurant,Midland,TX,Texas,"2348 Madison Ave, Midland, TX 44664",(214) 552-9341,True,,0.63,50,sweep_v25,2026-06-06T04:42:54.839237,Target for Elegant Food template demo
Elite Roofing & Construction,Roofing,Midland,TX,Texas,"7964 Franklin St, Midland, TX 67335",(214) 551-6219,True,,0.77,60,sweep_v25,2026-06-06T04:42:54.839302,Target for Modern Trade template demo
Heritage Taqueria,Restaurant,Florence,AZ,Arizona,"9469 Franklin St, Florence, AZ 49009",(602) 820-6319,True,,0.87,47,sweep_v25,2026-06-06T04:42:54.839361,Target for Elegant Food template demo
Wild Phoenix Bakery & Cafe,Restaurant,Phoenix,AZ,Arizona,"4511 Lincoln Ave, Phoenix, AZ 41967",(928) 837-2273,False,,0.95,86,sweep_v25,2026-06-06T04:42:54.839420,Target for Elegant Food template demo
Dura Lackawanna Roofing Contractors,Roofing,Lackawanna,NY,New York,"5328 Technology Dr, Lackawanna, NY 88206",(845) 419-6532,True,,0.69,53,sweep_v25,2026-06-06T04:42:54.839485,Target for Modern Trade template demo
Piazza Irving Bistro & Bar,Restaurant,Irving,TX,Texas,"7937 River Rd, Irving, TX 18227",(737) 648-1999,True,,0.67,51,sweep_v25,2026-06-06T04:42:54.839546,Target for Elegant Food template demo
Silver Nacogdoches Grille,Restaurant,Nacogdoches,TX,Texas,"678 Highland Ave, Nacogdoches, TX 86313",(361) 375-5173,False,,0.71,84,sweep_v25,2026-06-06T04:42:54.839603,Target for Elegant Food template demo
Highland Winslow Taqueria,Restaurant,Winslow,AZ,Arizona,"5671 Business Park Dr, Winslow, AZ 59273",(602) 680-9720,False,,0.81,83,sweep_v25,2026-06-06T04:42:54.839659,Target for Elegant Food template demo
Guardian Roofing of Amarillo,Roofing,Amarillo,TX,Texas,"4761 1st Ave, Amarillo, TX 70751",(512) 328-2329,True,,0.89,63,sweep_v25,2026-06-06T04:42:54.839718,Target for Modern Trade template demo
Certified Roof Specialists of Frisco,Roofing,Frisco,TX,Texas,"8616 Pine St, Frisco, TX 26262",(903) 236-3679,True,,0.69,60,sweep_v25,2026-06-06T04:42:54.839778,Target for Modern Trade template demo
Casa Gilbert Eatery,Restaurant,Gilbert,AZ,Arizona,"6933 State St, Gilbert, AZ 84546",(520) 338-5583,False,,0.88,88,sweep_v25,2026-06-06T04:42:54.839837,Target for Elegant Food template demo
Sunrise Pharr Air Systems,HVAC,Pharr,TX,Texas,"1730 Valley Blvd, Pharr, TX 83771",(432) 701-2800,False,,0.76,93,sweep_v25,2026-06-06T04:42:54.839894,Target for Modern Trade template demo
Vista Sushi Bar,Restaurant,Lubbock,TX,Texas,"8646 Spring St, Lubbock, TX 23392",(432) 247-6267,False,,0.71,80,sweep_v25,2026-06-06T04:42:54.839961,Target for Elegant Food template demo
Lake Bryan Deli & Market,Restaurant,Bryan,TX,Texas,"4602 Valley Blvd, Bryan, TX 11544",(737) 421-2569,True,,0.88,53,sweep_v25,2026-06-06T04:42:54.840018,Target for Elegant Food template demo
American Roofing of Georgetown,Roofing,Georgetown,TX,Texas,"1638 Cedar Ln, Georgetown, TX 66098",(214) 441-6205,False,,0.91,92,sweep_v25,2026-06-06T04:42:54.840075,Target for Modern Trade template demo
Theo's San Luis Pizzeria,Restaurant,San Luis,AZ,Arizona,"7062 Lake Dr, San Luis, AZ 13364",(602) 226-7289,True,,0.84,53,sweep_v25,2026-06-06T04:42:54.840140,Target for Elegant Food template demo
Everest Auburn Roofing Solutions,Roofing,Auburn,NY,New York,"9262 1st Ave, Auburn, NY 77737",(845) 714-9466,True,,0.66,61,sweep_v25,2026-06-06T04:42:54.840232,Target for Modern Trade template demo
Station Deli & Market,Restaurant,Troy,NY,New York,"8210 Main St, Troy, NY 71185",(929) 406-7279,False,,0.82,91,sweep_v25,2026-06-06T04:42:54.840299,Target for Elegant Food template demo
North Star Austin Air & Heating,HVAC,Austin,TX,Texas,"875 Oak Ave, Austin, TX 51309",(817) 228-4868,True,,0.73,46,sweep_v25,2026-06-06T04:42:54.840363,Target for Modern Trade template demo
Town Hornell Eatery,Restaurant,Hornell,NY,New York,"9717 Water St, Hornell, NY 19820",(518) 225-2353,False,,0.76,86,sweep_v25,2026-06-06T04:42:54.840420,Target for Elegant Food template demo
Family Hutto HVAC Services,HVAC,Hutto,TX,Texas,"8613 State St, Hutto, TX 25472",(940) 240-8289,False,,0.75,93,sweep_v25,2026-06-06T04:42:54.840478,Target for Modern Trade template demo
National Air Conditioning & Heating of Avondale,HVAC,Avondale,AZ,Arizona,"6247 Church St, Avondale, AZ 55669",(602) 986-8002,True,,0.66,54,sweep_v25,2026-06-06T04:42:54.840537,Target for Modern Trade template demo
Sahara Heating & Air of Houston,HVAC,Houston,TX,Texas,"9601 3rd St, Houston, TX 25223",(713) 922-9248,True,,0.75,45,sweep_v25,2026-06-06T04:42:54.840595,Target for Modern Trade template demo
River Beacon Restaurant,Restaurant,Beacon,NY,New York,"7912 Jefferson Dr, Beacon, NY 78478",(929) 553-9432,False,,0.79,83,sweep_v25,2026-06-06T04:42:54.840655,Target for Elegant Food template demo
Pine Payson Pizzeria,Restaurant,Payson,AZ,Arizona,"7264 Sunset Blvd, Payson, AZ 86409",(520) 288-1136,True,,0.82,42,sweep_v25,2026-06-06T04:42:54.840713,Target for Elegant Food template demo
Right Roofing Solutions of Glens Falls,Roofing,Glens Falls,NY,New York,"5472 Commerce St, Glens Falls, NY 50633",(585) 851-1955,True,,0.76,60,sweep_v25,2026-06-06T04:42:54.840780,Target for Modern Trade template demo
Eagle Roofers of Odessa,Roofing,Odessa,TX,Texas,"3188 Washington Blvd, Odessa, TX 72709",(940) 900-5281,True,,0.61,50,sweep_v25,2026-06-06T04:42:54.840843,Target for Modern Trade template demo
Pinnacle Mechanical,HVAC,White Plains,NY,New York,"2752 Innovation Blvd, White Plains, NY 53960",(212) 833-8342,True,,0.84,47,sweep_v25,2026-06-06T04:42:54.840901,Target for Modern Trade template demo
Main DeSoto Cafe & Grill,Restaurant,DeSoto,TX,Texas,"1222 Commerce St, DeSoto, TX 22152",(817) 315-8185,True,,0.84,48,sweep_v25,2026-06-06T04:42:54.840967,Target for Elegant Food template demo
Sunset Air Conditioning & Heating of Watertown,HVAC,Watertown,NY,New York,"8923 Market St, Watertown, NY 30817",(315) 691-3719,True,,0.88,57,sweep_v25,2026-06-06T04:42:54.841025,Target for Modern Trade template demo
Market Sushi Bar,Restaurant,Pearland,TX,Texas,"3016 Park Ave, Pearland, TX 35118",(409) 900-8878,False,,0.95,88,sweep_v25,2026-06-06T04:42:54.841085,Target for Elegant Food template demo
Seven Buckeye Pizza & Pasta,Restaurant,Buckeye,AZ,Arizona,"142 Pine St, Buckeye, AZ 57846",(602) 993-5989,True,,0.61,39,sweep_v25,2026-06-06T04:42:54.841145,Target for Elegant Food template demo
Elite Niagara Falls Home Improvements,Roofing,Niagara Falls,NY,New York,"5370 Pine St, Niagara Falls, NY 87790",(929) 476-6374,False,,0.79,90,sweep_v25,2026-06-06T04:42:54.841237,Target for Modern Trade template demo
Reliable Comfort Systems of Sierra Vista,HVAC,Sierra Vista,AZ,Arizona,"4663 Spring St, Sierra Vista, AZ 70858",(928) 393-3309,True,,0.77,46,sweep_v25,2026-06-06T04:42:54.841308,Target for Modern Trade template demo
Liberty Exteriors of Syracuse,Roofing,Syracuse,NY,New York,"1360 Spring St, Syracuse, NY 41684",(631) 402-3151,False,,0.8,93,sweep_v25,2026-06-06T04:42:54.841368,Target for Modern Trade template demo
Station Cedar Park Cafe & Grill,Restaurant,Cedar Park,TX,Texas,"8257 Jackson Blvd, Cedar Park, TX 19210",(214) 726-9783,True,,0.64,42,sweep_v25,2026-06-06T04:42:54.841432,Target for Elegant Food template demo
Silver Prescott Valley Mexican Grill,Restaurant,Prescott Valley,AZ,Arizona,"9434 Hill St, Prescott Valley, AZ 80384",(480) 938-3960,True,,0.71,47,sweep_v25,2026-06-06T04:42:54.841490,Target for Elegant Food template demo
Western Roofing Company,Roofing,Schenectady,NY,New York,"7177 Lincoln Ave, Schenectady, NY 53915",(929) 797-2724,False,,0.75,89,sweep_v25,2026-06-06T04:42:54.841549,Target for Modern Trade template demo
Pacific Temperature Control,HVAC,Killeen,TX,Texas,"9473 Church St, Killeen, TX 25797",(726) 285-7410,False,,0.71,95,sweep_v25,2026-06-06T04:42:54.841608,Target for Modern Trade template demo
Sky Roof & Gutter,Roofing,Del Rio,TX,Texas,"9929 Valley Blvd, Del Rio, TX 89119",(737) 874-9107,True,,0.78,62,sweep_v25,2026-06-06T04:42:54.841665,Target for Modern Trade template demo
Phoenix Roofing Solutions of Lewisville,Roofing,Lewisville,TX,Texas,"5235 Hamilton Ave, Lewisville, TX 16552",(979) 791-2131,False,,0.86,100,sweep_v25,2026-06-06T04:42:54.841724,Target for Modern Trade template demo
First HVAC of Florence,HVAC,Florence,AZ,Arizona,"1647 Monroe Ave, Florence, AZ 75204",(623) 722-1136,True,,0.88,49,sweep_v25,2026-06-06T04:42:54.841784,Target for Modern Trade template demo
Liberty Stephenville Roofing Contractors,Roofing,Stephenville,TX,Texas,"1774 Center St, Stephenville, TX 91021",(726) 456-9419,True,,0.9,51,sweep_v25,2026-06-06T04:42:54.841846,Target for Modern Trade template demo
Wild Amsterdam Steakhouse,Restaurant,Amsterdam,NY,New York,"5523 Center St, Amsterdam, NY 34954",(716) 817-2416,True,,0.71,51,sweep_v25,2026-06-06T04:42:54.841905,Target for Elegant Food template demo
Red Douglas Eatery,Restaurant,Douglas,AZ,Arizona,"2372 3rd St, Douglas, AZ 89654",(623) 998-7912,False,,0.85,83,sweep_v25,2026-06-06T04:42:54.841972,Target for Elegant Food template demo
Mountain Roofing,Roofing,Utica,NY,New York,"4222 Maple Dr, Utica, NY 64583",(631) 610-9433,False,,0.87,92,sweep_v25,2026-06-06T04:42:54.842035,Target for Modern Trade template demo
Empire HVAC Services of Middletown,HVAC,Middletown,NY,New York,"1555 Veterans Blvd, Middletown, NY 63134",(646) 792-2933,True,,0.85,48,sweep_v25,2026-06-06T04:42:54.842096,Target for Modern Trade template demo
Silver Construction & Roofing,Roofing,Houston,TX,Texas,"7351 Hamilton Ave, Houston, TX 81099",(726) 414-2120,True,,0.7,56,sweep_v25,2026-06-06T04:42:54.842156,Target for Modern Trade template demo
AAA Benbrook Roofing Solutions,Roofing,Benbrook,TX,Texas,"4061 Sunset Blvd, Benbrook, TX 79756",(325) 363-6033,False,,0.79,90,sweep_v25,2026-06-06T04:42:54.842255,Target for Modern Trade template demo
Sunset Mechanical of North Tonawanda,HVAC,North Tonawanda,NY,New York,"9470 Oak Ave, North Tonawanda, NY 16593",(347) 566-2749,False,,0.79,92,sweep_v25,2026-06-06T04:42:54.842316,Target for Modern Trade template demo
North Star Air & Heating of Wylie,HVAC,Wylie,TX,Texas,"5261 Highland Ave, Wylie, TX 12503",(979) 292-6220,True,,0.64,60,sweep_v25,2026-06-06T04:42:54.842375,Target for Modern Trade template demo
Mountain Cooling & Heating of Cedar Park,HVAC,Cedar Park,TX,Texas,"4930 Park Ave, Cedar Park, TX 36465",(254) 482-8976,True,,0.84,48,sweep_v25,2026-06-06T04:42:54.842433,Target for Modern Trade template demo
Armor Exteriors of Geneva,Roofing,Geneva,NY,New York,"8513 Market St, Geneva, NY 80021",(631) 650-7602,True,,0.72,47,sweep_v25,2026-06-06T04:42:54.842492,Target for Modern Trade template demo
Top HVAC,HVAC,Burleson,TX,Texas,"8406 Main St, Burleson, TX 96191",(512) 971-2905,True,,0.65,57,sweep_v25,2026-06-06T04:42:54.842556,Target for Modern Trade template demo
Classic Roofing Co.,Roofing,Sierra Vista,AZ,Arizona,"7940 1st Ave, Sierra Vista, AZ 89091",(928) 870-3260,True,,0.81,51,sweep_v25,2026-06-06T04:42:54.842615,Target for Modern Trade template demo
Prime Climate Control,HVAC,Chino Valley,AZ,Arizona,"6390 Commerce St, Chino Valley, AZ 38569",(480) 543-1109,True,,0.71,54,sweep_v25,2026-06-06T04:42:54.842676,Target for Modern Trade template demo
Blue Roofing Company,Roofing,Flower Mound,TX,Texas,"5383 Highland Ave, Flower Mound, TX 98751",(979) 431-6903,True,,0.84,56,sweep_v25,2026-06-06T04:42:54.842778,Target for Modern Trade template demo
Quality Coolidge Air Conditioning & Heating,HVAC,Coolidge,AZ,Arizona,"1749 Enterprise Rd, Coolidge, AZ 60531",(602) 876-8761,True,,0.62,46,sweep_v25,2026-06-06T04:42:54.842844,Target for Modern Trade template demo
Little Dunkirk Steakhouse,Restaurant,Dunkirk,NY,New York,"1649 Broadway, Dunkirk, NY 72079",(518) 654-4426,True,,0.74,49,sweep_v25,2026-06-06T04:42:54.842904,Target for Elegant Food template demo
United Air Conditioning & Heating of Niagara Falls,HVAC,Niagara Falls,NY,New York,"6183 Hill St, Niagara Falls, NY 19488",(718) 512-6364,True,,0.62,49,sweep_v25,2026-06-06T04:42:54.842969,Target for Modern Trade template demo
Heritage Shingle & Siding,Roofing,Fountain Hills,AZ,Arizona,"2659 Washington Blvd, Fountain Hills, AZ 84736",(480) 350-6980,True,,0.62,50,sweep_v25,2026-06-06T04:42:54.843030,Target for Modern Trade template demo
Home Roof & Gutter,Roofing,Pasadena,TX,Texas,"5039 Sunset Blvd, Pasadena, TX 82729",(512) 636-4819,False,,0.8,96,sweep_v25,2026-06-06T04:42:54.843088,Target for Modern Trade template demo
Western Cottonwood Heating & Air,HVAC,Cottonwood,AZ,Arizona,"2884 Washington Blvd, Cottonwood, AZ 20847",(480) 795-8625,False,,0.8,88,sweep_v25,2026-06-06T04:42:54.843148,Target for Modern Trade template demo
Market Long Beach BBQ & Grill,Restaurant,Long Beach,NY,New York,"6543 Spring St, Long Beach, NY 65168",(347) 245-1764,False,,0.78,80,sweep_v25,2026-06-06T04:42:54.843241,Target for Elegant Food template demo
Theo's San Antonio Bistro & Bar,Restaurant,San Antonio,TX,Texas,"4443 Washington Blvd, San Antonio, TX 85286",(214) 745-1323,False,,0.87,91,sweep_v25,2026-06-06T04:42:54.843313,Target for Elegant Food template demo
Lake Watertown Bakery & Cafe,Restaurant,Watertown,NY,New York,"5254 State St, Watertown, NY 63874",(516) 801-3856,False,,0.85,92,sweep_v25,2026-06-06T04:42:54.843377,Target for Elegant Food template demo
Liberty Metal Roofing of Glendale,Roofing,Glendale,AZ,Arizona,"8263 Business Park Dr, Glendale, AZ 88075",(623) 456-8374,True,,0.66,53,sweep_v25,2026-06-06T04:42:54.843436,Target for Modern Trade template demo
River Baytown Italian Kitchen,Restaurant,Baytown,TX,Texas,"8103 River Rd, Baytown, TX 12882",(979) 418-1375,True,,0.68,55,sweep_v25,2026-06-06T04:42:54.843495,Target for Elegant Food template demo
Central Ogdensburg HVAC Solutions,HVAC,Ogdensburg,NY,New York,"7379 Valley Blvd, Ogdensburg, NY 57402",(585) 292-2931,False,,0.75,87,sweep_v25,2026-06-06T04:42:54.843554,Target for Modern Trade template demo
Theo's Mexican Grill,Restaurant,Euless,TX,Texas,"4201 Maple Dr, Euless, TX 19129",(940) 649-5427,True,,0.76,42,sweep_v25,2026-06-06T04:42:54.843616,Target for Elegant Food template demo
Green Air Systems,HVAC,Long Beach,NY,New York,"6883 Pine St, Long Beach, NY 35360",(516) 361-3730,True,,0.82,43,sweep_v25,2026-06-06T04:42:54.843677,Target for Modern Trade template demo
Express Heating & Air,HVAC,Cedar Hill,TX,Texas,"3203 Industrial Blvd, Cedar Hill, TX 76036",(806) 741-7696,True,,0.71,56,sweep_v25,2026-06-06T04:42:54.843739,Target for Modern Trade template demo
Red Cedar Hill Italian Kitchen,Restaurant,Cedar Hill,TX,Texas,"4777 Park Ave, Cedar Hill, TX 68613",(469) 468-4207,True,,0.86,40,sweep_v25,2026-06-06T04:42:54.843801,Target for Elegant Food template demo
Red Bakery & Cafe,Restaurant,Fulton,NY,New York,"6375 Oak Ave, Fulton, NY 45534",(914) 928-6800,True,,0.89,40,sweep_v25,2026-06-06T04:42:54.843862,Target for Elegant Food template demo
Three Deli & Market,Restaurant,Flagstaff,AZ,Arizona,"7760 Veterans Blvd, Flagstaff, AZ 71781",(623) 308-9387,False,,0.77,93,sweep_v25,2026-06-06T04:42:54.843933,Target for Elegant Food template demo
Smart Air Conditioning & Heating,HVAC,Dunkirk,NY,New York,"4221 Main St, Dunkirk, NY 66487",(315) 390-2867,True,,0.84,45,sweep_v25,2026-06-06T04:42:54.844002,Target for Modern Trade template demo
Vista Bakery & Cafe,Restaurant,Oneonta,NY,New York,"8315 River Rd, Oneonta, NY 47539",(929) 742-7719,True,,0.77,39,sweep_v25,2026-06-06T04:42:54.844062,Target for Elegant Food template demo
Bella Cohoes Diner,Restaurant,Cohoes,NY,New York,"9656 Center St, Cohoes, NY 77207",(315) 737-4035,False,,0.9,83,sweep_v25,2026-06-06T04:42:54.844122,Target for Elegant Food template demo
Superior Roofing Services of Little Falls,Roofing,Little Falls,NY,New York,"993 Franklin St, Little Falls, NY 39587",(347) 588-6861,False,,0.91,94,sweep_v25,2026-06-06T04:42:54.844179,Target for Modern Trade template demo
West Lake Havasu City HVAC Services,HVAC,Lake Havasu City,AZ,Arizona,"1504 Franklin St, Lake Havasu City, AZ 37344",(928) 855-7382,True,,0.71,51,sweep_v25,2026-06-06T04:42:54.844281,Target for Modern Trade template demo
Silver Beaumont Air Systems,HVAC,Beaumont,TX,Texas,"7915 Hill St, Beaumont, TX 95587",(726) 774-9490,False,,0.88,96,sweep_v25,2026-06-06T04:42:54.844348,Target for Modern Trade template demo
Casa Pizza & Pasta,Restaurant,Killeen,TX,Texas,"4924 Park Ave, Killeen, TX 92336",(254) 780-9321,True,,0.88,45,sweep_v25,2026-06-06T04:42:54.844405,Target for Elegant Food template demo
Fork & New Rochelle Restaurant,Restaurant,New Rochelle,NY,New York,"7441 Highland Ave, New Rochelle, NY 10077",(315) 829-6989,True,,0.68,45,sweep_v25,2026-06-06T04:42:54.844464,Target for Elegant Food template demo
Integrity Plano Air Conditioning & Heating,HVAC,Plano,TX,Texas,"4286 Franklin St, Plano, TX 70956",(817) 454-9190,False,,0.7,89,sweep_v25,2026-06-06T04:42:54.844521,Target for Modern Trade template demo
Golden Mexican Grill,Restaurant,Coolidge,AZ,Arizona,"4991 River Rd, Coolidge, AZ 24769",(928) 298-6431,False,,0.85,93,sweep_v25,2026-06-06T04:42:54.844581,Target for Elegant Food template demo
Express Home Improvements of Lockport,Roofing,Lockport,NY,New York,"2107 Spring St, Lockport, NY 94169",(646) 996-2215,False,,0.77,91,sweep_v25,2026-06-06T04:42:54.844641,Target for Modern Trade template demo
Western Big Spring HVAC,HVAC,Big Spring,TX,Texas,"4899 Valley Blvd, Big Spring, TX 91416",(979) 402-2280,False,,0.89,94,sweep_v25,2026-06-06T04:42:54.844699,Target for Modern Trade template demo
Grand Del Rio Restaurant,Restaurant,Del Rio,TX,Texas,"4010 2nd St, Del Rio, TX 34766",(806) 310-4162,True,,0.61,52,sweep_v25,2026-06-06T04:42:54.844755,Target for Elegant Food template demo
Crown Waco Roofers,Roofing,Waco,TX,Texas,"825 Main St, Waco, TX 80671",(936) 754-5852,True,,0.87,51,sweep_v25,2026-06-06T04:42:54.844812,Target for Modern Trade template demo
Express Sugar Land Roofing & Construction,Roofing,Sugar Land,TX,Texas,"3632 State St, Sugar Land, TX 16046",(281) 562-1140,False,,0.89,100,sweep_v25,2026-06-06T04:42:54.844871,Target for Modern Trade template demo
Grand Sherman Eatery,Restaurant,Sherman,TX,Texas,"8694 State St, Sherman, TX 19115",(956) 468-5997,False,,0.83,92,sweep_v25,2026-06-06T04:42:54.844940,Target for Elegant Food template demo
Sun HVAC Services,HVAC,Duncanville,TX,Texas,"2851 Lake Dr, Duncanville, TX 65909",(830) 880-5773,False,,0.8,98,sweep_v25,2026-06-06T04:42:54.845000,Target for Modern Trade template demo
Eagle Roofers of Surprise,Roofing,Surprise,AZ,Arizona,"5509 Pine St, Surprise, AZ 57310",(928) 977-3754,False,,0.79,88,sweep_v25,2026-06-06T04:42:54.845059,Target for Modern Trade template demo
Capital Roofing & Remodeling of Rensselaer,Roofing,Rensselaer,NY,New York,"4430 Hamilton Ave, Rensselaer, NY 24565",(516) 745-2235,True,,0.8,55,sweep_v25,2026-06-06T04:42:54.845121,Target for Modern Trade template demo
Climate Heating & Air of Hurst,HVAC,Hurst,TX,Texas,"2008 Commerce St, Hurst, TX 69805",(432) 269-7617,False,,0.74,100,sweep_v25,2026-06-06T04:42:54.845190,Target for Modern Trade template demo
Port Surprise Taqueria,Restaurant,Surprise,AZ,Arizona,"6474 Main St, Surprise, AZ 12892",(623) 716-8428,True,,0.74,52,sweep_v25,2026-06-06T04:42:54.845288,Target for Elegant Food template demo
Sky Roofing of Bisbee,Roofing,Bisbee,AZ,Arizona,"8828 Main St, Bisbee, AZ 77164",(602) 505-4958,True,,0.67,48,sweep_v25,2026-06-06T04:42:54.845348,Target for Modern Trade template demo
Silver Steakhouse,Restaurant,Temple,TX,Texas,"4720 Adams St, Temple, TX 41055",(956) 408-6913,True,,0.78,46,sweep_v25,2026-06-06T04:42:54.845409,Target for Elegant Food template demo
El BBQ & Grill,Restaurant,Tucson,AZ,Arizona,"6060 Enterprise Rd, Tucson, AZ 22044",(520) 977-8175,True,,0.66,47,sweep_v25,2026-06-06T04:42:54.845468,Target for Elegant Food template demo
Highland Scottsdale Pizzeria,Restaurant,Scottsdale,AZ,Arizona,"7974 Lincoln Ave, Scottsdale, AZ 73632",(602) 908-7474,False,,0.92,78,sweep_v25,2026-06-06T04:42:54.845528,Target for Elegant Food template demo
A1 AC & Heating of Bisbee,HVAC,Bisbee,AZ,Arizona,"2422 River Rd, Bisbee, AZ 79726",(928) 236-2180,True,,0.83,43,sweep_v25,2026-06-06T04:42:54.845586,Target for Modern Trade template demo
Western Baytown Air Conditioning & Heating,HVAC,Baytown,TX,Texas,"2194 Spring St, Baytown, TX 27492",(409) 692-7075,True,,0.85,57,sweep_v25,2026-06-06T04:42:54.845644,Target for Modern Trade template demo
National Service Experts of Haverstraw,HVAC,Haverstraw,NY,New York,"8907 Adams St, Haverstraw, NY 33276",(516) 814-2669,True,,0.7,44,sweep_v25,2026-06-06T04:42:54.845703,Target for Modern Trade template demo
Liberty Phoenix Roofing Company,Roofing,Phoenix,AZ,Arizona,"6095 Technology Dr, Phoenix, AZ 86034",(602) 447-2504,False,,0.83,96,sweep_v25,2026-06-06T04:42:54.845764,Target for Modern Trade template demo
Embers Victoria Mexican Grill,Restaurant,Victoria,TX,Texas,"9791 Valley Blvd, Victoria, TX 57882",(409) 827-8889,False,,0.9,95,sweep_v25,2026-06-06T04:42:54.845825,Target for Elegant Food template demo
Everest Poughkeepsie Roof & Gutter,Roofing,Poughkeepsie,NY,New York,"7745 Maple Dr, Poughkeepsie, NY 81082",(718) 618-8730,True,,0.66,48,sweep_v25,2026-06-06T04:42:54.845909,Target for Modern Trade template demo
Royal Service Experts of Youngtown,HVAC,Youngtown,AZ,Arizona,"5535 Oak Ave, Youngtown, AZ 14920",(480) 828-6418,True,,0.64,58,sweep_v25,2026-06-06T04:42:54.845978,Target for Modern Trade template demo
American Roof & Gutter of Beacon,Roofing,Beacon,NY,New York,"1649 Church St, Beacon, NY 64737",(518) 243-3269,True,,0.76,48,sweep_v25,2026-06-06T04:42:54.846044,Target for Modern Trade template demo
Pride Construction & Roofing of The Colony,Roofing,The Colony,TX,Texas,"4641 Maple Dr, The Colony, TX 55534",(903) 695-6286,True,,0.76,54,sweep_v25,2026-06-06T04:42:54.846105,Target for Modern Trade template demo
Armor Roof & Gutter of Lake Havasu City,Roofing,Lake Havasu City,AZ,Arizona,"2763 Valley Blvd, Lake Havasu City, AZ 85193",(520) 245-4922,True,,0.65,60,sweep_v25,2026-06-06T04:42:54.846168,Target for Modern Trade template demo
North Star HVAC Services of The Colony,HVAC,The Colony,TX,Texas,"4168 Monroe Ave, The Colony, TX 70170",(409) 548-2871,False,,0.83,86,sweep_v25,2026-06-06T04:42:54.846266,Target for Modern Trade template demo
Metal Roofers of Carrollton,Roofing,Carrollton,TX,Texas,"9390 Business Park Dr, Carrollton, TX 94672",(512) 700-4961,False,,0.81,90,sweep_v25,2026-06-06T04:42:54.846328,Target for Modern Trade template demo
Champion Roofing & Construction,Roofing,Tucson,AZ,Arizona,"770 Veterans Blvd, Tucson, AZ 21908",(602) 497-3917,False,,0.82,96,sweep_v25,2026-06-06T04:42:54.846388,Target for Modern Trade template demo
First Wickenburg Eatery,Restaurant,Wickenburg,AZ,Arizona,"3900 Park Ave, Wickenburg, AZ 35457",(602) 770-2148,True,,0.64,43,sweep_v25,2026-06-06T04:42:54.846448,Target for Elegant Food template demo
Three Italian Kitchen,Restaurant,Lake Havasu City,AZ,Arizona,"2490 Broadway, Lake Havasu City, AZ 64179",(623) 227-4326,True,,0.72,48,sweep_v25,2026-06-06T04:42:54.846509,Target for Elegant Food template demo
Texas Exteriors of Watervliet,Roofing,Watervliet,NY,New York,"7170 Franklin St, Watervliet, NY 93439",(518) 688-5939,False,,0.86,100,sweep_v25,2026-06-06T04:42:54.846577,Target for Modern Trade template demo
Family Port Arthur Cooling & Heating,HVAC,Port Arthur,TX,Texas,"7012 Veterans Blvd, Port Arthur, TX 95861",(915) 426-5868,False,,0.93,94,sweep_v25,2026-06-06T04:42:54.846637,Target for Modern Trade template demo
Pinnacle Air & Heating,HVAC,Pasadena,TX,Texas,"1940 Cedar Ln, Pasadena, TX 61263",(682) 327-4282,True,,0.78,54,sweep_v25,2026-06-06T04:42:54.846693,Target for Modern Trade template demo
Triple Marana Sushi Bar,Restaurant,Marana,AZ,Arizona,"2340 Sunset Blvd, Marana, AZ 39330",(480) 964-4233,True,,0.85,41,sweep_v25,2026-06-06T04:42:54.846800,Target for Elegant Food template demo
Fork & Bistro & Bar,Restaurant,Wylie,TX,Texas,"8100 Elm St, Wylie, TX 37742",(325) 995-4058,True,,0.66,45,sweep_v25,2026-06-06T04:42:54.846864,Target for Elegant Food template demo
Express Mesa HVAC Services,HVAC,Mesa,AZ,Arizona,"9222 Franklin St, Mesa, AZ 92878",(928) 794-2457,True,,0.84,49,sweep_v25,2026-06-06T04:42:54.846937,Target for Modern Trade template demo
Peak Eloy Shingle & Siding,Roofing,Eloy,AZ,Arizona,"1598 Enterprise Rd, Eloy, AZ 97141",(480) 690-3779,True,,0.74,49,sweep_v25,2026-06-06T04:42:54.846999,Target for Modern Trade template demo
Lake Middletown Italian Kitchen,Restaurant,Middletown,NY,New York,"8416 Commerce St, Middletown, NY 21392",(347) 247-8165,True,,0.75,50,sweep_v25,2026-06-06T04:42:54.847058,Target for Elegant Food template demo
Piazza Hutto Bistro & Bar,Restaurant,Hutto,TX,Texas,"7725 Park Ave, Hutto, TX 57750",(469) 745-3842,True,,0.67,47,sweep_v25,2026-06-06T04:42:54.847115,Target for Elegant Food template demo
Highland Haverstraw Sushi Bar,Restaurant,Haverstraw,NY,New York,"4899 Maple Dr, Haverstraw, NY 89676",(212) 694-8309,False,,0.91,88,sweep_v25,2026-06-06T04:42:54.847179,Target for Elegant Food template demo
Express Burleson Roofing Solutions,Roofing,Burleson,TX,Texas,"8176 Veterans Blvd, Burleson, TX 79165",(936) 760-4865,False,,0.89,96,sweep_v25,2026-06-06T04:42:54.847284,Target for Modern Trade template demo
Gulf Denton Metal Roofing,Roofing,Denton,TX,Texas,"3556 River Rd, Denton, TX 99802",(409) 595-7234,False,,0.72,100,sweep_v25,2026-06-06T04:42:54.847348,Target for Modern Trade template demo
White Tucson Temperature Control,HVAC,Tucson,AZ,Arizona,"1769 Technology Dr, Tucson, AZ 99046",(602) 246-6587,True,,0.8,53,sweep_v25,2026-06-06T04:42:54.847408,Target for Modern Trade template demo
Five Star Shingle & Siding of Haltom City,Roofing,Haltom City,TX,Texas,"2694 Lincoln Ave, Haltom City, TX 82226",(830) 741-6960,True,,0.78,50,sweep_v25,2026-06-06T04:42:54.847468,Target for Modern Trade template demo
Blue Safford Mechanical,HVAC,Safford,AZ,Arizona,"4115 Business Park Dr, Safford, AZ 13985",(520) 342-9631,True,,0.86,49,sweep_v25,2026-06-06T04:42:54.847529,Target for Modern Trade template demo
Liberty Roof & Gutter,Roofing,Page,AZ,Arizona,"2257 Monroe Ave, Page, AZ 37236",(480) 714-1902,True,,0.78,50,sweep_v25,2026-06-06T04:42:54.847591,Target for Modern Trade template demo
National Hutto Metal Roofing,Roofing,Hutto,TX,Texas,"7199 Technology Dr, Hutto, TX 65473",(214) 372-3638,False,,0.73,93,sweep_v25,2026-06-06T04:42:54.847651,Target for Modern Trade template demo
United Roofing & Remodeling,Roofing,Winslow,AZ,Arizona,"4682 Main St, Winslow, AZ 98835",(623) 460-2352,False,,0.93,90,sweep_v25,2026-06-06T04:42:54.847712,Target for Modern Trade template demo
Corner Rome Deli & Market,Restaurant,Rome,NY,New York,"9069 Elm St, Rome, NY 81590",(518) 775-8837,True,,0.81,44,sweep_v25,2026-06-06T04:42:54.847775,Target for Elegant Food template demo
Castle Roofers of Oneonta,Roofing,Oneonta,NY,New York,"2730 Veterans Blvd, Oneonta, NY 36614",(631) 402-3007,True,,0.72,52,sweep_v25,2026-06-06T04:42:54.847833,Target for Modern Trade template demo
King Roofing Solutions,Roofing,Olean,NY,New York,"3067 Industrial Blvd, Olean, NY 91975",(718) 900-5302,True,,0.69,57,sweep_v25,2026-06-06T04:42:54.847899,Target for Modern Trade template demo
Pioneer Roofing Co. of San Angelo,Roofing,San Angelo,TX,Texas,"4741 Church St, San Angelo, TX 24291",(432) 272-3488,False,,0.84,91,sweep_v25,2026-06-06T04:42:54.847968,Target for Modern Trade template demo
Sunset Tonawanda Mechanical,HVAC,Tonawanda,NY,New York,"2135 Enterprise Rd, Tonawanda, NY 97485",(212) 947-6679,True,,0.87,49,sweep_v25,2026-06-06T04:42:54.848027,Target for Modern Trade template demo
Red Temperature Control of Odessa,HVAC,Odessa,TX,Texas,"4277 Industrial Blvd, Odessa, TX 29145",(940) 676-6029,True,,0.78,45,sweep_v25,2026-06-06T04:42:54.848087,Target for Modern Trade template demo
Lone Star Peoria Pizza & Pasta,Restaurant,Peoria,AZ,Arizona,"246 Sunset Blvd, Peoria, AZ 23090",(480) 463-1228,True,,0.88,43,sweep_v25,2026-06-06T04:42:54.848146,Target for Elegant Food template demo
New Deli & Market,Restaurant,Benbrook,TX,Texas,"7586 Water St, Benbrook, TX 63327",(726) 586-8638,False,,0.84,83,sweep_v25,2026-06-06T04:42:54.848236,Target for Elegant Food template demo
Red Roofing Contractors of Grand Prairie,Roofing,Grand Prairie,TX,Texas,"1887 Lake Dr, Grand Prairie, TX 36858",(512) 470-2761,True,,0.68,63,sweep_v25,2026-06-06T04:42:54.848304,Target for Modern Trade template demo
Five Waco Mexican Grill,Restaurant,Waco,TX,Texas,"159 Main St, Waco, TX 51089",(682) 217-5913,True,,0.69,42,sweep_v25,2026-06-06T04:42:54.848366,Target for Elegant Food template demo
Five Star Cedar Hill Construction & Roofing,Roofing,Cedar Hill,TX,Texas,"1676 Lincoln Ave, Cedar Hill, TX 63406",(210) 399-4683,False,,0.79,99,sweep_v25,2026-06-06T04:42:54.848426,Target for Modern Trade template demo
City Cottonwood Roofing Company,Roofing,Cottonwood,AZ,Arizona,"3725 Technology Dr, Cottonwood, AZ 22663",(480) 584-6066,True,,0.75,49,sweep_v25,2026-06-06T04:42:54.848489,Target for Modern Trade template demo
Central Goodyear Climate Control,HVAC,Goodyear,AZ,Arizona,"3368 State St, Goodyear, AZ 14000",(520) 368-5680,True,,0.62,55,sweep_v25,2026-06-06T04:42:54.848550,Target for Modern Trade template demo
Three Beaumont Mexican Grill,Restaurant,Beaumont,TX,Texas,"3984 Market St, Beaumont, TX 49307",(915) 216-2029,False,,0.8,88,sweep_v25,2026-06-06T04:42:54.848610,Target for Elegant Food template demo
Desert Eloy HVAC Solutions,HVAC,Eloy,AZ,Arizona,"4055 Adams St, Eloy, AZ 72809",(602) 589-6821,False,,0.81,88,sweep_v25,2026-06-06T04:42:54.848668,Target for Modern Trade template demo
Ridge Baytown Roofing,Roofing,Baytown,TX,Texas,"4509 Monroe Ave, Baytown, TX 97666",(682) 235-1864,True,,0.61,51,sweep_v25,2026-06-06T04:42:54.848727,Target for Modern Trade template demo
Rapid Climate Control,HVAC,Lockport,NY,New York,"390 Valley Blvd, Lockport, NY 46188",(518) 376-1725,True,,0.87,52,sweep_v25,2026-06-06T04:42:54.848785,Target for Modern Trade template demo
Silver Poughkeepsie Pizzeria,Restaurant,Poughkeepsie,NY,New York,"3070 Jefferson Dr, Poughkeepsie, NY 38293",(716) 958-4632,True,,0.76,44,sweep_v25,2026-06-06T04:42:54.848843,Target for Elegant Food template demo
Southwest Amarillo Sushi Bar,Restaurant,Amarillo,TX,Texas,"8407 Innovation Blvd, Amarillo, TX 14459",(281) 621-8613,False,,0.8,93,sweep_v25,2026-06-06T04:42:54.848905,Target for Elegant Food template demo
JD Air Conditioning of Phoenix,HVAC,Phoenix,AZ,Arizona,"3295 Veterans Blvd, Phoenix, AZ 65042",(520) 520-9763,False,,0.87,83,sweep_v25,2026-06-06T04:42:54.848975,Target for Modern Trade template demo
Boss Roofing Co. of Kingman,Roofing,Kingman,AZ,Arizona,"6534 Hamilton Ave, Kingman, AZ 99337",(520) 333-8415,False,,0.92,100,sweep_v25,2026-06-06T04:42:54.849052,Target for Modern Trade template demo
Best Douglas Roofing Co.,Roofing,Douglas,AZ,Arizona,"3526 Franklin St, Douglas, AZ 99525",(602) 778-4899,False,,0.87,92,sweep_v25,2026-06-06T04:42:54.849113,Target for Modern Trade template demo
Smart HVAC Solutions,HVAC,Pearland,TX,Texas,"3584 Main St, Pearland, TX 54971",(361) 708-7116,False,,0.94,98,sweep_v25,2026-06-06T04:42:54.849176,Target for Modern Trade template demo
Paradise Eloy Italian Kitchen,Restaurant,Eloy,AZ,Arizona,"6800 State St, Eloy, AZ 51702",(480) 301-2438,False,,0.82,86,sweep_v25,2026-06-06T04:42:54.849275,Target for Elegant Food template demo
Desert Tyler Metal Roofing,Roofing,Tyler,TX,Texas,"2133 State St, Tyler, TX 25020",(972) 718-3028,True,,0.72,57,sweep_v25,2026-06-06T04:42:54.849337,Target for Modern Trade template demo
Midtown Massena Pizza & Pasta,Restaurant,Massena,NY,New York,"766 Oak Ave, Massena, NY 76520",(718) 373-3095,True,,0.82,46,sweep_v25,2026-06-06T04:42:54.849398,Target for Elegant Food template demo
Great Grille,Restaurant,El Mirage,AZ,Arizona,"4276 Elm St, El Mirage, AZ 90231",(602) 786-5097,False,,0.76,91,sweep_v25,2026-06-06T04:42:54.849460,Target for Elegant Food template demo
American Construction & Roofing of Hurst,Roofing,Hurst,TX,Texas,"8636 Innovation Blvd, Hurst, TX 14272",(214) 298-8693,False,,0.82,98,sweep_v25,2026-06-06T04:42:54.849520,Target for Modern Trade template demo
American Climate Control of Wichita Falls,HVAC,Wichita Falls,TX,Texas,"5234 Lincoln Ave, Wichita Falls, TX 15185",(210) 252-9285,True,,0.83,48,sweep_v25,2026-06-06T04:42:54.849581,Target for Modern Trade template demo
Top Climate Control of Rensselaer,HVAC,Rensselaer,NY,New York,"3552 Valley Blvd, Rensselaer, NY 89656",(917) 248-3227,True,,0.85,45,sweep_v25,2026-06-06T04:42:54.849643,Target for Modern Trade template demo
AA AC & Heating of Fountain Hills,HVAC,Fountain Hills,AZ,Arizona,"7744 Sunset Blvd, Fountain Hills, AZ 14275",(602) 331-2250,True,,0.77,54,sweep_v25,2026-06-06T04:42:54.849706,Target for Modern Trade template demo
Pine Bistro & Bar,Restaurant,Watervliet,NY,New York,"8822 3rd St, Watervliet, NY 87123",(518) 552-6397,True,,0.71,37,sweep_v25,2026-06-06T04:42:54.849765,Target for Elegant Food template demo
Metal San Marcos Roofing Services,Roofing,San Marcos,TX,Texas,"2529 Hamilton Ave, San Marcos, TX 83725",(972) 774-8248,False,,0.93,100,sweep_v25,2026-06-06T04:42:54.849827,Target for Modern Trade template demo
Tri-State Dallas Cooling & Heating,HVAC,Dallas,TX,Texas,"5082 Oak Ave, Dallas, TX 10730",(469) 665-6999,True,,0.67,59,sweep_v25,2026-06-06T04:42:54.849887,Target for Modern Trade template demo
King's Glendale Kitchen,Restaurant,Glendale,AZ,Arizona,"3583 Oak Ave, Glendale, AZ 27835",(623) 290-9555,True,,0.7,50,sweep_v25,2026-06-06T04:42:54.849960,Target for Elegant Food template demo
Pro Cooling Solutions of Troy,HVAC,Troy,NY,New York,"423 Spring St, Troy, NY 58020",(347) 832-9966,True,,0.73,53,sweep_v25,2026-06-06T04:42:54.850018,Target for Modern Trade template demo
Golden HVAC Services of Grapevine,HVAC,Grapevine,TX,Texas,"5492 River Rd, Grapevine, TX 23550",(325) 966-3523,True,,0.86,59,sweep_v25,2026-06-06T04:42:54.850076,Target for Modern Trade template demo
Payless Syracuse Heating & Cooling,HVAC,Syracuse,NY,New York,"9900 Jackson Blvd, Syracuse, NY 99856",(518) 559-1224,False,,0.81,90,sweep_v25,2026-06-06T04:42:54.850135,Target for Modern Trade template demo
Victory Roofing Solutions of Massena,Roofing,Massena,NY,New York,"8785 Maple Dr, Massena, NY 82508",(929) 811-2323,False,,0.77,100,sweep_v25,2026-06-06T04:42:54.850225,Target for Modern Trade template demo
Corner Keller Diner,Restaurant,Keller,TX,Texas,"4626 Hamilton Ave, Keller, TX 61701",(281) 608-6685,True,,0.77,41,sweep_v25,2026-06-06T04:42:54.850294,Target for Elegant Food template demo
Castle Roofing & Construction of Oswego,Roofing,Oswego,NY,New York,"4175 Industrial Blvd, Oswego, NY 26076",(315) 569-4465,False,,0.91,91,sweep_v25,2026-06-06T04:42:54.850357,Target for Modern Trade template demo
Western Air Systems,HVAC,Lubbock,TX,Texas,"5975 Enterprise Rd, Lubbock, TX 12871",(713) 243-1851,True,,0.6,45,sweep_v25,2026-06-06T04:42:54.850416,Target for Modern Trade template demo
Heritage Corning Roofing Company,Roofing,Corning,NY,New York,"6764 Water St, Corning, NY 33040",(716) 499-2680,False,,0.77,97,sweep_v25,2026-06-06T04:42:54.850479,Target for Modern Trade template demo
Summit Exteriors of Euless,Roofing,Euless,TX,Texas,"6332 2nd St, Euless, TX 95405",(806) 388-2635,False,,0.82,100,sweep_v25,2026-06-06T04:42:54.850538,Target for Modern Trade template demo
National Roof & Gutter,Roofing,Wylie,TX,Texas,"9329 Elm St, Wylie, TX 42070",(972) 587-2652,True,,0.67,65,sweep_v25,2026-06-06T04:42:54.850600,Target for Modern Trade template demo
First Tyler Kitchen,Restaurant,Tyler,TX,Texas,"383 Park Ave, Tyler, TX 17820",(915) 977-7298,True,,0.79,41,sweep_v25,2026-06-06T04:42:54.850659,Target for Elegant Food template demo
Sunset Air Conditioning & Heating,HVAC,Laredo,TX,Texas,"2291 Jackson Blvd, Laredo, TX 38872",(806) 469-3173,False,,0.78,96,sweep_v25,2026-06-06T04:42:54.850719,Target for Modern Trade template demo
Traditions Laredo Sushi Bar,Restaurant,Laredo,TX,Texas,"7449 Jefferson Dr, Laredo, TX 78616",(979) 691-9692,False,,0.82,86,sweep_v25,2026-06-06T04:42:54.850835,Target for Elegant Food template demo
King Albany AC & Heating,HVAC,Albany,NY,New York,"314 Elm St, Albany, NY 21408",(917) 943-5585,True,,0.68,48,sweep_v25,2026-06-06T04:42:54.850902,Target for Modern Trade template demo
Olive Steakhouse,Restaurant,Richardson,TX,Texas,"4422 3rd St, Richardson, TX 45183",(830) 893-6534,False,,0.93,84,sweep_v25,2026-06-06T04:42:54.850970,Target for Elegant Food template demo
Atlas HVAC,HVAC,Norwich,NY,New York,"246 Water St, Norwich, NY 61292",(914) 245-8803,True,,0.69,45,sweep_v25,2026-06-06T04:42:54.851032,Target for Modern Trade template demo
Seven San Angelo Bistro & Bar,Restaurant,San Angelo,TX,Texas,"2671 Technology Dr, San Angelo, TX 90219",(254) 289-7343,False,,0.72,92,sweep_v25,2026-06-06T04:42:54.851093,Target for Elegant Food template demo
Heritage Roofing & Construction of New Braunfels,Roofing,New Braunfels,TX,Texas,"2180 Oak Ave, New Braunfels, TX 96258",(979) 700-1700,True,,0.7,52,sweep_v25,2026-06-06T04:42:54.851158,Target for Modern Trade template demo
One Hour University Park HVAC Services,HVAC,University Park,TX,Texas,"7099 1st Ave, University Park, TX 20303",(726) 558-8095,False,,0.75,89,sweep_v25,2026-06-06T04:42:54.851254,Target for Modern Trade template demo
Weather Roofing Solutions,Roofing,Rosenberg,TX,Texas,"8765 1st Ave, Rosenberg, TX 61966",(915) 808-5262,False,,0.93,100,sweep_v25,2026-06-06T04:42:54.851319,Target for Modern Trade template demo
Triple Chandler Bakery & Cafe,Restaurant,Chandler,AZ,Arizona,"206 State St, Chandler, AZ 27589",(480) 622-4043,True,,0.73,48,sweep_v25,2026-06-06T04:42:54.851376,Target for Elegant Food template demo
Keystone Roofing Services of Plano,Roofing,Plano,TX,Texas,"102 Innovation Blvd, Plano, TX 67901",(956) 627-1971,False,,0.71,100,sweep_v25,2026-06-06T04:42:54.851432,Target for Modern Trade template demo
Gulf HVAC Solutions,HVAC,Edinburg,TX,Texas,"1891 3rd St, Edinburg, TX 63990",(281) 249-9617,False,,0.92,94,sweep_v25,2026-06-06T04:42:54.851488,Target for Modern Trade template demo
Town Hudson Pizzeria,Restaurant,Hudson,NY,New York,"4082 Veterans Blvd, Hudson, NY 47540",(646) 858-8908,False,,0.73,79,sweep_v25,2026-06-06T04:42:54.851551,Target for Elegant Food template demo
Port Mamaroneck Bistro & Bar,Restaurant,Mamaroneck,NY,New York,"7814 Madison Ave, Mamaroneck, NY 75799",(518) 624-5106,True,,0.63,42,sweep_v25,2026-06-06T04:42:54.851606,Target for Elegant Food template demo
Pine Rochester Steakhouse,Restaurant,Rochester,NY,New York,"1615 Jefferson Dr, Rochester, NY 40879",(212) 518-9519,True,,0.85,45,sweep_v25,2026-06-06T04:42:54.851662,Target for Elegant Food template demo
Top Buffalo Roof Specialists,Roofing,Buffalo,NY,New York,"7918 Hill St, Buffalo, NY 22539",(516) 313-7522,False,,0.88,89,sweep_v25,2026-06-06T04:42:54.851719,Target for Modern Trade template demo
Rapid Flagstaff HVAC,HVAC,Flagstaff,AZ,Arizona,"1063 Broadway, Flagstaff, AZ 97512",(602) 268-7686,False,,0.78,84,sweep_v25,2026-06-06T04:42:54.851780,Target for Modern Trade template demo
ABC Air Conditioning of Kingston,HVAC,Kingston,NY,New York,"4904 Jackson Blvd, Kingston, NY 62807",(914) 395-5850,True,,0.72,51,sweep_v25,2026-06-06T04:42:54.851838,Target for Modern Trade template demo
Economy Roofers,Roofing,Missouri City,TX,Texas,"6133 Valley Blvd, Missouri City, TX 38391",(214) 606-6301,True,,0.84,58,sweep_v25,2026-06-06T04:42:54.851896,Target for Modern Trade template demo
Paradise Farmers Branch Grille,Restaurant,Farmers Branch,TX,Texas,"6700 1st Ave, Farmers Branch, TX 15081",(806) 864-4119,True,,0.73,41,sweep_v25,2026-06-06T04:42:54.851962,Target for Elegant Food template demo
The Ithaca Pizza & Pasta,Restaurant,Ithaca,NY,New York,"1480 Market St, Ithaca, NY 99505",(315) 791-2232,False,,0.84,77,sweep_v25,2026-06-06T04:42:54.852022,Target for Elegant Food template demo
Casa Yuma Steakhouse,Restaurant,Yuma,AZ,Arizona,"4423 Cedar Ln, Yuma, AZ 57784",(623) 683-7769,True,,0.62,49,sweep_v25,2026-06-06T04:42:54.852081,Target for Elegant Food template demo
Salt Lewisville Taqueria,Restaurant,Lewisville,TX,Texas,"8235 Oak Ave, Lewisville, TX 98252",(817) 825-4550,True,,0.7,54,sweep_v25,2026-06-06T04:42:54.852140,Target for Elegant Food template demo
Sun Lancaster Roofers,Roofing,Lancaster,TX,Texas,"7899 Hamilton Ave, Lancaster, TX 46904",(726) 727-6462,False,,0.9,100,sweep_v25,2026-06-06T04:42:54.852231,Target for Modern Trade template demo
Union Grille,Restaurant,Lackawanna,NY,New York,"8482 2nd St, Lackawanna, NY 65490",(917) 678-4898,True,,0.69,38,sweep_v25,2026-06-06T04:42:54.852297,Target for Elegant Food template demo
Sunrise HVAC Services,HVAC,Glen Cove,NY,New York,"8717 State St, Glen Cove, NY 36868",(518) 330-4288,False,,0.8,94,sweep_v25,2026-06-06T04:42:54.852357,Target for Modern Trade template demo
Liberty Roofing Company,Roofing,Port Arthur,TX,Texas,"8410 Jefferson Dr, Port Arthur, TX 20164",(281) 992-2842,True,,0.8,52,sweep_v25,2026-06-06T04:42:54.852425,Target for Modern Trade template demo
Summit Huntsville Kitchen,Restaurant,Huntsville,TX,Texas,"3897 Elm St, Huntsville, TX 68070",(936) 658-4370,True,,0.83,50,sweep_v25,2026-06-06T04:42:54.852486,Target for Elegant Food template demo
Victory New Rochelle Construction & Roofing,Roofing,New Rochelle,NY,New York,"3649 Hill St, New Rochelle, NY 34392",(585) 997-5559,False,,0.88,95,sweep_v25,2026-06-06T04:42:54.852547,Target for Modern Trade template demo
Smart AC & Heating,HVAC,Payson,AZ,Arizona,"235 Market St, Payson, AZ 88944",(623) 851-4511,True,,0.86,43,sweep_v25,2026-06-06T04:42:54.852609,Target for Modern Trade template demo
Cool Johnstown Heating & Cooling,HVAC,Johnstown,NY,New York,"9833 3rd St, Johnstown, NY 55424",(718) 372-9829,True,,0.79,52,sweep_v25,2026-06-06T04:42:54.852670,Target for Modern Trade template demo
Tough Maricopa Roofing Solutions,Roofing,Maricopa,AZ,Arizona,"7206 Lake Dr, Maricopa, AZ 69656",(602) 447-8534,True,,0.7,56,sweep_v25,2026-06-06T04:42:54.852728,Target for Modern Trade template demo
Guardian Haverstraw Roofing Co.,Roofing,Haverstraw,NY,New York,"2742 Hill St, Haverstraw, NY 95055",(585) 557-7884,True,,0.83,50,sweep_v25,2026-06-06T04:42:54.852789,Target for Modern Trade template demo
Copper Buffalo Pizza & Pasta,Restaurant,Buffalo,NY,New York,"2302 Park Ave, Buffalo, NY 62241",(929) 716-5826,True,,0.77,42,sweep_v25,2026-06-06T04:42:54.852848,Target for Elegant Food template demo
Five Star Casa Grande Roofing,Roofing,Casa Grande,AZ,Arizona,"7887 Lake Dr, Casa Grande, AZ 39924",(623) 468-8818,False,,0.9,97,sweep_v25,2026-06-06T04:42:54.852908,Target for Modern Trade template demo
Fortress Roof Specialists,Roofing,Glen Cove,NY,New York,"5215 School St, Glen Cove, NY 13280",(347) 290-3397,False,,0.86,98,sweep_v25,2026-06-06T04:42:54.852980,Target for Modern Trade template demo
Top Italian Kitchen,Restaurant,Mesa,AZ,Arizona,"1601 Madison Ave, Mesa, AZ 79967",(623) 815-3848,False,,0.88,93,sweep_v25,2026-06-06T04:42:54.853043,Target for Elegant Food template demo
Lone Star Parker Bakery & Cafe,Restaurant,Parker,AZ,Arizona,"5036 Water St, Parker, AZ 16703",(602) 604-6402,True,,0.63,46,sweep_v25,2026-06-06T04:42:54.853103,Target for Elegant Food template demo
Island Rye Eatery,Restaurant,Rye,NY,New York,"3561 Lake Dr, Rye, NY 44780",(718) 645-2048,False,,0.77,82,sweep_v25,2026-06-06T04:42:54.853165,Target for Elegant Food template demo
Top Apache Junction AC & Heating,HVAC,Apache Junction,AZ,Arizona,"8383 Franklin St, Apache Junction, AZ 94591",(602) 857-2770,True,,0.81,53,sweep_v25,2026-06-06T04:42:54.853261,Target for Modern Trade template demo
Main University Park Pizzeria,Restaurant,University Park,TX,Texas,"2797 Lincoln Ave, University Park, TX 13868",(956) 372-4473,False,,0.88,93,sweep_v25,2026-06-06T04:42:54.853324,Target for Elegant Food template demo
Vista Kitchen,Restaurant,Pasadena,TX,Texas,"3463 Franklin St, Pasadena, TX 17239",(915) 983-5152,True,,0.77,49,sweep_v25,2026-06-06T04:42:54.853386,Target for Elegant Food template demo
Tower Roofers of Prescott,Roofing,Prescott,AZ,Arizona,"380 Church St, Prescott, AZ 53952",(520) 630-3242,False,,0.74,94,sweep_v25,2026-06-06T04:42:54.853447,Target for Modern Trade template demo
Weather Galveston Roofing Co.,Roofing,Galveston,TX,Texas,"5930 Oak Ave, Galveston, TX 47729",(806) 976-9573,True,,0.73,57,sweep_v25,2026-06-06T04:42:54.853506,Target for Modern Trade template demo
Fortress Metal Roofing of Flagstaff,Roofing,Flagstaff,AZ,Arizona,"7407 Center St, Flagstaff, AZ 43493",(623) 584-3855,False,,0.89,89,sweep_v25,2026-06-06T04:42:54.853566,Target for Modern Trade template demo
Eagle Big Spring Roofing Contractors,Roofing,Big Spring,TX,Texas,"6075 Church St, Big Spring, TX 38418",(956) 913-4675,False,,0.77,93,sweep_v25,2026-06-06T04:42:54.853624,Target for Modern Trade template demo
Pacific Fort Worth Comfort Systems,HVAC,Fort Worth,TX,Texas,"8084 Spring St, Fort Worth, TX 73298",(737) 788-8041,False,,0.77,94,sweep_v25,2026-06-06T04:42:54.853689,Target for Modern Trade template demo
New Cottonwood Pizzeria,Restaurant,Cottonwood,AZ,Arizona,"108 Maple Dr, Cottonwood, AZ 28250",(520) 840-1002,True,,0.66,51,sweep_v25,2026-06-06T04:42:54.853747,Target for Elegant Food template demo
Family Maricopa HVAC Solutions,HVAC,Maricopa,AZ,Arizona,"8938 School St, Maricopa, AZ 67396",(928) 235-2471,True,,0.89,44,sweep_v25,2026-06-06T04:42:54.853805,Target for Modern Trade template demo
Empire Roofing Contractors of Plattsburgh,Roofing,Plattsburgh,NY,New York,"6355 Adams St, Plattsburgh, NY 83397",(646) 566-4382,True,,0.69,60,sweep_v25,2026-06-06T04:42:54.853864,Target for Modern Trade template demo
Climate HVAC Solutions of Schenectady,HVAC,Schenectady,NY,New York,"4586 Innovation Blvd, Schenectady, NY 96086",(585) 216-1849,False,,0.92,89,sweep_v25,2026-06-06T04:42:54.853932,Target for Modern Trade template demo
Red Corpus Christi Temperature Control,HVAC,Corpus Christi,TX,Texas,"2954 Franklin St, Corpus Christi, TX 24433",(903) 849-2273,False,,0.7,87,sweep_v25,2026-06-06T04:42:54.853996,Target for Modern Trade template demo
Heritage Air & Heating,HVAC,North Richland Hills,TX,Texas,"4320 Franklin St, North Richland Hills, TX 39877",(940) 489-8681,False,,0.85,91,sweep_v25,2026-06-06T04:42:54.854059,Target for Modern Trade template demo
City Yonkers Climate Control,HVAC,Yonkers,NY,New York,"796 Park Ave, Yonkers, NY 42071",(718) 869-8867,True,,0.61,53,sweep_v25,2026-06-06T04:42:54.854117,Target for Modern Trade template demo
Diamond Roofers of Richardson,Roofing,Richardson,TX,Texas,"9723 Valley Blvd, Richardson, TX 50430",(806) 721-7362,False,,0.71,94,sweep_v25,2026-06-06T04:42:54.854176,Target for Modern Trade template demo
Integrity Air & Heating of Buffalo,HVAC,Buffalo,NY,New York,"9348 Jackson Blvd, Buffalo, NY 28187",(315) 941-4826,True,,0.9,46,sweep_v25,2026-06-06T04:42:54.854280,Target for Modern Trade template demo
Triple Rosenberg Eatery,Restaurant,Rosenberg,TX,Texas,"4825 Park Ave, Rosenberg, TX 35317",(210) 659-4607,False,,0.74,90,sweep_v25,2026-06-06T04:42:54.854346,Target for Elegant Food template demo
Best Victoria Roof Specialists,Roofing,Victoria,TX,Texas,"5880 Pine St, Victoria, TX 11263",(432) 412-5440,False,,0.82,100,sweep_v25,2026-06-06T04:42:54.854404,Target for Modern Trade template demo
Southwest Air & Heating,HVAC,Temple,TX,Texas,"5107 Veterans Blvd, Temple, TX 23380",(469) 238-2931,False,,0.85,86,sweep_v25,2026-06-06T04:42:54.854462,Target for Modern Trade template demo
Old Sierra Vista Taqueria,Restaurant,Sierra Vista,AZ,Arizona,"1234 River Rd, Sierra Vista, AZ 12270",(602) 960-3806,False,,0.71,83,sweep_v25,2026-06-06T04:42:54.854521,Target for Elegant Food template demo
Cactus AC & Heating of Prescott,HVAC,Prescott,AZ,Arizona,"2707 Hill St, Prescott, AZ 94177",(928) 874-6761,False,,0.77,87,sweep_v25,2026-06-06T04:42:54.854581,Target for Modern Trade template demo
Lone Star Roofing Services of Avondale,Roofing,Avondale,AZ,Arizona,"8814 Center St, Avondale, AZ 52744",(520) 517-7259,False,,0.82,100,sweep_v25,2026-06-06T04:42:54.854646,Target for Modern Trade template demo
Arch Shingle & Siding of Yonkers,Roofing,Yonkers,NY,New York,"6066 Veterans Blvd, Yonkers, NY 99039",(607) 888-7533,True,,0.71,57,sweep_v25,2026-06-06T04:42:54.854707,Target for Modern Trade template demo
United Service Experts of Galveston,HVAC,Galveston,TX,Texas,"5656 Monroe Ave, Galveston, TX 88887",(972) 283-3062,True,,0.78,50,sweep_v25,2026-06-06T04:42:54.854817,Target for Modern Trade template demo
United AC & Heating of Parker,HVAC,Parker,AZ,Arizona,"7190 Washington Blvd, Parker, AZ 23886",(520) 410-5645,False,,0.74,84,sweep_v25,2026-06-06T04:42:54.854879,Target for Modern Trade template demo
Sahara Air Conditioning,HVAC,Surprise,AZ,Arizona,"1358 Cedar Ln, Surprise, AZ 63675",(520) 885-2928,True,,0.74,50,sweep_v25,2026-06-06T04:42:54.854950,Target for Modern Trade template demo
The Texas City Steakhouse,Restaurant,Texas City,TX,Texas,"9830 Hamilton Ave, Texas City, TX 75266",(361) 225-7991,True,,0.63,47,sweep_v25,2026-06-06T04:42:54.855016,Target for Elegant Food template demo
Golden The Colony Deli & Market,Restaurant,The Colony,TX,Texas,"1376 3rd St, The Colony, TX 59268",(325) 885-3439,True,,0.67,54,sweep_v25,2026-06-06T04:42:54.855078,Target for Elegant Food template demo
Everest San Luis Home Improvements,Roofing,San Luis,AZ,Arizona,"5022 Pine St, San Luis, AZ 13170",(602) 313-5133,True,,0.78,58,sweep_v25,2026-06-06T04:42:54.855135,Target for Modern Trade template demo
Blue Tempe Restaurant,Restaurant,Tempe,AZ,Arizona,"4161 Center St, Tempe, AZ 73745",(480) 336-6767,True,,0.69,40,sweep_v25,2026-06-06T04:42:54.855224,Target for Elegant Food template demo
Famous Odessa Italian Kitchen,Restaurant,Odessa,TX,Texas,"1602 Jackson Blvd, Odessa, TX 79937",(214) 651-1596,True,,0.8,55,sweep_v25,2026-06-06T04:42:54.855291,Target for Elegant Food template demo
Heritage Bisbee Sushi Bar,Restaurant,Bisbee,AZ,Arizona,"3605 School St, Bisbee, AZ 52278",(520) 959-8185,True,,0.81,42,sweep_v25,2026-06-06T04:42:54.855349,Target for Elegant Food template demo
Peak Roofing Solutions of Prescott Valley,Roofing,Prescott Valley,AZ,Arizona,"9973 Highland Ave, Prescott Valley, AZ 35251",(623) 357-1301,False,,0.79,100,sweep_v25,2026-06-06T04:42:54.855410,Target for Modern Trade template demo
One Mechanicville Pizza & Pasta,Restaurant,Mechanicville,NY,New York,"9084 Technology Dr, Mechanicville, NY 62411",(914) 204-5900,True,,0.62,51,sweep_v25,2026-06-06T04:42:54.855473,Target for Elegant Food template demo
Supreme Roofing Contractors of Mission,Roofing,Mission,TX,Texas,"6041 Commerce St, Mission, TX 27052",(361) 223-3567,True,,0.76,51,sweep_v25,2026-06-06T04:42:54.855533,Target for Modern Trade template demo
Supreme Roofers of Chino Valley,Roofing,Chino Valley,AZ,Arizona,"9342 School St, Chino Valley, AZ 99924",(602) 386-9591,False,,0.89,98,sweep_v25,2026-06-06T04:42:54.855599,Target for Modern Trade template demo
Valley Mechanical of Amsterdam,HVAC,Amsterdam,NY,New York,"689 Market St, Amsterdam, NY 73287",(917) 526-9063,True,,0.9,42,sweep_v25,2026-06-06T04:42:54.855662,Target for Modern Trade template demo
Rapid Huntsville Temperature Control,HVAC,Huntsville,TX,Texas,"4724 Enterprise Rd, Huntsville, TX 28665",(817) 762-3294,True,,0.71,57,sweep_v25,2026-06-06T04:42:54.855720,Target for Modern Trade template demo
Tri-State Abilene Service Experts,HVAC,Abilene,TX,Texas,"1861 School St, Abilene, TX 17692",(806) 403-4721,True,,0.71,50,sweep_v25,2026-06-06T04:42:54.855779,Target for Modern Trade template demo
Norton AC & Heating of Page,HVAC,Page,AZ,Arizona,"8410 Spring St, Page, AZ 42368",(480) 514-6223,False,,0.83,93,sweep_v25,2026-06-06T04:42:54.855835,Target for Modern Trade template demo
Traditions Edinburg Cafe & Grill,Restaurant,Edinburg,TX,Texas,"9110 Madison Ave, Edinburg, TX 37171",(512) 872-9400,True,,0.83,54,sweep_v25,2026-06-06T04:42:54.855893,Target for Elegant Food template demo
Supreme Roofing Solutions of Cohoes,Roofing,Cohoes,NY,New York,"4851 Cedar Ln, Cohoes, NY 66325",(718) 577-4527,False,,0.81,96,sweep_v25,2026-06-06T04:42:54.855960,Target for Modern Trade template demo
Diamond Rye Service Experts,HVAC,Rye,NY,New York,"7290 Lincoln Ave, Rye, NY 52077",(845) 883-5201,False,,0.81,82,sweep_v25,2026-06-06T04:42:54.856018,Target for Modern Trade template demo
Desert HVAC Services of Olean,HVAC,Olean,NY,New York,"5451 Franklin St, Olean, NY 72701",(516) 609-7383,False,,0.79,95,sweep_v25,2026-06-06T04:42:54.856076,Target for Modern Trade template demo
Mesa Ogdensburg Pizzeria,Restaurant,Ogdensburg,NY,New York,"7888 2nd St, Ogdensburg, NY 38701",(631) 768-5478,False,,0.73,90,sweep_v25,2026-06-06T04:42:54.856136,Target for Elegant Food template demo
Integrity Cooling & Heating,HVAC,Mechanicville,NY,New York,"9417 Washington Blvd, Mechanicville, NY 28395",(516) 819-7282,True,,0.67,54,sweep_v25,2026-06-06T04:42:54.856229,Target for Modern Trade template demo
A Italian Kitchen,Restaurant,Oro Valley,AZ,Arizona,"3881 Church St, Oro Valley, AZ 53329",(602) 205-2810,True,,0.63,47,sweep_v25,2026-06-06T04:42:54.856303,Target for Elegant Food template demo
Cactus Air Conditioning of Rome,HVAC,Rome,NY,New York,"8745 Industrial Blvd, Rome, NY 39680",(917) 817-6085,True,,0.62,55,sweep_v25,2026-06-06T04:42:54.856363,Target for Modern Trade template demo
Lifetime Roofers,Roofing,Albany,NY,New York,"2227 Washington Blvd, Albany, NY 22446",(631) 336-9250,True,,0.82,52,sweep_v25,2026-06-06T04:42:54.856424,Target for Modern Trade template demo
Best Service Experts of Southlake,HVAC,Southlake,TX,Texas,"9990 Franklin St, Southlake, TX 69740",(713) 562-4301,False,,0.91,94,sweep_v25,2026-06-06T04:42:54.856482,Target for Modern Trade template demo
La BBQ & Grill,Restaurant,Big Spring,TX,Texas,"4367 Highland Ave, Big Spring, TX 15528",(830) 721-2866,True,,0.89,50,sweep_v25,2026-06-06T04:42:54.856540,Target for Elegant Food template demo
Green Keller HVAC Solutions,HVAC,Keller,TX,Texas,"9175 Elm St, Keller, TX 86334",(432) 441-2301,True,,0.62,58,sweep_v25,2026-06-06T04:42:54.856600,Target for Modern Trade template demo
Silver Little Elm Grille,Restaurant,Little Elm,TX,Texas,"6593 Water St, Little Elm, TX 24414",(214) 985-6906,True,,0.68,53,sweep_v25,2026-06-06T04:42:54.856662,Target for Elegant Food template demo
Diamond Heating & Air of El Paso,HVAC,El Paso,TX,Texas,"2817 Sunset Blvd, El Paso, TX 94298",(254) 565-6237,False,,0.91,97,sweep_v25,2026-06-06T04:42:54.856723,Target for Modern Trade template demo
North Allen Roofing Services,Roofing,Allen,TX,Texas,"6341 Elm St, Allen, TX 30261",(512) 200-1887,True,,0.7,57,sweep_v25,2026-06-06T04:42:54.856785,Target for Modern Trade template demo
Bella Little Falls Bistro & Bar,Restaurant,Little Falls,NY,New York,"2926 Washington Blvd, Little Falls, NY 35702",(585) 294-5847,False,,0.85,81,sweep_v25,2026-06-06T04:42:54.856863,Target for Elegant Food template demo
Pacific Roofing & Remodeling of North Tonawanda,Roofing,North Tonawanda,NY,New York,"734 Cedar Ln, North Tonawanda, NY 90527",(315) 724-6783,True,,0.88,56,sweep_v25,2026-06-06T04:42:54.856932,Target for Modern Trade template demo
Payless Air Conditioning & Heating of College Station,HVAC,College Station,TX,Texas,"7528 Center St, College Station, TX 17624",(214) 771-1426,False,,0.76,89,sweep_v25,2026-06-06T04:42:54.856995,Target for Modern Trade template demo
Sun Dallas Taqueria,Restaurant,Dallas,TX,Texas,"6091 Jefferson Dr, Dallas, TX 97054",(409) 317-9240,False,,0.92,86,sweep_v25,2026-06-06T04:42:54.857054,Target for Elegant Food template demo
Five Star AC & Heating,HVAC,Chandler,AZ,Arizona,"8124 Jackson Blvd, Chandler, AZ 50498",(928) 272-7025,False,,0.82,95,sweep_v25,2026-06-06T04:42:54.857114,Target for Modern Trade template demo
Market Diner,Restaurant,Jamestown,NY,New York,"6088 Business Park Dr, Jamestown, NY 87551",(914) 897-2058,True,,0.66,48,sweep_v25,2026-06-06T04:42:54.857175,Target for Elegant Food template demo
United Cooling Solutions of Elmira,HVAC,Elmira,NY,New York,"9818 Business Park Dr, Elmira, NY 84162",(917) 704-7887,True,,0.89,45,sweep_v25,2026-06-06T04:42:54.857272,Target for Modern Trade template demo
Arrow Heating & Cooling,HVAC,Peoria,AZ,Arizona,"6238 Center St, Peoria, AZ 70590",(928) 659-4305,False,,0.7,92,sweep_v25,2026-06-06T04:42:54.857332,Target for Modern Trade template demo
Pioneer Air Conditioning & Heating,HVAC,Yuma,AZ,Arizona,"9654 Jefferson Dr, Yuma, AZ 43867",(520) 821-5248,True,,0.83,47,sweep_v25,2026-06-06T04:42:54.857391,Target for Modern Trade template demo
Reliable Air Conditioning & Heating of New York City,HVAC,New York City,NY,New York,"4634 Center St, New York City, NY 42124",(347) 248-9782,False,,0.83,95,sweep_v25,2026-06-06T04:42:54.857457,Target for Modern Trade template demo
Cool Heating & Cooling of Carrollton,HVAC,Carrollton,TX,Texas,"3039 Monroe Ave, Carrollton, TX 69187",(726) 606-3844,False,,0.89,97,sweep_v25,2026-06-06T04:42:54.857518,Target for Modern Trade template demo
Famous Saratoga Springs Diner,Restaurant,Saratoga Springs,NY,New York,"2384 Commerce St, Saratoga Springs, NY 60988",(315) 842-4186,True,,0.88,48,sweep_v25,2026-06-06T04:42:54.857581,Target for Elegant Food template demo
Sky Shingle & Siding of Troy,Roofing,Troy,NY,New York,"6922 Commerce St, Troy, NY 83347",(607) 710-6790,False,,0.92,97,sweep_v25,2026-06-06T04:42:54.857642,Target for Modern Trade template demo
White Coppell Air Conditioning & Heating,HVAC,Coppell,TX,Texas,"8771 1st Ave, Coppell, TX 12523",(915) 871-9860,True,,0.76,59,sweep_v25,2026-06-06T04:42:54.857702,Target for Modern Trade template demo
Pioneer Hornell Service Experts,HVAC,Hornell,NY,New York,"2996 Veterans Blvd, Hornell, NY 13600",(518) 369-6365,False,,0.81,82,sweep_v25,2026-06-06T04:42:54.857764,Target for Modern Trade template demo
Cactus Pflugerville Mechanical,HVAC,Pflugerville,TX,Texas,"1275 Hill St, Pflugerville, TX 36326",(682) 242-3073,True,,0.86,47,sweep_v25,2026-06-06T04:42:54.857824,Target for Modern Trade template demo
North Star Comfort Systems of Jamestown,HVAC,Jamestown,NY,New York,"321 Market St, Jamestown, NY 57632",(631) 876-2289,True,,0.65,53,sweep_v25,2026-06-06T04:42:54.857886,Target for Modern Trade template demo
