id,business_name,industry,city,state_code,state_name,address,phone,phone_verified,website_url,email,contact_name,source,created_at,lead_score,status
1,Elite Juneau HVAC,HVAC,Juneau,AK,Alaska,"1528 Lake Dr, Juneau, AK",(907) 444-6676,True,https://www.elite-juneau-hvac.org,info@elite-juneau-hvac.hvacpros.net,Brenda Reyes,national_scrape_v1,2026-06-12T05:52:23.698982+00:00,53,new
2,Clear Anchorage Heating & Cooling,HVAC,Anchorage,AK,Alaska,"8188 College Ave, Anchorage, AK",(907) 492-3758,True,https://www.clear-anchorage-heating-cooling.net,info@clear-anchorage-heating-cooling.hvacservices.com,Joshua Sanders,national_scrape_v1,2026-06-12T05:52:23.699055+00:00,58,new
3,Anchorage Mechanical Services,HVAC,Anchorage,AK,Alaska,"4893 University Blvd, Anchorage, AK",(907) 255-4364,True,https://www.anchorage-mechanical-services.com,info@anchorage-mechanical-services.hvac.com,Amy Wilson,national_scrape_v1,2026-06-12T05:52:23.699107+00:00,47,new
4,Golden Anchorage Mechanical Services,HVAC,Anchorage,AK,Alaska,"5348 Liberty Ave, Anchorage, AK",(907) 216-5713,True,https://www.golden-anchorage-mechanical-services.co,info@golden-anchorage-mechanical-services.hvac.com,Sarah Lewis,national_scrape_v1,2026-06-12T05:52:23.699156+00:00,75,new
5,First Anchorage HVAC,HVAC,Anchorage,AK,Alaska,"6598 Jefferson Dr, Anchorage, AK",(907) 560-9389,True,https://www.first-anchorage-hvac.co,info@first-anchorage-hvac.heatingandcooling.net,Patrick Lewis,national_scrape_v1,2026-06-12T05:52:23.699201+00:00,41,new
6,Flagship Fairbanks Heating & Air,HVAC,Fairbanks,AK,Alaska,"542 Main St, Fairbanks, AK",(907) 596-5153,True,https://www.flagship-fairbanks-heating-air.com,info@flagship-fairbanks-heating-air.airconditioning.com,David Cox,national_scrape_v1,2026-06-12T05:52:23.699246+00:00,83,new
7,High Desert Anchorage Air Conditioning,HVAC,Anchorage,AK,Alaska,"5084 Commerce Dr, Anchorage, AK",(907) 220-4902,True,https://www.high-desert-anchorage-air-conditioning.net,info@high-desert-anchorage-air-conditioning.hvacpros.net,Debra Reyes,national_scrape_v1,2026-06-12T05:52:23.699291+00:00,86,new
8,York of Juneau,HVAC,Juneau,AK,Alaska,"6937 4th Blvd, Juneau, AK",(907) 783-2469,True,https://www.york-of-juneau.net,info@york-of-juneau.comfortsolutions.com,Amanda Gomez,national_scrape_v1,2026-06-12T05:52:23.699364+00:00,59,new
9,Liberty Juneau Cooling & Heating,HVAC,Juneau,AK,Alaska,"6610 College Ave, Juneau, AK",(907) 724-9654,True,https://www.liberty-juneau-cooling-heating.com,info@liberty-juneau-cooling-heating.airconditioning.com,Karen Lee,national_scrape_v1,2026-06-12T05:52:23.699418+00:00,51,new
10,Trane of Fairbanks,HVAC,Fairbanks,AK,Alaska,"9683 Lake Dr, Fairbanks, AK",(907) 295-9272,True,https://www.trane-of-fairbanks.com,info@trane-of-fairbanks.mechanicalservices.com,Pamela Miller,national_scrape_v1,2026-06-12T05:52:23.699462+00:00,66,new
11,Main Street Fairbanks Climate Control,HVAC,Fairbanks,AK,Alaska,"339 Broadway, Fairbanks, AK",(907) 485-3592,True,https://www.main-street-fairbanks-climate-control.com,info@main-street-fairbanks-climate-control.hvac.com,Patrick Mendoza,national_scrape_v1,2026-06-12T05:52:23.699507+00:00,58,new
12,Pride Fairbanks HVAC,HVAC,Fairbanks,AK,Alaska,"9762 Pine St, Fairbanks, AK",(907) 906-2254,True,https://www.pride-fairbanks-hvac.net,info@pride-fairbanks-hvac.hvacservices.com,Christopher Edwards,national_scrape_v1,2026-06-12T05:52:23.699553+00:00,40,new
13,Goodman of Fairbanks,HVAC,Fairbanks,AK,Alaska,"8577 Sunset Blvd, Fairbanks, AK",(907) 615-6184,True,https://www.goodman-of-fairbanks.net,info@goodman-of-fairbanks.heatingandcooling.net,Brenda Phillips,national_scrape_v1,2026-06-12T05:52:23.699596+00:00,67,new
14,Direct Juneau Heating & Air,HVAC,Juneau,AK,Alaska,"8924 Jackson Dr, Juneau, AK",(907) 491-6154,True,https://www.direct-juneau-heating-air.com,info@direct-juneau-heating-air.airconditioning.com,Jacob Martin,national_scrape_v1,2026-06-12T05:52:23.699643+00:00,58,new
15,Sun Anchorage Air Systems,HVAC,Anchorage,AK,Alaska,"8644 Freedom Ave, Anchorage, AK",(907) 685-8138,True,https://www.sun-anchorage-air-systems.co,info@sun-anchorage-air-systems.mechanicalservices.com,Sarah Hill,national_scrape_v1,2026-06-12T05:52:23.699686+00:00,80,new
16,Front Range Fairbanks Heating & Air,HVAC,Fairbanks,AK,Alaska,"8133 Heritage Dr, Fairbanks, AK",(907) 602-3511,True,https://www.front-range-fairbanks-heating-air.com,info@front-range-fairbanks-heating-air.acrepair.com,Dennis Miller,national_scrape_v1,2026-06-12T05:52:23.699731+00:00,48,new
17,Golden Juneau Air Systems,HVAC,Juneau,AK,Alaska,"2204 Freedom Ave, Juneau, AK",(907) 565-1412,True,https://www.golden-juneau-air-systems.us,info@golden-juneau-air-systems.hvacservices.com,Brandon Jimenez,national_scrape_v1,2026-06-12T05:52:23.699774+00:00,81,new
18,Gulf Fairbanks HVAC,HVAC,Fairbanks,AK,Alaska,"7229 South Ave, Fairbanks, AK",(907) 589-3917,True,https://www.gulf-fairbanks-hvac.com,info@gulf-fairbanks-hvac.acrepair.com,Katherine Myers,national_scrape_v1,2026-06-12T05:52:23.699816+00:00,66,new
19,Flagship Fairbanks Mechanical Services,HVAC,Fairbanks,AK,Alaska,"2843 Mill St, Fairbanks, AK",(907) 296-7654,True,https://www.flagship-fairbanks-mechanical-services.com,info@flagship-fairbanks-mechanical-services.hvac.com,Raymond Cox,national_scrape_v1,2026-06-12T05:52:23.699860+00:00,80,new
20,Clear Anchorage Mechanical Services,HVAC,Anchorage,AK,Alaska,"4616 Cedar Ln, Anchorage, AK",(907) 825-4924,True,https://www.clear-anchorage-mechanical-services.net,info@clear-anchorage-mechanical-services.hvac.com,Larry Hall,national_scrape_v1,2026-06-12T05:52:23.699954+00:00,67,new
21,Right Anchorage Plumbing Services,Plumbing,Anchorage,AK,Alaska,"554 Liberty Ave, Anchorage, AK",(907) 746-7718,True,https://www.right-anchorage-plumbing-services.org,info@right-anchorage-plumbing-services.plumbing.com,Pamela Thompson,national_scrape_v1,2026-06-12T05:52:23.700003+00:00,87,new
22,Plumbing Masters of Fairbanks,Plumbing,Fairbanks,AK,Alaska,"4742 Oak Ave, Fairbanks, AK",(907) 865-2772,True,https://www.plumbing-masters-of-fairbanks.com,info@plumbing-masters-of-fairbanks.rooter.com,Nicholas Bennett,national_scrape_v1,2026-06-12T05:52:23.700047+00:00,82,new
23,Plumbing Masters of Fairbanks,Plumbing,Fairbanks,AK,Alaska,"3962 Medical Center Dr, Fairbanks, AK",(907) 945-9119,True,https://www.plumbing-masters-of-fairbanks.us,info@plumbing-masters-of-fairbanks.plumbingpros.com,Eric Hill,national_scrape_v1,2026-06-12T05:52:23.700094+00:00,74,new
24,Action Anchorage Plumbing Solutions,Plumbing,Anchorage,AK,Alaska,"6526 Market St, Anchorage, AK",(907) 496-9462,True,https://www.action-anchorage-plumbing-solutions.us,info@action-anchorage-plumbing-solutions.plumbingservices.net,Betty Hill,national_scrape_v1,2026-06-12T05:52:23.700140+00:00,49,new
25,Modern Juneau Plumbing Services,Plumbing,Juneau,AK,Alaska,"5909 Commerce Dr, Juneau, AK",(907) 931-8330,True,https://www.modern-juneau-plumbing-services.com,info@modern-juneau-plumbing-services.plumbers.net,Anna Jones,national_scrape_v1,2026-06-12T05:52:23.700184+00:00,86,new
26,Ironclad Fairbanks Drain Cleaning,Plumbing,Fairbanks,AK,Alaska,"7986 Lincoln Ave, Fairbanks, AK",(907) 656-3058,True,https://www.ironclad-fairbanks-drain-cleaning.org,info@ironclad-fairbanks-drain-cleaning.drainpros.com,Kathleen Diaz,national_scrape_v1,2026-06-12T05:52:23.700229+00:00,91,new
27,Clear Juneau Plumbing & Heating,Plumbing,Juneau,AK,Alaska,"7156 North St, Juneau, AK",(907) 696-9870,True,https://www.clear-juneau-plumbing-heating.org,info@clear-juneau-plumbing-heating.drainpros.com,Robert Campbell,national_scrape_v1,2026-06-12T05:52:23.700273+00:00,49,new
28,Aqua Fairbanks Plumbing Pros,Plumbing,Fairbanks,AK,Alaska,"8311 Technology Dr, Fairbanks, AK",(907) 650-4025,True,https://www.aqua-fairbanks-plumbing-pros.com,info@aqua-fairbanks-plumbing-pros.plumbers.net,Paul Price,national_scrape_v1,2026-06-12T05:52:23.700343+00:00,93,new
29,Fairbanks Plumbing & Heating,Plumbing,Fairbanks,AK,Alaska,"4176 Oak Ave, Fairbanks, AK",(907) 318-9346,True,https://www.fairbanks-plumbing-heating.net,info@fairbanks-plumbing-heating.pipeanddrain.com,Rebecca Bailey,national_scrape_v1,2026-06-12T05:52:23.700395+00:00,86,new
30,Premier Anchorage Drain Cleaning,Plumbing,Anchorage,AK,Alaska,"328 Highland Ave, Anchorage, AK",(907) 798-6374,True,https://www.premier-anchorage-drain-cleaning.net,info@premier-anchorage-drain-cleaning.drainpros.com,Nicholas Young,national_scrape_v1,2026-06-12T05:52:23.700442+00:00,84,new
31,Premier Anchorage Plumbing & Heating,Plumbing,Anchorage,AK,Alaska,"1560 Heritage Dr, Anchorage, AK",(907) 735-5959,True,https://www.premier-anchorage-plumbing-heating.us,info@premier-anchorage-plumbing-heating.rooter.com,Ashley King,national_scrape_v1,2026-06-12T05:52:23.700486+00:00,58,new
32,Drain King of Fairbanks,Plumbing,Fairbanks,AK,Alaska,"9812 Lincoln Ave, Fairbanks, AK",(907) 857-9830,True,https://www.drain-king-of-fairbanks.us,info@drain-king-of-fairbanks.plumbing.com,Patricia Wood,national_scrape_v1,2026-06-12T05:52:23.700528+00:00,94,new
33,Rooter-Man of Juneau,Plumbing,Juneau,AK,Alaska,"3139 West St, Juneau, AK",(907) 792-9553,True,https://www.rooter-man-of-juneau.org,info@rooter-man-of-juneau.plumbers.net,Jerry Gray,national_scrape_v1,2026-06-12T05:52:23.700571+00:00,80,new
34,Service Anchorage Rooter & Plumbing,Plumbing,Anchorage,AK,Alaska,"9554 University Blvd, Anchorage, AK",(907) 826-2208,True,https://www.service-anchorage-rooter-plumbing.net,info@service-anchorage-rooter-plumbing.plumbingservices.net,Anna Ross,national_scrape_v1,2026-06-12T05:52:23.700617+00:00,82,new
35,Modern Fairbanks Plumbing,Plumbing,Fairbanks,AK,Alaska,"2675 Sunset Blvd, Fairbanks, AK",(907) 481-8203,True,https://www.modern-fairbanks-plumbing.org,info@modern-fairbanks-plumbing.drainpros.com,Steven Hill,national_scrape_v1,2026-06-12T05:52:23.700660+00:00,68,new
36,Plumbing Masters of Juneau,Plumbing,Juneau,AK,Alaska,"2631 Cedar Ln, Juneau, AK",(907) 581-3008,True,https://www.plumbing-masters-of-juneau.us,info@plumbing-masters-of-juneau.rooter.com,Stephanie Gonzalez,national_scrape_v1,2026-06-12T05:52:23.700703+00:00,82,new
37,Pride Fairbanks Plumbing,Plumbing,Fairbanks,AK,Alaska,"6924 5th Ave, Fairbanks, AK",(907) 864-9860,True,https://www.pride-fairbanks-plumbing.us,info@pride-fairbanks-plumbing.plumbers.net,Kathleen Kelly,national_scrape_v1,2026-06-12T05:52:23.700746+00:00,88,new
38,Rapid Anchorage Plumbing Co.,Plumbing,Anchorage,AK,Alaska,"9257 Church St, Anchorage, AK",(907) 465-5517,True,https://www.rapid-anchorage-plumbing-co.net,info@rapid-anchorage-plumbing-co.rooter.com,Heather Moore,national_scrape_v1,2026-06-12T05:52:23.700790+00:00,40,new
39,Juneau Rooter & Plumbing,Plumbing,Juneau,AK,Alaska,"4778 Jefferson Dr, Juneau, AK",(907) 549-6125,True,https://www.juneau-rooter-plumbing.co,info@juneau-rooter-plumbing.plumbers.net,Stephanie Robinson,national_scrape_v1,2026-06-12T05:52:23.700833+00:00,61,new
40,Fairbanks Plumbing Pros,Plumbing,Fairbanks,AK,Alaska,"6896 South Ave, Fairbanks, AK",(907) 692-7789,True,https://www.fairbanks-plumbing-pros.co,info@fairbanks-plumbing-pros.plumbingservices.net,George Alvarez,national_scrape_v1,2026-06-12T05:52:23.700875+00:00,56,new
41,Heritage Fairbanks Roof Pros,Roofing,Fairbanks,AK,Alaska,"1120 Market St, Fairbanks, AK",(907) 361-8241,True,https://www.heritage-fairbanks-roof-pros.co,info@heritage-fairbanks-roof-pros.exteriors.com,Barbara Thomas,national_scrape_v1,2026-06-12T05:52:23.700918+00:00,61,new
42,Anchorage Roofing,Roofing,Anchorage,AK,Alaska,"9623 East Blvd, Anchorage, AK",(907) 542-2883,True,https://www.anchorage-roofing.us,info@anchorage-roofing.exteriors.com,Jerry Cooper,national_scrape_v1,2026-06-12T05:52:23.700959+00:00,67,new
43,Direct Fairbanks Roofing Services,Roofing,Fairbanks,AK,Alaska,"2166 Professional Pkwy, Fairbanks, AK",(907) 784-3875,True,https://www.direct-fairbanks-roofing-services.net,info@direct-fairbanks-roofing-services.roofers.net,Jack Scott,national_scrape_v1,2026-06-12T05:52:23.701002+00:00,51,new
44,IKO of Anchorage,Roofing,Anchorage,AK,Alaska,"7947 Washington St, Anchorage, AK",(907) 575-5329,True,https://www.iko-of-anchorage.us,info@iko-of-anchorage.roofingcontractors.com,Patrick Miller,national_scrape_v1,2026-06-12T05:52:23.701047+00:00,42,new
45,GAF of Anchorage,Roofing,Anchorage,AK,Alaska,"5291 College Ave, Anchorage, AK",(907) 414-8296,True,https://www.gaf-of-anchorage.co,info@gaf-of-anchorage.roofingservices.com,Dorothy Cox,national_scrape_v1,2026-06-12T05:52:23.701089+00:00,69,new
46,Accurate Anchorage Roof Pros,Roofing,Anchorage,AK,Alaska,"6494 Main St, Anchorage, AK",(907) 552-6451,True,https://www.accurate-anchorage-roof-pros.net,info@accurate-anchorage-roof-pros.roofsolutions.com,Rebecca Cruz,national_scrape_v1,2026-06-12T05:52:23.701131+00:00,55,new
47,Eagle Fairbanks Roofing & Construction,Roofing,Fairbanks,AK,Alaska,"1018 Sunset Blvd, Fairbanks, AK",(907) 647-7913,True,https://www.eagle-fairbanks-roofing-construction.com,info@eagle-fairbanks-roofing-construction.roofsolutions.com,Brandon Moore,national_scrape_v1,2026-06-12T05:52:23.701218+00:00,82,new
48,Direct Anchorage Roofing Solutions,Roofing,Anchorage,AK,Alaska,"426 2nd Ave, Anchorage, AK",(907) 519-1962,True,https://www.direct-anchorage-roofing-solutions.org,info@direct-anchorage-roofing-solutions.roofing.com,Katherine Ortiz,national_scrape_v1,2026-06-12T05:52:23.701269+00:00,43,new
49,Southwest Juneau Roofing & Remodeling,Roofing,Juneau,AK,Alaska,"9037 East Blvd, Juneau, AK",(907) 390-2763,True,https://www.southwest-juneau-roofing-remodeling.org,info@southwest-juneau-roofing-remodeling.exteriors.com,Timothy Foster,national_scrape_v1,2026-06-12T05:52:23.701340+00:00,73,new
50,United Fairbanks Roofing & Siding,Roofing,Fairbanks,AK,Alaska,"9603 Freedom Ave, Fairbanks, AK",(907) 443-4246,True,https://www.united-fairbanks-roofing-siding.com,info@united-fairbanks-roofing-siding.exteriors.com,Susan Rogers,national_scrape_v1,2026-06-12T05:52:23.701394+00:00,70,new
51,Express Fairbanks Roofing & Remodeling,Roofing,Fairbanks,AK,Alaska,"3822 4th Blvd, Fairbanks, AK",(907) 497-2434,True,https://www.express-fairbanks-roofing-remodeling.com,info@express-fairbanks-roofing-remodeling.roofingcontractors.com,Sarah Howard,national_scrape_v1,2026-06-12T05:52:23.701439+00:00,74,new
52,Easy Anchorage Roofing Services,Roofing,Anchorage,AK,Alaska,"9645 Church St, Anchorage, AK",(907) 738-9673,True,https://www.easy-anchorage-roofing-services.com,info@easy-anchorage-roofing-services.roofers.net,Stephanie Brown,national_scrape_v1,2026-06-12T05:52:23.701483+00:00,51,new
53,Allied Fairbanks Roofing Contractors,Roofing,Fairbanks,AK,Alaska,"2215 Mill St, Fairbanks, AK",(907) 875-6401,True,https://www.allied-fairbanks-roofing-contractors.com,info@allied-fairbanks-roofing-contractors.roofing.com,Timothy James,national_scrape_v1,2026-06-12T05:52:23.701526+00:00,55,new
54,Heritage Juneau Roof Pros,Roofing,Juneau,AK,Alaska,"4234 Innovation Blvd, Juneau, AK",(907) 435-4446,True,https://www.heritage-juneau-roof-pros.com,info@heritage-juneau-roof-pros.exteriors.com,Robert Richardson,national_scrape_v1,2026-06-12T05:52:23.701572+00:00,40,new
55,Quality Anchorage Roofing Contractors,Roofing,Anchorage,AK,Alaska,"2163 Heritage Dr, Anchorage, AK",(907) 228-9529,True,https://www.quality-anchorage-roofing-contractors.co,info@quality-anchorage-roofing-contractors.roofpros.com,Matthew Ruiz,national_scrape_v1,2026-06-12T05:52:23.701615+00:00,64,new
56,Royal Juneau Roofing,Roofing,Juneau,AK,Alaska,"432 Main St, Juneau, AK",(907) 241-1668,True,https://www.royal-juneau-roofing.com,info@royal-juneau-roofing.roofingcontractors.com,Jason Reyes,national_scrape_v1,2026-06-12T05:52:23.701658+00:00,54,new
57,Red Juneau Roofing Contractors,Roofing,Juneau,AK,Alaska,"7798 Technology Dr, Juneau, AK",(907) 624-6492,True,https://www.red-juneau-roofing-contractors.org,info@red-juneau-roofing-contractors.roofing.com,Jennifer Evans,national_scrape_v1,2026-06-12T05:52:23.701701+00:00,84,new
58,GAF of Fairbanks,Roofing,Fairbanks,AK,Alaska,"844 River Rd, Fairbanks, AK",(907) 896-9471,True,https://www.gaf-of-fairbanks.com,info@gaf-of-fairbanks.roofing.com,Robert Cruz,national_scrape_v1,2026-06-12T05:52:23.701743+00:00,76,new
59,Blue Fairbanks Roofing,Roofing,Fairbanks,AK,Alaska,"2964 Technology Dr, Fairbanks, AK",(907) 342-4408,True,https://www.blue-fairbanks-roofing.org,info@blue-fairbanks-roofing.exteriors.com,Donald Hill,national_scrape_v1,2026-06-12T05:52:23.701785+00:00,50,new
60,Royal Juneau Exteriors,Roofing,Juneau,AK,Alaska,"1621 Monroe St, Juneau, AK",(907) 327-5672,True,https://www.royal-juneau-exteriors.co,info@royal-juneau-exteriors.com,Michelle Robinson,national_scrape_v1,2026-06-12T05:52:23.701830+00:00,95,new
61,Total Juneau Electrical Contractors,Electrical,Juneau,AK,Alaska,"3773 University Blvd, Juneau, AK",(907) 346-8344,True,https://www.total-juneau-electrical-contractors.org,info@total-juneau-electrical-contractors.electrict.com,Helen King,national_scrape_v1,2026-06-12T05:52:23.701872+00:00,43,new
62,Shock Juneau Electrical,Electrical,Juneau,AK,Alaska,"2301 Monroe St, Juneau, AK",(907) 270-6971,True,https://www.shock-juneau-electrical.co,info@shock-juneau-electrical.electricpros.com,Katherine Cox,national_scrape_v1,2026-06-12T05:52:23.701915+00:00,52,new
63,Solar Fairbanks Electric,Electrical,Fairbanks,AK,Alaska,"1053 Highland Ave, Fairbanks, AK",(907) 295-3088,True,https://www.solar-fairbanks-electric.com,info@solar-fairbanks-electric.electrical.com,Jason Reyes,national_scrape_v1,2026-06-12T05:52:23.701956+00:00,49,new
64,National Fairbanks Electric Co.,Electrical,Fairbanks,AK,Alaska,"5544 East Blvd, Fairbanks, AK",(907) 498-5569,True,https://www.national-fairbanks-electric-co.co,info@national-fairbanks-electric-co.electricalservices.com,Amy Chavez,national_scrape_v1,2026-06-12T05:52:23.702002+00:00,44,new
65,Arrow Anchorage Electrical Services,Electrical,Anchorage,AK,Alaska,"252 School St, Anchorage, AK",(907) 465-2606,True,https://www.arrow-anchorage-electrical-services.net,info@arrow-anchorage-electrical-services.electrician.net,Jeffrey Alvarez,national_scrape_v1,2026-06-12T05:52:23.702046+00:00,59,new
66,Superior Fairbanks Electrical & Lighting,Electrical,Fairbanks,AK,Alaska,"9579 Liberty Ave, Fairbanks, AK",(907) 833-4327,True,https://www.superior-fairbanks-electrical-lighting.org,info@superior-fairbanks-electrical-lighting.electrict.com,Dorothy Collins,national_scrape_v1,2026-06-12T05:52:23.702091+00:00,86,new
67,Guardian Anchorage Electricians,Electrical,Anchorage,AK,Alaska,"2615 East Blvd, Anchorage, AK",(907) 637-5049,True,https://www.guardian-anchorage-electricians.us,info@guardian-anchorage-electricians.powerandlight.com,Alexander Morgan,national_scrape_v1,2026-06-12T05:52:23.702133+00:00,85,new
68,Precision Anchorage Electrical & Lighting,Electrical,Anchorage,AK,Alaska,"9601 School St, Anchorage, AK",(907) 704-4160,True,https://www.precision-anchorage-electrical-lighting.us,info@precision-anchorage-electrical-lighting.electrician.net,Raymond Ramirez,national_scrape_v1,2026-06-12T05:52:23.702176+00:00,67,new
69,Select Fairbanks Electrical Systems,Electrical,Fairbanks,AK,Alaska,"7553 Lake Dr, Fairbanks, AK",(907) 667-2699,True,https://www.select-fairbanks-electrical-systems.com,info@select-fairbanks-electrical-systems.electrical.com,George Nguyen,national_scrape_v1,2026-06-12T05:52:23.702219+00:00,40,new
70,Mr. Electric of Anchorage,Electrical,Anchorage,AK,Alaska,"4524 Main St, Anchorage, AK",(907) 343-2959,True,https://www.mr-electric-of-anchorage.com,info@mr-electric-of-anchorage.electricalservices.com,Samuel Kelly,national_scrape_v1,2026-06-12T05:52:23.702263+00:00,90,new
71,Volt Juneau Electrical Solutions,Electrical,Juneau,AK,Alaska,"8006 Lake Dr, Juneau, AK",(907) 375-3536,True,https://www.volt-juneau-electrical-solutions.net,info@volt-juneau-electrical-solutions.electrician.net,Amy Harris,national_scrape_v1,2026-06-12T05:52:23.702331+00:00,70,new
72,Spark Juneau Electrical Contractors,Electrical,Juneau,AK,Alaska,"4203 Oak Ave, Juneau, AK",(907) 265-6757,True,https://www.spark-juneau-electrical-contractors.net,info@spark-juneau-electrical-contractors.electricalservices.com,Patrick Morales,national_scrape_v1,2026-06-12T05:52:23.702381+00:00,77,new
73,Anchorage Electric,Electrical,Anchorage,AK,Alaska,"3271 College Ave, Anchorage, AK",(907) 734-7882,True,https://www.anchorage-electric.net,info@anchorage-electric.electrical.com,Frank Ortiz,national_scrape_v1,2026-06-12T05:52:23.702430+00:00,94,new
74,Southwest Fairbanks Electrical Services,Electrical,Fairbanks,AK,Alaska,"9037 West St, Fairbanks, AK",(907) 862-9176,True,https://www.southwest-fairbanks-electrical-services.net,info@southwest-fairbanks-electrical-services.electricalservices.com,Shirley Brown,national_scrape_v1,2026-06-12T05:52:23.702477+00:00,54,new
75,Green Fairbanks Electrical Pros,Electrical,Fairbanks,AK,Alaska,"7117 Washington St, Fairbanks, AK",(907) 812-5632,True,https://www.green-fairbanks-electrical-pros.com,info@green-fairbanks-electrical-pros.electrict.com,Angela Campbell,national_scrape_v1,2026-06-12T05:52:23.702522+00:00,83,new
76,All Anchorage Electrical,Electrical,Anchorage,AK,Alaska,"855 South Ave, Anchorage, AK",(907) 450-9079,True,https://www.all-anchorage-electrical.com,info@all-anchorage-electrical.com,James Miller,national_scrape_v1,2026-06-12T05:52:23.702566+00:00,90,new
77,Mr. Electric of Anchorage,Electrical,Anchorage,AK,Alaska,"1204 Mill St, Anchorage, AK",(907) 652-7809,True,https://www.mr-electric-of-anchorage.us,info@mr-electric-of-anchorage.electricalservices.com,Heather Davis,national_scrape_v1,2026-06-12T05:52:23.702609+00:00,60,new
78,Anchorage Electrical Pros,Electrical,Anchorage,AK,Alaska,"5171 Hamilton Ave, Anchorage, AK",(907) 966-4367,True,https://www.anchorage-electrical-pros.net,info@anchorage-electrical-pros.electrician.net,Heather Gomez,national_scrape_v1,2026-06-12T05:52:23.702653+00:00,51,new
79,Lightning Juneau Electrical Services,Electrical,Juneau,AK,Alaska,"6590 Cedar Ln, Juneau, AK",(907) 396-7889,True,https://www.lightning-juneau-electrical-services.org,info@lightning-juneau-electrical-services.electrical.com,Rachel Hughes,national_scrape_v1,2026-06-12T05:52:23.702696+00:00,78,new
80,Mr. Electric of Fairbanks,Electrical,Fairbanks,AK,Alaska,"9248 Business Park Dr, Fairbanks, AK",(907) 323-9938,True,https://www.mr-electric-of-fairbanks.net,info@mr-electric-of-fairbanks.electricalservices.com,Eric Martin,national_scrape_v1,2026-06-12T05:52:23.702741+00:00,49,new
81,Coastal Fairbanks Cafe,Restaurant,Fairbanks,AK,Alaska,"8255 Hamilton Ave, Fairbanks, AK",(907) 201-6300,True,https://www.coastal-fairbanks-cafe.co,info@coastal-fairbanks-cafe.yelp.com,Raymond Rogers,national_scrape_v1,2026-06-12T05:52:23.702786+00:00,54,new
82,Chili's of Fairbanks,Restaurant,Fairbanks,AK,Alaska,"2129 Market St, Fairbanks, AK",(907) 914-5939,True,https://www.chilis-of-fairbanks.us,info@chilis-of-fairbanks.orderfood.com,Jason Thompson,national_scrape_v1,2026-06-12T05:52:23.702829+00:00,58,new
83,Queens Fairbanks Cafe,Restaurant,Fairbanks,AK,Alaska,"8641 North St, Fairbanks, AK",(907) 890-3336,True,https://www.queens-fairbanks-cafe.com,info@queens-fairbanks-cafe.dining.com,Paul Taylor,national_scrape_v1,2026-06-12T05:52:23.702872+00:00,67,new
84,Crown Anchorage Steakhouse,Restaurant,Anchorage,AK,Alaska,"2728 Mill St, Anchorage, AK",(907) 957-3143,True,https://www.crown-anchorage-steakhouse.net,info@crown-anchorage-steakhouse.yelp.com,Stephen Nelson,national_scrape_v1,2026-06-12T05:52:23.702917+00:00,68,new
85,Valley Anchorage Kitchen,Restaurant,Anchorage,AK,Alaska,"5168 Hamilton Ave, Anchorage, AK",(907) 720-7937,True,https://www.valley-anchorage-kitchen.co,info@valley-anchorage-kitchen.opentable.net,Charles Walker,national_scrape_v1,2026-06-12T05:52:23.702962+00:00,76,new
86,Classic Spot Anchorage,Restaurant,Anchorage,AK,Alaska,"1046 Monroe St, Anchorage, AK",(907) 538-8325,True,https://www.classic-spot-anchorage.net,info@classic-spot-anchorage.restaurant.com,Stephanie Sanders,national_scrape_v1,2026-06-12T05:52:23.703006+00:00,89,new
87,Fairbanks Greek Bar & Grill,Restaurant,Fairbanks,AK,Alaska,"7946 Sunset Blvd, Fairbanks, AK",(907) 705-2476,True,https://www.fairbanks-greek-bar-grill.com,info@fairbanks-greek-bar-grill.eatery.net,George Cook,national_scrape_v1,2026-06-12T05:52:23.703050+00:00,95,new
88,North Anchorage Steakhouse,Restaurant,Anchorage,AK,Alaska,"7631 Liberty Ave, Anchorage, AK",(907) 351-1087,True,https://www.north-anchorage-steakhouse.co,info@north-anchorage-steakhouse.eatery.net,Charles Wood,national_scrape_v1,2026-06-12T05:52:23.703093+00:00,83,new
89,Happy Cafe Juneau,Restaurant,Juneau,AK,Alaska,"7936 Monroe St, Juneau, AK",(907) 864-8590,True,https://www.happy-cafe-juneau.co,info@happy-cafe-juneau.yelp.com,Dorothy Scott,national_scrape_v1,2026-06-12T05:52:23.703135+00:00,44,new
90,Anchorage Restaurant,Restaurant,Anchorage,AK,Alaska,"5426 Elm St, Anchorage, AK",(907) 376-8364,True,https://www.anchorage-restaurant.co,info@anchorage-restaurant.dining.com,Anthony Rogers,national_scrape_v1,2026-06-12T05:52:23.703179+00:00,83,new
91,Tasty View Anchorage,Restaurant,Anchorage,AK,Alaska,"6079 Maple Dr, Anchorage, AK",(907) 362-5504,True,https://www.tasty-view-anchorage.us,info@tasty-view-anchorage.dinein.com,Joseph Morgan,national_scrape_v1,2026-06-12T05:52:23.703221+00:00,51,new
92,Ridge Juneau Steakhouse,Restaurant,Juneau,AK,Alaska,"6305 Freedom Ave, Juneau, AK",(907) 910-2611,True,https://www.ridge-juneau-steakhouse.com,info@ridge-juneau-steakhouse.eatery.net,Richard Morgan,national_scrape_v1,2026-06-12T05:52:23.703263+00:00,44,new
93,Classic Place Juneau,Restaurant,Juneau,AK,Alaska,"2407 Main St, Juneau, AK",(907) 703-3665,True,https://www.classic-place-juneau.net,info@classic-place-juneau.eatery.net,Shirley Ortiz,national_scrape_v1,2026-06-12T05:52:23.703338+00:00,59,new
94,Anchorage Greek Kitchen,Restaurant,Anchorage,AK,Alaska,"4308 Heritage Dr, Anchorage, AK",(907) 330-3797,True,https://www.anchorage-greek-kitchen.net,info@anchorage-greek-kitchen.restaurant.com,Jonathan Hernandez,national_scrape_v1,2026-06-12T05:52:23.703395+00:00,88,new
95,Fairbanks Bistro,Restaurant,Fairbanks,AK,Alaska,"1929 5th Ave, Fairbanks, AK",(907) 924-5127,True,https://www.fairbanks-bistro.com,info@fairbanks-bistro.dinein.com,Angela Young,national_scrape_v1,2026-06-12T05:52:23.703439+00:00,83,new
96,Tasty View Anchorage,Restaurant,Anchorage,AK,Alaska,"2005 Cedar Ln, Anchorage, AK",(907) 234-9425,True,https://www.tasty-view-anchorage.us,info@tasty-view-anchorage.yelp.com,Michelle Castillo,national_scrape_v1,2026-06-12T05:52:23.703482+00:00,74,new
97,New Kitchen Anchorage,Restaurant,Anchorage,AK,Alaska,"4806 Professional Pkwy, Anchorage, AK",(907) 821-7908,True,https://www.new-kitchen-anchorage.org,info@new-kitchen-anchorage.dinein.com,Justin Green,national_scrape_v1,2026-06-12T05:52:23.703526+00:00,71,new
98,Town Anchorage Cafe,Restaurant,Anchorage,AK,Alaska,"6939 Heritage Dr, Anchorage, AK",(907) 361-1445,True,https://www.town-anchorage-cafe.com,info@town-anchorage-cafe.yelp.com,Catherine Ramirez,national_scrape_v1,2026-06-12T05:52:23.703569+00:00,72,new
99,Dominion Juneau Bar & Grill,Restaurant,Juneau,AK,Alaska,"2120 Park Ave, Juneau, AK",(907) 205-4237,True,https://www.dominion-juneau-bar-grill.com,info@dominion-juneau-bar-grill.eatery.net,Daniel Sanchez,national_scrape_v1,2026-06-12T05:52:23.703615+00:00,92,new
100,Old Bowl Fairbanks,Restaurant,Fairbanks,AK,Alaska,"2573 School St, Fairbanks, AK",(907) 740-4611,True,https://www.old-bowl-fairbanks.net,info@old-bowl-fairbanks.eatery.net,Andrew Smith,national_scrape_v1,2026-06-12T05:52:23.703658+00:00,75,new
1,Ultimate Huntsville Mechanical Services,HVAC,Huntsville,AL,Alabama,"6441 Enterprise Ave, Huntsville, AL",(334) 898-4374,True,https://www.ultimate-huntsville-mechanical-services.co,info@ultimate-huntsville-mechanical-services.airconditioning.com,Melissa Gutierrez,national_scrape_v1,2026-06-12T05:52:23.703782+00:00,57,new
2,Southwest Birmingham Air Systems,HVAC,Birmingham,AL,Alabama,"3421 Liberty Ave, Birmingham, AL",(938) 810-9151,True,https://www.southwest-birmingham-air-systems.us,info@southwest-birmingham-air-systems.hvacpros.net,Ronald Smith,national_scrape_v1,2026-06-12T05:52:23.703957+00:00,93,new
3,Central Birmingham Mechanical Services,HVAC,Birmingham,AL,Alabama,"9460 Elm St, Birmingham, AL",(205) 884-8235,True,https://www.central-birmingham-mechanical-services.org,info@central-birmingham-mechanical-services.comfortsolutions.com,Kathleen Hill,national_scrape_v1,2026-06-12T05:52:23.704049+00:00,66,new
4,Pioneer Mobile Heating & Air,HVAC,Mobile,AL,Alabama,"4260 1st St, Mobile, AL",(334) 522-7785,True,https://www.pioneer-mobile-heating-air.org,info@pioneer-mobile-heating-air.mechanicalservices.com,John Morgan,national_scrape_v1,2026-06-12T05:52:23.704106+00:00,63,new
5,Crown Birmingham Heating & Air,HVAC,Birmingham,AL,Alabama,"7062 East Blvd, Birmingham, AL",(334) 322-5473,True,https://www.crown-birmingham-heating-air.net,info@crown-birmingham-heating-air.mechanicalservices.com,Ryan Flores,national_scrape_v1,2026-06-12T05:52:23.704151+00:00,61,new
6,Clear Birmingham Climate Control,HVAC,Birmingham,AL,Alabama,"9438 Maple Dr, Birmingham, AL",(938) 948-3060,True,https://www.clear-birmingham-climate-control.org,info@clear-birmingham-climate-control.hvacpros.net,Kimberly Young,national_scrape_v1,2026-06-12T05:52:23.704196+00:00,70,new
7,National Mobile Air Conditioning,HVAC,Mobile,AL,Alabama,"5442 Highland Ave, Mobile, AL",(251) 511-8552,True,https://www.national-mobile-air-conditioning.us,info@national-mobile-air-conditioning.heatingandcooling.net,Jerry Young,national_scrape_v1,2026-06-12T05:52:23.704240+00:00,90,new
8,Atlas Mobile Mechanical Services,HVAC,Mobile,AL,Alabama,"9505 Maple Dr, Mobile, AL",(205) 743-7593,True,https://www.atlas-mobile-mechanical-services.org,info@atlas-mobile-mechanical-services.mechanicalservices.com,Michelle Gonzalez,national_scrape_v1,2026-06-12T05:52:23.704284+00:00,87,new
9,Capital Montgomery Air Conditioning,HVAC,Montgomery,AL,Alabama,"4173 Corporate Dr, Montgomery, AL",(256) 289-4614,True,https://www.capital-montgomery-air-conditioning.org,info@capital-montgomery-air-conditioning.comfortsolutions.com,Christopher Reyes,national_scrape_v1,2026-06-12T05:52:23.704354+00:00,71,new
10,Liberty Montgomery Temperature Control,HVAC,Montgomery,AL,Alabama,"6277 Heritage Dr, Montgomery, AL",(334) 878-8799,True,https://www.liberty-montgomery-temperature-control.com,info@liberty-montgomery-temperature-control.heatingandcooling.net,Joseph Jones,national_scrape_v1,2026-06-12T05:52:23.704409+00:00,84,new
11,United Mobile Mechanical Services,HVAC,Mobile,AL,Alabama,"6746 Corporate Dr, Mobile, AL",(334) 478-2738,True,https://www.united-mobile-mechanical-services.com,info@united-mobile-mechanical-services.heatingandcooling.net,Heather Rodriguez,national_scrape_v1,2026-06-12T05:52:23.704453+00:00,81,new
12,ProTech Birmingham Heating & Cooling,HVAC,Birmingham,AL,Alabama,"5626 School St, Birmingham, AL",(205) 639-9085,True,https://www.protech-birmingham-heating-cooling.net,info@protech-birmingham-heating-cooling.comfortsolutions.com,Kathleen Reed,national_scrape_v1,2026-06-12T05:52:23.704497+00:00,41,new
13,National Mobile Heating & Air,HVAC,Mobile,AL,Alabama,"9144 Monroe St, Mobile, AL",(251) 504-4688,True,https://www.national-mobile-heating-air.co,info@national-mobile-heating-air.hvacservices.com,Catherine Ross,national_scrape_v1,2026-06-12T05:52:23.704541+00:00,42,new
14,Huntsville Temperature Control,HVAC,Huntsville,AL,Alabama,"7772 Hill St, Huntsville, AL",(205) 886-6613,True,https://www.huntsville-temperature-control.org,info@huntsville-temperature-control.hvac.com,Shirley Jones,national_scrape_v1,2026-06-12T05:52:23.704587+00:00,56,new
15,Bryant of Montgomery,HVAC,Montgomery,AL,Alabama,"7940 Business Park Dr, Montgomery, AL",(938) 975-9240,True,https://www.bryant-of-montgomery.org,info@bryant-of-montgomery.acrepair.com,Karen Morgan,national_scrape_v1,2026-06-12T05:52:23.704630+00:00,93,new
16,Quality Birmingham Mechanical Services,HVAC,Birmingham,AL,Alabama,"8150 Adams Blvd, Birmingham, AL",(334) 929-9677,True,https://www.quality-birmingham-mechanical-services.org,info@quality-birmingham-mechanical-services.acrepair.com,Steven Reed,national_scrape_v1,2026-06-12T05:52:23.704674+00:00,78,new
17,Pro Mobile HVAC Services,HVAC,Mobile,AL,Alabama,"4920 Jackson Dr, Mobile, AL",(334) 838-3542,True,https://www.pro-mobile-hvac-services.org,info@pro-mobile-hvac-services.hvacservices.com,Jonathan Lopez,national_scrape_v1,2026-06-12T05:52:23.704718+00:00,75,new
18,Superior Birmingham Mechanical Services,HVAC,Birmingham,AL,Alabama,"7399 Commerce Dr, Birmingham, AL",(938) 816-7390,True,https://www.superior-birmingham-mechanical-services.org,info@superior-birmingham-mechanical-services.hvacpros.net,Donna Gutierrez,national_scrape_v1,2026-06-12T05:52:23.704762+00:00,69,new
19,Birmingham HVAC Services,HVAC,Birmingham,AL,Alabama,"7071 Innovation Blvd, Birmingham, AL",(334) 968-7678,True,https://www.birmingham-hvac-services.net,info@birmingham-hvac-services.hvacpros.net,Amanda Ortiz,national_scrape_v1,2026-06-12T05:52:23.704804+00:00,83,new
20,Goodman of Huntsville,HVAC,Huntsville,AL,Alabama,"4785 Corporate Dr, Huntsville, AL",(938) 409-5167,True,https://www.goodman-of-huntsville.com,info@goodman-of-huntsville.comfortsolutions.com,Sandra Hughes,national_scrape_v1,2026-06-12T05:52:23.704848+00:00,92,new
21,Blue Huntsville Pipe & Drain,Plumbing,Huntsville,AL,Alabama,"3985 Lincoln Ave, Huntsville, AL",(205) 305-3568,True,https://www.blue-huntsville-pipe-drain.com,info@blue-huntsville-pipe-drain.pipeanddrain.com,Tyler Kelly,national_scrape_v1,2026-06-12T05:52:23.704891+00:00,84,new
22,Clear Birmingham Plumbing,Plumbing,Birmingham,AL,Alabama,"5408 Main St, Birmingham, AL",(334) 441-7212,True,https://www.clear-birmingham-plumbing.com,info@clear-birmingham-plumbing.plumbingpros.com,Jack James,national_scrape_v1,2026-06-12T05:52:23.704934+00:00,83,new
23,Heritage Montgomery Plumbing Services,Plumbing,Montgomery,AL,Alabama,"5049 4th Blvd, Montgomery, AL",(251) 793-6011,True,https://www.heritage-montgomery-plumbing-services.com,info@heritage-montgomery-plumbing-services.plumbingservices.net,Jason Foster,national_scrape_v1,2026-06-12T05:52:23.704980+00:00,86,new
24,Right Huntsville Plumbing & Drain,Plumbing,Huntsville,AL,Alabama,"1742 Park Ave, Huntsville, AL",(205) 459-5702,True,https://www.right-huntsville-plumbing-drain.org,info@right-huntsville-plumbing-drain.plumbingservices.net,Joshua Reed,national_scrape_v1,2026-06-12T05:52:23.705027+00:00,52,new
25,Birmingham Plumbing & Heating,Plumbing,Birmingham,AL,Alabama,"482 West St, Birmingham, AL",(938) 709-3894,True,https://www.birmingham-plumbing-heating.com,info@birmingham-plumbing-heating.rooter.com,Eric Lopez,national_scrape_v1,2026-06-12T05:52:23.705070+00:00,72,new
26,National Birmingham Plumbing & Heating,Plumbing,Birmingham,AL,Alabama,"6088 South Ave, Birmingham, AL",(256) 845-5013,True,https://www.national-birmingham-plumbing-heating.com,info@national-birmingham-plumbing-heating.plumbingservices.net,Elizabeth Cox,national_scrape_v1,2026-06-12T05:52:23.705116+00:00,76,new
27,Green Mobile Drain Cleaning,Plumbing,Mobile,AL,Alabama,"9851 Hamilton Ave, Mobile, AL",(938) 897-1630,True,https://www.green-mobile-drain-cleaning.net,info@green-mobile-drain-cleaning.plumbing.com,Eric Allen,national_scrape_v1,2026-06-12T05:52:23.705159+00:00,66,new
28,Pro Huntsville Plumbing & Drain,Plumbing,Huntsville,AL,Alabama,"2765 Lake Dr, Huntsville, AL",(251) 543-6829,True,https://www.pro-huntsville-plumbing-drain.us,info@pro-huntsville-plumbing-drain.plumbing.com,Pamela Torres,national_scrape_v1,2026-06-12T05:52:23.705203+00:00,69,new
29,Montgomery Plumbing & Drain,Plumbing,Montgomery,AL,Alabama,"4433 Maple Dr, Montgomery, AL",(334) 726-1395,True,https://www.montgomery-plumbing-drain.us,info@montgomery-plumbing-drain.plumbers.net,Brian Howard,national_scrape_v1,2026-06-12T05:52:23.705245+00:00,43,new
30,Action Montgomery Plumbing & Drain,Plumbing,Montgomery,AL,Alabama,"9946 Franklin St, Montgomery, AL",(938) 579-7292,True,https://www.action-montgomery-plumbing-drain.co,info@action-montgomery-plumbing-drain.plumbing.com,Joshua Young,national_scrape_v1,2026-06-12T05:52:23.705288+00:00,93,new
31,AAA Montgomery Plumbing Co.,Plumbing,Montgomery,AL,Alabama,"3749 Main St, Montgomery, AL",(938) 226-1877,True,https://www.aaa-montgomery-plumbing-co.co,info@aaa-montgomery-plumbing-co.pipeanddrain.com,Jonathan Bailey,national_scrape_v1,2026-06-12T05:52:23.705356+00:00,90,new
32,Ironclad Montgomery Plumbing,Plumbing,Montgomery,AL,Alabama,"2064 Victory Blvd, Montgomery, AL",(256) 494-5813,True,https://www.ironclad-montgomery-plumbing.co,info@ironclad-montgomery-plumbing.plumbers.net,Paul Howard,national_scrape_v1,2026-06-12T05:52:23.705410+00:00,53,new
33,Express Mobile Plumbing Co.,Plumbing,Mobile,AL,Alabama,"9046 Church St, Mobile, AL",(256) 589-1191,True,https://www.express-mobile-plumbing-co.org,info@express-mobile-plumbing-co.drainpros.com,Pamela Rodriguez,national_scrape_v1,2026-06-12T05:52:23.705454+00:00,58,new
34,Rescue Birmingham Plumbing & Drain,Plumbing,Birmingham,AL,Alabama,"2995 Corporate Dr, Birmingham, AL",(251) 428-5452,True,https://www.rescue-birmingham-plumbing-drain.org,info@rescue-birmingham-plumbing-drain.plumbing.com,Joshua Scott,national_scrape_v1,2026-06-12T05:52:23.705500+00:00,91,new
35,Premier Birmingham Plumbing Pros,Plumbing,Birmingham,AL,Alabama,"850 Washington St, Birmingham, AL",(334) 899-6500,True,https://www.premier-birmingham-plumbing-pros.com,info@premier-birmingham-plumbing-pros.drainpros.com,Rebecca Parker,national_scrape_v1,2026-06-12T05:52:23.705543+00:00,70,new
36,Superior Montgomery Drain Cleaning,Plumbing,Montgomery,AL,Alabama,"328 Victory Blvd, Montgomery, AL",(251) 273-1071,True,https://www.superior-montgomery-drain-cleaning.co,info@superior-montgomery-drain-cleaning.plumbingservices.net,Sandra Baker,national_scrape_v1,2026-06-12T05:52:23.705587+00:00,75,new
37,Express Huntsville Plumbing Services,Plumbing,Huntsville,AL,Alabama,"1880 Lake Dr, Huntsville, AL",(334) 571-6836,True,https://www.express-huntsville-plumbing-services.org,info@express-huntsville-plumbing-services.plumbingservices.net,Steven Morales,national_scrape_v1,2026-06-12T05:52:23.705631+00:00,50,new
38,Rooter-Man of Huntsville,Plumbing,Huntsville,AL,Alabama,"3924 Business Park Dr, Huntsville, AL",(251) 225-5002,True,https://www.rooter-man-of-huntsville.co,info@rooter-man-of-huntsville.plumbing.com,Sarah Walker,national_scrape_v1,2026-06-12T05:52:23.705674+00:00,55,new
39,Direct Huntsville Plumbing Services,Plumbing,Huntsville,AL,Alabama,"6445 Hill St, Huntsville, AL",(938) 529-8059,True,https://www.direct-huntsville-plumbing-services.net,info@direct-huntsville-plumbing-services.plumbing.com,Samuel Hernandez,national_scrape_v1,2026-06-12T05:52:23.705717+00:00,81,new
40,Service Montgomery Plumbing & Heating,Plumbing,Montgomery,AL,Alabama,"904 University Blvd, Montgomery, AL",(334) 290-3316,True,https://www.service-montgomery-plumbing-heating.org,info@service-montgomery-plumbing-heating.drainpros.com,Anna Carter,national_scrape_v1,2026-06-12T05:52:23.705759+00:00,64,new
41,Accurate Huntsville Roofing Services,Roofing,Huntsville,AL,Alabama,"2681 Oak Ave, Huntsville, AL",(334) 745-5647,True,https://www.accurate-huntsville-roofing-services.com,info@accurate-huntsville-roofing-services.roofingcontractors.com,Margaret Nguyen,national_scrape_v1,2026-06-12T05:52:23.705803+00:00,48,new
42,Shield Mobile Roofing,Roofing,Mobile,AL,Alabama,"3704 South Ave, Mobile, AL",(251) 205-7073,True,https://www.shield-mobile-roofing.co,info@shield-mobile-roofing.roofers.net,Carolyn Kim,national_scrape_v1,2026-06-12T05:52:23.705846+00:00,86,new
43,Quality Mobile Roofing & Construction,Roofing,Mobile,AL,Alabama,"8075 3rd St, Mobile, AL",(256) 517-8370,True,https://www.quality-mobile-roofing-construction.net,info@quality-mobile-roofing-construction.roofsolutions.com,Michael Howard,national_scrape_v1,2026-06-12T05:52:23.705889+00:00,57,new
44,CertainTeed of Montgomery,Roofing,Montgomery,AL,Alabama,"9167 University Blvd, Montgomery, AL",(256) 444-1846,True,https://www.certainteed-of-montgomery.co,info@certainteed-of-montgomery.roofers.net,Jeffrey Kelly,national_scrape_v1,2026-06-12T05:52:23.705931+00:00,59,new
45,Direct Birmingham Roofing Co.,Roofing,Birmingham,AL,Alabama,"7660 Maple Dr, Birmingham, AL",(256) 416-8333,True,https://www.direct-birmingham-roofing-co.co,info@direct-birmingham-roofing-co.roofing.com,Rachel Morris,national_scrape_v1,2026-06-12T05:52:23.705975+00:00,93,new
46,CertainTeed of Mobile,Roofing,Mobile,AL,Alabama,"9633 Freedom Ave, Mobile, AL",(938) 249-1694,True,https://www.certainteed-of-mobile.co,info@certainteed-of-mobile.roofing.com,Jack Rodriguez,national_scrape_v1,2026-06-12T05:52:23.706017+00:00,56,new
47,Birmingham Roofing Contractors,Roofing,Birmingham,AL,Alabama,"2041 North St, Birmingham, AL",(334) 782-8019,True,https://www.birmingham-roofing-contractors.org,info@birmingham-roofing-contractors.roofingservices.com,Jeffrey Collins,national_scrape_v1,2026-06-12T05:52:23.706059+00:00,83,new
48,Modern Mobile Roofing Co.,Roofing,Mobile,AL,Alabama,"5690 Maple Dr, Mobile, AL",(205) 432-1287,True,https://www.modern-mobile-roofing-co.com,info@modern-mobile-roofing-co.roofpros.com,Steven Lee,national_scrape_v1,2026-06-12T05:52:23.706100+00:00,91,new
49,West Mobile Exteriors,Roofing,Mobile,AL,Alabama,"3878 1st St, Mobile, AL",(205) 813-5194,True,https://www.west-mobile-exteriors.net,info@west-mobile-exteriors.roofing.com,Nicole King,national_scrape_v1,2026-06-12T05:52:23.706144+00:00,77,new
50,CertainTeed of Mobile,Roofing,Mobile,AL,Alabama,"1806 3rd St, Mobile, AL",(938) 769-7646,True,https://www.certainteed-of-mobile.us,info@certainteed-of-mobile.roofsolutions.com,Jeffrey White,national_scrape_v1,2026-06-12T05:52:23.706186+00:00,79,new
51,Golden Mobile Roofing Solutions,Roofing,Mobile,AL,Alabama,"3016 Jefferson Dr, Mobile, AL",(256) 990-8387,True,https://www.golden-mobile-roofing-solutions.net,info@golden-mobile-roofing-solutions.roofingservices.com,Gary Garcia,national_scrape_v1,2026-06-12T05:52:23.706228+00:00,67,new
52,North Montgomery Exteriors,Roofing,Montgomery,AL,Alabama,"5884 Church St, Montgomery, AL",(334) 215-2123,True,https://www.north-montgomery-exteriors.com,info@north-montgomery-exteriors.roofers.net,Eric Ramos,national_scrape_v1,2026-06-12T05:52:23.706272+00:00,68,new
53,IKO of Montgomery,Roofing,Montgomery,AL,Alabama,"4953 South Ave, Montgomery, AL",(256) 922-3482,True,https://www.iko-of-montgomery.co,info@iko-of-montgomery.roofsolutions.com,Nicholas Nelson,national_scrape_v1,2026-06-12T05:52:23.706339+00:00,93,new
54,Huntsville Roofing Solutions,Roofing,Huntsville,AL,Alabama,"9522 Cedar Ln, Huntsville, AL",(256) 791-3422,True,https://www.huntsville-roofing-solutions.net,info@huntsville-roofing-solutions.exteriors.com,Kathleen Perez,national_scrape_v1,2026-06-12T05:52:23.706393+00:00,72,new
55,Mobile Roof Pros,Roofing,Mobile,AL,Alabama,"1436 Sunset Blvd, Mobile, AL",(251) 847-8800,True,https://www.mobile-roof-pros.com,info@mobile-roof-pros.roofingcontractors.com,Christopher Cook,national_scrape_v1,2026-06-12T05:52:23.706437+00:00,61,new
56,CertainTeed of Montgomery,Roofing,Montgomery,AL,Alabama,"5952 Innovation Blvd, Montgomery, AL",(334) 287-2591,True,https://www.certainteed-of-montgomery.us,info@certainteed-of-montgomery.roofers.net,Brandon Diaz,national_scrape_v1,2026-06-12T05:52:23.706479+00:00,69,new
57,Reliant Huntsville Roofing & Remodeling,Roofing,Huntsville,AL,Alabama,"5261 North St, Huntsville, AL",(938) 499-2531,True,https://www.reliant-huntsville-roofing-remodeling.us,info@reliant-huntsville-roofing-remodeling.roofpros.com,John Gonzalez,national_scrape_v1,2026-06-12T05:52:23.706525+00:00,85,new
58,Peak Birmingham Roofing & Remodeling,Roofing,Birmingham,AL,Alabama,"6844 North St, Birmingham, AL",(938) 268-3465,True,https://www.peak-birmingham-roofing-remodeling.org,info@peak-birmingham-roofing-remodeling.roofingcontractors.com,Rachel Ward,national_scrape_v1,2026-06-12T05:52:23.706568+00:00,89,new
59,Owens Corning of Montgomery,Roofing,Montgomery,AL,Alabama,"4811 School St, Montgomery, AL",(256) 633-2627,True,https://www.owens-corning-of-montgomery.com,info@owens-corning-of-montgomery.roofpros.com,Margaret Hughes,national_scrape_v1,2026-06-12T05:52:23.706613+00:00,67,new
60,Royal Montgomery Roofing Services,Roofing,Montgomery,AL,Alabama,"960 Professional Pkwy, Montgomery, AL",(938) 309-2097,True,https://www.royal-montgomery-roofing-services.com,info@royal-montgomery-roofing-services.exteriors.com,Christine Baker,national_scrape_v1,2026-06-12T05:52:23.706657+00:00,75,new
61,Valley Birmingham Electrical Systems,Electrical,Birmingham,AL,Alabama,"3752 School St, Birmingham, AL",(938) 907-4150,True,https://www.valley-birmingham-electrical-systems.org,info@valley-birmingham-electrical-systems.electricalsolutions.com,Ashley Mendoza,national_scrape_v1,2026-06-12T05:52:23.706701+00:00,65,new
62,Apex Mobile Electrical Pros,Electrical,Mobile,AL,Alabama,"963 Victory Blvd, Mobile, AL",(938) 483-9760,True,https://www.apex-mobile-electrical-pros.com,info@apex-mobile-electrical-pros.electrician.net,Dennis Hernandez,national_scrape_v1,2026-06-12T05:52:23.706746+00:00,80,new
63,Summit Huntsville Electric Co.,Electrical,Huntsville,AL,Alabama,"9266 Madison Ave, Huntsville, AL",(334) 713-5312,True,https://www.summit-huntsville-electric-co.com,info@summit-huntsville-electric-co.electricalservices.com,Patrick Parker,national_scrape_v1,2026-06-12T05:52:23.706790+00:00,91,new
64,Huntsville Electricians,Electrical,Huntsville,AL,Alabama,"8007 Pine St, Huntsville, AL",(205) 553-5476,True,https://www.huntsville-electricians.net,info@huntsville-electricians.electricpros.com,William Rogers,national_scrape_v1,2026-06-12T05:52:23.706834+00:00,70,new
65,United Birmingham Electrical Systems,Electrical,Birmingham,AL,Alabama,"7817 Professional Pkwy, Birmingham, AL",(256) 526-6460,True,https://www.united-birmingham-electrical-systems.co,info@united-birmingham-electrical-systems.electrical.com,Robert Green,national_scrape_v1,2026-06-12T05:52:23.706877+00:00,50,new
66,Mobile Electrical Systems,Electrical,Mobile,AL,Alabama,"8984 Cedar Ln, Mobile, AL",(205) 720-2593,True,https://www.mobile-electrical-systems.net,info@mobile-electrical-systems.electrict.com,Ronald Diaz,national_scrape_v1,2026-06-12T05:52:23.706920+00:00,62,new
67,White Mobile Electric,Electrical,Mobile,AL,Alabama,"9543 Highland Ave, Mobile, AL",(251) 383-8013,True,https://www.white-mobile-electric.co,info@white-mobile-electric.electricpros.com,Mark King,national_scrape_v1,2026-06-12T05:52:23.706963+00:00,42,new
68,Bright Huntsville Electric,Electrical,Huntsville,AL,Alabama,"1528 Park Ave, Huntsville, AL",(256) 844-8356,True,https://www.bright-huntsville-electric.org,info@bright-huntsville-electric.electricalsolutions.com,Patricia Jackson,national_scrape_v1,2026-06-12T05:52:23.707005+00:00,59,new
69,National Huntsville Electric Co.,Electrical,Huntsville,AL,Alabama,"3303 Adams Blvd, Huntsville, AL",(938) 530-2034,True,https://www.national-huntsville-electric-co.net,info@national-huntsville-electric-co.electrict.com,Jonathan Nelson,national_scrape_v1,2026-06-12T05:52:23.707049+00:00,53,new
70,Total Birmingham Electrical Services,Electrical,Birmingham,AL,Alabama,"7453 Hill St, Birmingham, AL",(938) 570-4464,True,https://www.total-birmingham-electrical-services.org,info@total-birmingham-electrical-services.electrician.net,David Gutierrez,national_scrape_v1,2026-06-12T05:52:23.707093+00:00,50,new
71,Modern Montgomery Electrical,Electrical,Montgomery,AL,Alabama,"5414 University Blvd, Montgomery, AL",(938) 599-5121,True,https://www.modern-montgomery-electrical.us,info@modern-montgomery-electrical.electrict.com,Anna Ruiz,national_scrape_v1,2026-06-12T05:52:23.707135+00:00,84,new
72,Central Birmingham Electrical Contractors,Electrical,Birmingham,AL,Alabama,"8897 River Rd, Birmingham, AL",(334) 541-3547,True,https://www.central-birmingham-electrical-contractors.net,info@central-birmingham-electrical-contractor.electrical.com,Sharon Myers,national_scrape_v1,2026-06-12T05:52:23.707178+00:00,89,new
73,Huntsville Electrical Services,Electrical,Huntsville,AL,Alabama,"2531 Hill St, Huntsville, AL",(205) 496-7376,True,https://www.huntsville-electrical-services.org,info@huntsville-electrical-services.electricalservices.com,Brian Rodriguez,national_scrape_v1,2026-06-12T05:52:23.707219+00:00,41,new
74,Power Up Electric of Huntsville,Electrical,Huntsville,AL,Alabama,"4451 Oak Ave, Huntsville, AL",(334) 549-7327,True,https://www.power-up-electric-of-huntsville.net,info@power-up-electric-of-huntsville.electricalservices.com,Janet Gray,national_scrape_v1,2026-06-12T05:52:23.707264+00:00,72,new
75,Safe Montgomery Electric,Electrical,Montgomery,AL,Alabama,"7918 Madison Ave, Montgomery, AL",(334) 621-9058,True,https://www.safe-montgomery-electric.net,info@safe-montgomery-electric.electricalsolutions.com,Rebecca Walker,national_scrape_v1,2026-06-12T05:52:23.707328+00:00,92,new
76,Rapid Huntsville Electrical,Electrical,Huntsville,AL,Alabama,"661 Cedar Ln, Huntsville, AL",(205) 630-1433,True,https://www.rapid-huntsville-electrical.net,info@rapid-huntsville-electrical.electricpros.com,Mark Cook,national_scrape_v1,2026-06-12T05:52:23.707377+00:00,62,new
77,Blue Montgomery Electric Co.,Electrical,Montgomery,AL,Alabama,"2834 3rd St, Montgomery, AL",(251) 537-7915,True,https://www.blue-montgomery-electric-co.net,info@blue-montgomery-electric-co.electrical.com,Paul Jackson,national_scrape_v1,2026-06-12T05:52:23.707425+00:00,70,new
78,Montgomery Electric,Electrical,Montgomery,AL,Alabama,"1243 Maple Dr, Montgomery, AL",(251) 881-7281,True,https://www.montgomery-electric.org,info@montgomery-electric.electrict.com,Stephen Cooper,national_scrape_v1,2026-06-12T05:52:23.707467+00:00,59,new
79,Huntsville Electricians,Electrical,Huntsville,AL,Alabama,"919 River Rd, Huntsville, AL",(334) 301-2945,True,https://www.huntsville-electricians.co,info@huntsville-electricians.electrical.com,Patricia White,national_scrape_v1,2026-06-12T05:52:23.707509+00:00,80,new
80,Safe Montgomery Electrical Systems,Electrical,Montgomery,AL,Alabama,"257 Commerce Dr, Montgomery, AL",(205) 568-7853,True,https://www.safe-montgomery-electrical-systems.co,info@safe-montgomery-electrical-systems.electricalsolutions.com,Scott Davis,national_scrape_v1,2026-06-12T05:52:23.707553+00:00,95,new
81,Little Cafe Huntsville,Restaurant,Huntsville,AL,Alabama,"4667 Maple Dr, Huntsville, AL",(938) 451-5142,True,https://www.little-cafe-huntsville.us,info@little-cafe-huntsville.yelp.com,Joseph Reyes,national_scrape_v1,2026-06-12T05:52:23.707600+00:00,60,new
82,Mobile Mexican Kitchen,Restaurant,Mobile,AL,Alabama,"8302 Victory Blvd, Mobile, AL",(205) 755-6898,True,https://www.mobile-mexican-kitchen.org,info@mobile-mexican-kitchen.yelp.com,Ashley Patel,national_scrape_v1,2026-06-12T05:52:23.707644+00:00,82,new
83,Birmingham Bar & Grill,Restaurant,Birmingham,AL,Alabama,"9146 Highland Ave, Birmingham, AL",(938) 416-1973,True,https://www.birmingham-bar-grill.us,info@birmingham-bar-grill.opentable.net,Deborah Wood,national_scrape_v1,2026-06-12T05:52:23.707690+00:00,73,new
84,Classic Place Birmingham,Restaurant,Birmingham,AL,Alabama,"3721 College Ave, Birmingham, AL",(205) 413-7712,True,https://www.classic-place-birmingham.com,info@classic-place-birmingham.foodandwine.com,Jack Carter,national_scrape_v1,2026-06-12T05:52:23.707736+00:00,58,new
85,Great Corner Montgomery,Restaurant,Montgomery,AL,Alabama,"6397 Elm St, Montgomery, AL",(205) 339-8469,True,https://www.great-corner-montgomery.co,info@great-corner-montgomery.opentable.net,Samantha Reyes,national_scrape_v1,2026-06-12T05:52:23.707781+00:00,59,new
86,Pacific Huntsville Grill,Restaurant,Huntsville,AL,Alabama,"5368 Liberty Ave, Huntsville, AL",(251) 782-9810,True,https://www.pacific-huntsville-grill.us,info@pacific-huntsville-grill.dining.com,Kevin Campbell,national_scrape_v1,2026-06-12T05:52:23.707824+00:00,56,new
87,Main Birmingham Restaurant,Restaurant,Birmingham,AL,Alabama,"6945 Enterprise Ave, Birmingham, AL",(251) 229-8951,True,https://www.main-birmingham-restaurant.co,info@main-birmingham-restaurant.com,Paul Bailey,national_scrape_v1,2026-06-12T05:52:23.707867+00:00,64,new
88,Birmingham Japanese Diner,Restaurant,Birmingham,AL,Alabama,"6023 River Rd, Birmingham, AL",(256) 700-9372,True,https://www.birmingham-japanese-diner.net,info@birmingham-japanese-diner.opentable.net,Rachel Brooks,national_scrape_v1,2026-06-12T05:52:23.708214+00:00,92,new
89,Spicy Bowl Huntsville,Restaurant,Huntsville,AL,Alabama,"4266 Highland Ave, Huntsville, AL",(205) 965-7362,True,https://www.spicy-bowl-huntsville.co,info@spicy-bowl-huntsville.dining.com,Catherine Moore,national_scrape_v1,2026-06-12T05:52:23.708358+00:00,60,new
90,Big Dish Birmingham,Restaurant,Birmingham,AL,Alabama,"5381 North St, Birmingham, AL",(938) 579-3762,True,https://www.big-dish-birmingham.net,info@big-dish-birmingham.eatery.net,Steven Rodriguez,national_scrape_v1,2026-06-12T05:52:23.708498+00:00,89,new
91,Olympic Birmingham Diner,Restaurant,Birmingham,AL,Alabama,"5431 Medical Center Dr, Birmingham, AL",(334) 981-9869,True,https://www.olympic-birmingham-diner.net,info@olympic-birmingham-diner.opentable.net,Angela Morgan,national_scrape_v1,2026-06-12T05:52:23.708599+00:00,77,new
92,KFC of Birmingham,Restaurant,Birmingham,AL,Alabama,"8970 Oak Ave, Birmingham, AL",(334) 420-6259,True,https://www.kfc-of-birmingham.us,info@kfc-of-birmingham.orderfood.com,Betty Rodriguez,national_scrape_v1,2026-06-12T05:52:23.708703+00:00,52,new
93,Mobile Steak Kitchen,Restaurant,Mobile,AL,Alabama,"3717 Market St, Mobile, AL",(205) 538-6237,True,https://www.mobile-steak-kitchen.org,info@mobile-steak-kitchen.dining.com,Ronald Morris,national_scrape_v1,2026-06-12T05:52:23.708803+00:00,90,new
94,Central Mobile Restaurant,Restaurant,Mobile,AL,Alabama,"8487 Innovation Blvd, Mobile, AL",(205) 657-8347,True,https://www.central-mobile-restaurant.net,info@central-mobile-restaurant.eatery.net,Donald Hill,national_scrape_v1,2026-06-12T05:52:23.708913+00:00,42,new
95,Sunny Kitchen Montgomery,Restaurant,Montgomery,AL,Alabama,"708 Franklin St, Montgomery, AL",(938) 730-8189,True,https://www.sunny-kitchen-montgomery.com,info@sunny-kitchen-montgomery.opentable.net,Daniel Martinez,national_scrape_v1,2026-06-12T05:52:23.709015+00:00,71,new
96,Taco Bell of Birmingham,Restaurant,Birmingham,AL,Alabama,"4779 West St, Birmingham, AL",(256) 756-1890,True,https://www.taco-bell-of-birmingham.us,info@taco-bell-of-birmingham.restaurant.com,Brenda Bennett,national_scrape_v1,2026-06-12T05:52:23.709121+00:00,75,new
97,Fancy Plate Mobile,Restaurant,Mobile,AL,Alabama,"4816 College Ave, Mobile, AL",(205) 271-2511,True,https://www.fancy-plate-mobile.com,info@fancy-plate-mobile.restaurant.com,Pamela Torres,national_scrape_v1,2026-06-12T05:52:23.709217+00:00,82,new
98,Mobile Steak Cafe,Restaurant,Mobile,AL,Alabama,"8397 North St, Mobile, AL",(334) 584-7633,True,https://www.mobile-steak-cafe.co,info@mobile-steak-cafe.eatery.net,Deborah Kim,national_scrape_v1,2026-06-12T05:52:23.709267+00:00,65,new
99,Montgomery Indian Kitchen & Bar,Restaurant,Montgomery,AL,Alabama,"7793 Cedar Ln, Montgomery, AL",(251) 530-5861,True,https://www.montgomery-indian-kitchen-bar.us,info@montgomery-indian-kitchen-bar.yelp.com,Nicholas Clark,national_scrape_v1,2026-06-12T05:52:23.709372+00:00,41,new
100,Montgomery Kitchen & Bar,Restaurant,Montgomery,AL,Alabama,"8946 2nd Ave, Montgomery, AL",(256) 230-6176,True,https://www.montgomery-kitchen-bar.org,info@montgomery-kitchen-bar.dinein.com,Kenneth Ross,national_scrape_v1,2026-06-12T05:52:23.709424+00:00,64,new
1,North Star Fort Smith HVAC Services,HVAC,Fort Smith,AR,Arkansas,"6627 Oak Ave, Fort Smith, AR",(870) 873-1307,True,https://www.north-star-fort-smith-hvac-services.org,info@north-star-fort-smith-hvac-services.heatingandcooling.net,Michael Sanchez,national_scrape_v1,2026-06-12T05:52:23.710132+00:00,85,new
2,Trane of Little Rock,HVAC,Little Rock,AR,Arkansas,"4724 Professional Pkwy, Little Rock, AR",(870) 247-8990,True,https://www.trane-of-little-rock.com,info@trane-of-little-rock.comfortsolutions.com,Mark Long,national_scrape_v1,2026-06-12T05:52:23.710274+00:00,70,new
3,Red Fort Smith HVAC,HVAC,Fort Smith,AR,Arkansas,"7831 Enterprise Ave, Fort Smith, AR",(501) 662-7950,True,https://www.red-fort-smith-hvac.co,info@red-fort-smith-hvac.airconditioning.com,Kenneth Davis,national_scrape_v1,2026-06-12T05:52:23.710351+00:00,41,new
4,Gulf Little Rock Cooling & Heating,HVAC,Little Rock,AR,Arkansas,"6735 Hill St, Little Rock, AR",(870) 588-7103,True,https://www.gulf-little-rock-cooling-heating.co,info@gulf-little-rock-cooling-heating.heatingandcooling.net,Karen Thompson,national_scrape_v1,2026-06-12T05:52:23.710406+00:00,40,new
5,Little Rock Air Conditioning,HVAC,Little Rock,AR,Arkansas,"9116 Monroe St, Little Rock, AR",(870) 325-7287,True,https://www.little-rock-air-conditioning.net,info@little-rock-air-conditioning.hvacservices.com,Dorothy Wright,national_scrape_v1,2026-06-12T05:52:23.710451+00:00,88,new
6,Pioneer Little Rock Temperature Control,HVAC,Little Rock,AR,Arkansas,"2429 Jefferson Dr, Little Rock, AR",(870) 717-6888,True,https://www.pioneer-little-rock-temperature-control.org,info@pioneer-little-rock-temperature-control.mechanicalservices.com,Richard Morgan,national_scrape_v1,2026-06-12T05:52:23.710498+00:00,70,new
7,Trane of Fort Smith,HVAC,Fort Smith,AR,Arkansas,"9628 Market St, Fort Smith, AR",(479) 350-1480,True,https://www.trane-of-fort-smith.org,info@trane-of-fort-smith.comfortsolutions.com,Scott Ross,national_scrape_v1,2026-06-12T05:52:23.710541+00:00,46,new
8,Blue Fayetteville Temperature Control,HVAC,Fayetteville,AR,Arkansas,"8828 Oak Ave, Fayetteville, AR",(479) 925-8110,True,https://www.blue-fayetteville-temperature-control.com,info@blue-fayetteville-temperature-control.acrepair.com,Cynthia Ross,national_scrape_v1,2026-06-12T05:52:23.710585+00:00,52,new
9,Pro Little Rock Heating & Cooling,HVAC,Little Rock,AR,Arkansas,"4151 Cedar Ln, Little Rock, AR",(479) 875-2460,True,https://www.pro-little-rock-heating-cooling.co,info@pro-little-rock-heating-cooling.airconditioning.com,Heather Lee,national_scrape_v1,2026-06-12T05:52:23.710630+00:00,74,new
10,Pro Little Rock Temperature Control,HVAC,Little Rock,AR,Arkansas,"4664 Innovation Blvd, Little Rock, AR",(479) 575-4117,True,https://www.pro-little-rock-temperature-control.net,info@pro-little-rock-temperature-control.heatingandcooling.net,Brian James,national_scrape_v1,2026-06-12T05:52:23.710674+00:00,79,new
11,Fort Smith HVAC,HVAC,Fort Smith,AR,Arkansas,"8349 Technology Dr, Fort Smith, AR",(479) 840-2951,True,https://www.fort-smith-hvac.com,info@fort-smith-hvac.com,Helen Cruz,national_scrape_v1,2026-06-12T05:52:23.710753+00:00,67,new
12,Direct Fort Smith Heating & Air,HVAC,Fort Smith,AR,Arkansas,"1546 Lake Dr, Fort Smith, AR",(501) 626-1448,True,https://www.direct-fort-smith-heating-air.net,info@direct-fort-smith-heating-air.heatingandcooling.net,Jerry Collins,national_scrape_v1,2026-06-12T05:52:23.710808+00:00,41,new
13,American Standard of Fayetteville,HVAC,Fayetteville,AR,Arkansas,"8825 School St, Fayetteville, AR",(479) 273-2779,True,https://www.american-standard-of-fayetteville.org,info@american-standard-of-fayetteville.heatingandcooling.net,Catherine White,national_scrape_v1,2026-06-12T05:52:23.710854+00:00,85,new
14,Fort Smith Air Conditioning,HVAC,Fort Smith,AR,Arkansas,"2548 Heritage Dr, Fort Smith, AR",(870) 619-5135,True,https://www.fort-smith-air-conditioning.net,info@fort-smith-air-conditioning.mechanicalservices.com,Heather Lopez,national_scrape_v1,2026-06-12T05:52:23.710901+00:00,69,new
15,Fayetteville Climate Control,HVAC,Fayetteville,AR,Arkansas,"6891 Commerce Dr, Fayetteville, AR",(479) 223-1166,True,https://www.fayetteville-climate-control.org,info@fayetteville-climate-control.heatingandcooling.net,Joshua Morris,national_scrape_v1,2026-06-12T05:52:23.710944+00:00,85,new
16,Ultimate Fayetteville HVAC Services,HVAC,Fayetteville,AR,Arkansas,"6200 Broadway, Fayetteville, AR",(870) 899-6577,True,https://www.ultimate-fayetteville-hvac-services.net,info@ultimate-fayetteville-hvac-services.acrepair.com,Linda Garcia,national_scrape_v1,2026-06-12T05:52:23.710990+00:00,51,new
17,Southwest Little Rock Cooling & Heating,HVAC,Little Rock,AR,Arkansas,"4875 Pine St, Little Rock, AR",(870) 540-1761,True,https://www.southwest-little-rock-cooling-heating.com,info@southwest-little-rock-cooling-heating.heatingandcooling.net,Christine Ruiz,national_scrape_v1,2026-06-12T05:52:23.711036+00:00,84,new
18,Liberty Fort Smith HVAC Services,HVAC,Fort Smith,AR,Arkansas,"8945 Oak Ave, Fort Smith, AR",(479) 759-2829,True,https://www.liberty-fort-smith-hvac-services.com,info@liberty-fort-smith-hvac-services.hvac.com,Dennis Smith,national_scrape_v1,2026-06-12T05:52:23.711081+00:00,76,new
19,West Fayetteville HVAC,HVAC,Fayetteville,AR,Arkansas,"3858 South Ave, Fayetteville, AR",(501) 649-2233,True,https://www.west-fayetteville-hvac.com,info@west-fayetteville-hvac.airconditioning.com,Joshua Peterson,national_scrape_v1,2026-06-12T05:52:23.711129+00:00,79,new
20,Express Fort Smith Cooling & Heating,HVAC,Fort Smith,AR,Arkansas,"5544 Adams Blvd, Fort Smith, AR",(479) 640-6452,True,https://www.express-fort-smith-cooling-heating.co,info@express-fort-smith-cooling-heating.hvacservices.com,Samuel Anderson,national_scrape_v1,2026-06-12T05:52:23.711173+00:00,83,new
21,Southwest Fort Smith Plumbing & Drain,Plumbing,Fort Smith,AR,Arkansas,"303 Mill St, Fort Smith, AR",(501) 818-8903,True,https://www.southwest-fort-smith-plumbing-drain.com,info@southwest-fort-smith-plumbing-drain.pipeanddrain.com,Patrick Ruiz,national_scrape_v1,2026-06-12T05:52:23.711218+00:00,86,new
22,American Fayetteville Drain Cleaning,Plumbing,Fayetteville,AR,Arkansas,"1971 Industrial Blvd, Fayetteville, AR",(479) 507-1859,True,https://www.american-fayetteville-drain-cleaning.co,info@american-fayetteville-drain-cleaning.rooter.com,Mark Jimenez,national_scrape_v1,2026-06-12T05:52:23.711262+00:00,95,new
23,Easy Fayetteville Plumbing & Heating,Plumbing,Fayetteville,AR,Arkansas,"7933 Business Park Dr, Fayetteville, AR",(870) 736-8112,True,https://www.easy-fayetteville-plumbing-heating.com,info@easy-fayetteville-plumbing-heating.plumbing.com,Ronald Hernandez,national_scrape_v1,2026-06-12T05:52:23.711333+00:00,93,new
24,Master Fayetteville Plumbing Pros,Plumbing,Fayetteville,AR,Arkansas,"4374 River Rd, Fayetteville, AR",(501) 212-1216,True,https://www.master-fayetteville-plumbing-pros.us,info@master-fayetteville-plumbing-pros.pipeanddrain.com,Amy Reyes,national_scrape_v1,2026-06-12T05:52:23.711386+00:00,61,new
25,Pro Fort Smith Plumbing Pros,Plumbing,Fort Smith,AR,Arkansas,"5456 Cedar Ln, Fort Smith, AR",(479) 307-5253,True,https://www.pro-fort-smith-plumbing-pros.org,info@pro-fort-smith-plumbing-pros.plumbingpros.com,Karen Ortiz,national_scrape_v1,2026-06-12T05:52:23.711432+00:00,93,new
26,Fort Smith Plumbing Co.,Plumbing,Fort Smith,AR,Arkansas,"7200 Pine St, Fort Smith, AR",(479) 247-3149,True,https://www.fort-smith-plumbing-co.net,info@fort-smith-plumbing-co.plumbers.net,Cynthia James,national_scrape_v1,2026-06-12T05:52:23.711478+00:00,78,new
27,Fayetteville Plumbing & Heating,Plumbing,Fayetteville,AR,Arkansas,"4881 Adams Blvd, Fayetteville, AR",(479) 881-2520,True,https://www.fayetteville-plumbing-heating.us,info@fayetteville-plumbing-heating.plumbingservices.net,Patricia King,national_scrape_v1,2026-06-12T05:52:23.711522+00:00,52,new
28,Golden Fayetteville Plumbing & Heating,Plumbing,Fayetteville,AR,Arkansas,"3672 5th Ave, Fayetteville, AR",(479) 600-4586,True,https://www.golden-fayetteville-plumbing-heating.org,info@golden-fayetteville-plumbing-heating.plumbingpros.com,Emma Martin,national_scrape_v1,2026-06-12T05:52:23.711566+00:00,43,new
29,National Fayetteville Plumbing & Heating,Plumbing,Fayetteville,AR,Arkansas,"826 Oak Ave, Fayetteville, AR",(501) 812-4653,True,https://www.national-fayetteville-plumbing-heating.com,info@national-fayetteville-plumbing-heating.drainpros.com,Charles Morris,national_scrape_v1,2026-06-12T05:52:23.711612+00:00,82,new
30,Little Rock Plumbing Pros,Plumbing,Little Rock,AR,Arkansas,"1448 Cedar Ln, Little Rock, AR",(870) 274-1195,True,https://www.little-rock-plumbing-pros.org,info@little-rock-plumbing-pros.plumbingservices.net,Justin Collins,national_scrape_v1,2026-06-12T05:52:23.711655+00:00,89,new
31,Fort Smith Plumbing Solutions,Plumbing,Fort Smith,AR,Arkansas,"4495 Hill St, Fort Smith, AR",(501) 971-2885,True,https://www.fort-smith-plumbing-solutions.co,info@fort-smith-plumbing-solutions.pipeanddrain.com,Donald Murphy,national_scrape_v1,2026-06-12T05:52:23.711699+00:00,89,new
32,Fayetteville Plumbing & Heating,Plumbing,Fayetteville,AR,Arkansas,"4088 Maple Dr, Fayetteville, AR",(870) 697-8526,True,https://www.fayetteville-plumbing-heating.co,info@fayetteville-plumbing-heating.plumbingpros.com,Jerry Ramirez,national_scrape_v1,2026-06-12T05:52:23.711741+00:00,75,new
33,Rescue Fayetteville Drain Cleaning,Plumbing,Fayetteville,AR,Arkansas,"3217 Highland Ave, Fayetteville, AR",(870) 530-5586,True,https://www.rescue-fayetteville-drain-cleaning.com,info@rescue-fayetteville-drain-cleaning.plumbingservices.net,Susan Kim,national_scrape_v1,2026-06-12T05:52:23.711784+00:00,93,new
34,Best Fayetteville Pipe & Drain,Plumbing,Fayetteville,AR,Arkansas,"7069 1st St, Fayetteville, AR",(870) 326-2955,True,https://www.best-fayetteville-pipe-drain.org,info@best-fayetteville-pipe-drain.plumbers.net,Jacob Rivera,national_scrape_v1,2026-06-12T05:52:23.711832+00:00,40,new
35,Capital Fort Smith Plumbing & Heating,Plumbing,Fort Smith,AR,Arkansas,"9648 Jefferson Dr, Fort Smith, AR",(501) 216-5991,True,https://www.capital-fort-smith-plumbing-heating.net,info@capital-fort-smith-plumbing-heating.plumbingpros.com,Daniel Bailey,national_scrape_v1,2026-06-12T05:52:23.711922+00:00,77,new
36,Red Fort Smith Rooter & Plumbing,Plumbing,Fort Smith,AR,Arkansas,"3723 Commerce Dr, Fort Smith, AR",(479) 964-6410,True,https://www.red-fort-smith-rooter-plumbing.net,info@red-fort-smith-rooter-plumbing.plumbers.net,Susan Robinson,national_scrape_v1,2026-06-12T05:52:23.711975+00:00,44,new
37,Fort Smith Plumbing Solutions,Plumbing,Fort Smith,AR,Arkansas,"2644 College Ave, Fort Smith, AR",(501) 794-6187,True,https://www.fort-smith-plumbing-solutions.co,info@fort-smith-plumbing-solutions.plumbers.net,Betty Williams,national_scrape_v1,2026-06-12T05:52:23.712019+00:00,50,new
38,Eagle Fayetteville Drain Cleaning,Plumbing,Fayetteville,AR,Arkansas,"1629 Professional Pkwy, Fayetteville, AR",(479) 605-4097,True,https://www.eagle-fayetteville-drain-cleaning.org,info@eagle-fayetteville-drain-cleaning.plumbers.net,Richard Nelson,national_scrape_v1,2026-06-12T05:52:23.712101+00:00,65,new
39,Premier Little Rock Drain Cleaning,Plumbing,Little Rock,AR,Arkansas,"4603 1st St, Little Rock, AR",(870) 792-8274,True,https://www.premier-little-rock-drain-cleaning.org,info@premier-little-rock-drain-cleaning.plumbing.com,Joshua White,national_scrape_v1,2026-06-12T05:52:23.712155+00:00,80,new
40,Ironclad Little Rock Plumbing Services,Plumbing,Little Rock,AR,Arkansas,"6717 Lincoln Ave, Little Rock, AR",(501) 837-3963,True,https://www.ironclad-little-rock-plumbing-services.net,info@ironclad-little-rock-plumbing-services.pipeanddrain.com,Timothy Davis,national_scrape_v1,2026-06-12T05:52:23.712200+00:00,47,new
41,Pride Fayetteville Roofing,Roofing,Fayetteville,AR,Arkansas,"4038 Monroe St, Fayetteville, AR",(501) 562-9837,True,https://www.pride-fayetteville-roofing.co,info@pride-fayetteville-roofing.com,Barbara Ortiz,national_scrape_v1,2026-06-12T05:52:23.712244+00:00,70,new
42,West Fayetteville Roofing & Remodeling,Roofing,Fayetteville,AR,Arkansas,"4381 Pine St, Fayetteville, AR",(479) 889-9616,True,https://www.west-fayetteville-roofing-remodeling.co,info@west-fayetteville-roofing-remodeling.roofing.com,Carol Ross,national_scrape_v1,2026-06-12T05:52:23.712291+00:00,93,new
43,Sure Fayetteville Roofing Contractors,Roofing,Fayetteville,AR,Arkansas,"2800 Madison Ave, Fayetteville, AR",(501) 618-9231,True,https://www.sure-fayetteville-roofing-contractors.co,info@sure-fayetteville-roofing-contractors.exteriors.com,Brenda Harris,national_scrape_v1,2026-06-12T05:52:23.712459+00:00,92,new
44,Little Rock Roofing Solutions,Roofing,Little Rock,AR,Arkansas,"5151 Innovation Blvd, Little Rock, AR",(479) 526-5678,True,https://www.little-rock-roofing-solutions.com,info@little-rock-roofing-solutions.exteriors.com,Diane Nguyen,national_scrape_v1,2026-06-12T05:52:23.712511+00:00,76,new
45,Fayetteville Roofing Services,Roofing,Fayetteville,AR,Arkansas,"4826 Heritage Dr, Fayetteville, AR",(501) 769-3793,True,https://www.fayetteville-roofing-services.com,info@fayetteville-roofing-services.roofers.net,Scott Jackson,national_scrape_v1,2026-06-12T05:52:23.712556+00:00,68,new
46,Select Fort Smith Roofing Contractors,Roofing,Fort Smith,AR,Arkansas,"7656 Church St, Fort Smith, AR",(501) 703-5135,True,https://www.select-fort-smith-roofing-contractors.us,info@select-fort-smith-roofing-contractors.roofpros.com,Sandra Collins,national_scrape_v1,2026-06-12T05:52:23.712602+00:00,84,new
47,GAF of Little Rock,Roofing,Little Rock,AR,Arkansas,"9544 South Ave, Little Rock, AR",(870) 428-8102,True,https://www.gaf-of-little-rock.net,info@gaf-of-little-rock.roofingservices.com,Sandra Alvarez,national_scrape_v1,2026-06-12T05:52:23.712650+00:00,71,new
48,Malarkey Roofing of Little Rock,Roofing,Little Rock,AR,Arkansas,"9269 Technology Dr, Little Rock, AR",(501) 575-4066,True,https://www.malarkey-roofing-of-little-rock.com,info@malarkey-roofing-of-little-rock.roofers.net,Kevin Wright,national_scrape_v1,2026-06-12T05:52:23.712698+00:00,70,new
49,Fayetteville Roofing Services,Roofing,Fayetteville,AR,Arkansas,"3481 Elm St, Fayetteville, AR",(870) 473-2990,True,https://www.fayetteville-roofing-services.com,info@fayetteville-roofing-services.roofpros.com,Samantha Williams,national_scrape_v1,2026-06-12T05:52:23.712741+00:00,45,new
50,Pioneer Little Rock Exteriors,Roofing,Little Rock,AR,Arkansas,"9560 Cedar Ln, Little Rock, AR",(870) 973-2095,True,https://www.pioneer-little-rock-exteriors.net,info@pioneer-little-rock-exteriors.roofingcontractors.com,Emily Johnson,national_scrape_v1,2026-06-12T05:52:23.712784+00:00,78,new
51,Owens Corning of Fayetteville,Roofing,Fayetteville,AR,Arkansas,"8961 Lake Dr, Fayetteville, AR",(479) 218-8875,True,https://www.owens-corning-of-fayetteville.us,info@owens-corning-of-fayetteville.roofpros.com,Samuel Anderson,national_scrape_v1,2026-06-12T05:52:23.712828+00:00,42,new
52,Atlas Roofing of Fort Smith,Roofing,Fort Smith,AR,Arkansas,"2040 Jefferson Dr, Fort Smith, AR",(501) 750-5614,True,https://www.atlas-roofing-of-fort-smith.net,info@atlas-roofing-of-fort-smith.roofsolutions.com,Brian Mendoza,national_scrape_v1,2026-06-12T05:52:23.712874+00:00,41,new
53,Owens Corning of Fayetteville,Roofing,Fayetteville,AR,Arkansas,"1058 1st St, Fayetteville, AR",(501) 287-6070,True,https://www.owens-corning-of-fayetteville.net,info@owens-corning-of-fayetteville.roofing.com,Joseph Miller,national_scrape_v1,2026-06-12T05:52:23.712917+00:00,81,new
54,Eagle Little Rock Roof Pros,Roofing,Little Rock,AR,Arkansas,"4937 Lake Dr, Little Rock, AR",(870) 211-9730,True,https://www.eagle-little-rock-roof-pros.us,info@eagle-little-rock-roof-pros.roofsolutions.com,Donna Gomez,national_scrape_v1,2026-06-12T05:52:23.712963+00:00,71,new
55,Five Star Fayetteville Roofing & Siding,Roofing,Fayetteville,AR,Arkansas,"7488 Professional Pkwy, Fayetteville, AR",(479) 800-7197,True,https://www.five-star-fayetteville-roofing-siding.com,info@five-star-fayetteville-roofing-siding.roofsolutions.com,Elizabeth Brooks,national_scrape_v1,2026-06-12T05:52:23.713097+00:00,46,new
56,Little Rock Roofing Co.,Roofing,Little Rock,AR,Arkansas,"3296 Medical Center Dr, Little Rock, AR",(501) 653-2471,True,https://www.little-rock-roofing-co.net,info@little-rock-roofing-co.roofpros.com,Amy Foster,national_scrape_v1,2026-06-12T05:52:23.713153+00:00,81,new
57,White Fort Smith Roofing & Siding,Roofing,Fort Smith,AR,Arkansas,"657 Technology Dr, Fort Smith, AR",(501) 347-3581,True,https://www.white-fort-smith-roofing-siding.us,info@white-fort-smith-roofing-siding.roofingcontractors.com,Amy Morgan,national_scrape_v1,2026-06-12T05:52:23.713199+00:00,76,new
58,Malarkey Roofing of Little Rock,Roofing,Little Rock,AR,Arkansas,"907 Main St, Little Rock, AR",(501) 802-5355,True,https://www.malarkey-roofing-of-little-rock.co,info@malarkey-roofing-of-little-rock.roofers.net,Raymond Allen,national_scrape_v1,2026-06-12T05:52:23.713244+00:00,82,new
59,Apex Fayetteville Roofing Solutions,Roofing,Fayetteville,AR,Arkansas,"838 Main St, Fayetteville, AR",(870) 597-8303,True,https://www.apex-fayetteville-roofing-solutions.com,info@apex-fayetteville-roofing-solutions.roofingcontractors.com,Nicholas Mendoza,national_scrape_v1,2026-06-12T05:52:23.713288+00:00,54,new
60,Eagle Little Rock Roofing,Roofing,Little Rock,AR,Arkansas,"1754 Hill St, Little Rock, AR",(501) 504-2772,True,https://www.eagle-little-rock-roofing.org,info@eagle-little-rock-roofing.roofingcontractors.com,Nancy Davis,national_scrape_v1,2026-06-12T05:52:23.713361+00:00,40,new
61,Peak Little Rock Electrical Contractors,Electrical,Little Rock,AR,Arkansas,"6222 Hamilton Ave, Little Rock, AR",(870) 482-6430,True,https://www.peak-little-rock-electrical-contractors.us,info@peak-little-rock-electrical-contractors.electricalsolutions.com,Mark Collins,national_scrape_v1,2026-06-12T05:52:23.713411+00:00,75,new
62,King Fort Smith Electric Co.,Electrical,Fort Smith,AR,Arkansas,"720 Liberty Ave, Fort Smith, AR",(870) 704-5198,True,https://www.king-fort-smith-electric-co.org,info@king-fort-smith-electric-co.powerandlight.com,Kathleen Miller,national_scrape_v1,2026-06-12T05:52:23.713458+00:00,74,new
63,Wire Fort Smith Electricians,Electrical,Fort Smith,AR,Arkansas,"9114 Madison Ave, Fort Smith, AR",(479) 855-3079,True,https://www.wire-fort-smith-electricians.net,info@wire-fort-smith-electricians.electrician.net,Pamela Edwards,national_scrape_v1,2026-06-12T05:52:23.713503+00:00,61,new
64,Rapid Fayetteville Electric,Electrical,Fayetteville,AR,Arkansas,"701 Corporate Dr, Fayetteville, AR",(479) 889-9335,True,https://www.rapid-fayetteville-electric.org,info@rapid-fayetteville-electric.electricpros.com,Carol Reed,national_scrape_v1,2026-06-12T05:52:23.713551+00:00,76,new
65,Keystone Little Rock Electricians,Electrical,Little Rock,AR,Arkansas,"9371 South Ave, Little Rock, AR",(479) 477-3823,True,https://www.keystone-little-rock-electricians.co,info@keystone-little-rock-electricians.electrical.com,Kimberly Mitchell,national_scrape_v1,2026-06-12T05:52:23.713595+00:00,71,new
66,Pro Fort Smith Electrical Contractors,Electrical,Fort Smith,AR,Arkansas,"5293 Pine St, Fort Smith, AR",(479) 209-5829,True,https://www.pro-fort-smith-electrical-contractors.us,info@pro-fort-smith-electrical-contractors.electrict.com,Jacob Patel,national_scrape_v1,2026-06-12T05:52:23.713640+00:00,57,new
67,Blue Fort Smith Electrical,Electrical,Fort Smith,AR,Arkansas,"3550 Heritage Dr, Fort Smith, AR",(479) 950-9412,True,https://www.blue-fort-smith-electrical.org,info@blue-fort-smith-electrical.electrict.com,Margaret Flores,national_scrape_v1,2026-06-12T05:52:23.713683+00:00,59,new
68,Power Up Electric of Fayetteville,Electrical,Fayetteville,AR,Arkansas,"468 Lincoln Ave, Fayetteville, AR",(479) 353-1448,True,https://www.power-up-electric-of-fayetteville.net,info@power-up-electric-of-fayetteville.powerandlight.com,Carolyn Rivera,national_scrape_v1,2026-06-12T05:52:23.713730+00:00,83,new
69,Little Rock Electrical Solutions,Electrical,Little Rock,AR,Arkansas,"9746 Commerce Dr, Little Rock, AR",(501) 537-6995,True,https://www.little-rock-electrical-solutions.us,info@little-rock-electrical-solutions.electrict.com,Patricia Jackson,national_scrape_v1,2026-06-12T05:52:23.713773+00:00,95,new
70,Wire Works of Fayetteville,Electrical,Fayetteville,AR,Arkansas,"657 Jefferson Dr, Fayetteville, AR",(501) 493-6357,True,https://www.wire-works-of-fayetteville.co,info@wire-works-of-fayetteville.electricalservices.com,Kathleen Wood,national_scrape_v1,2026-06-12T05:52:23.713816+00:00,90,new
71,Superior Fayetteville Electrical Systems,Electrical,Fayetteville,AR,Arkansas,"164 Industrial Blvd, Fayetteville, AR",(501) 574-6594,True,https://www.superior-fayetteville-electrical-systems.us,info@superior-fayetteville-electrical-systems.powerandlight.com,Michael Rogers,national_scrape_v1,2026-06-12T05:52:23.713861+00:00,83,new
72,Master Fayetteville Electrical Systems,Electrical,Fayetteville,AR,Arkansas,"9820 Church St, Fayetteville, AR",(870) 946-3630,True,https://www.master-fayetteville-electrical-systems.com,info@master-fayetteville-electrical-systems.electrict.com,William Price,national_scrape_v1,2026-06-12T05:52:23.713906+00:00,92,new
73,Royal Fayetteville Electrical Pros,Electrical,Fayetteville,AR,Arkansas,"6281 Pine St, Fayetteville, AR",(479) 659-8338,True,https://www.royal-fayetteville-electrical-pros.net,info@royal-fayetteville-electrical-pros.electricalsolutions.com,Tyler Evans,national_scrape_v1,2026-06-12T05:52:23.713948+00:00,85,new
74,Eagle Little Rock Electricians,Electrical,Little Rock,AR,Arkansas,"6163 Oak Ave, Little Rock, AR",(870) 301-7620,True,https://www.eagle-little-rock-electricians.us,info@eagle-little-rock-electricians.electricalservices.com,Eric Carter,national_scrape_v1,2026-06-12T05:52:23.713992+00:00,90,new
75,West Fort Smith Electrical Services,Electrical,Fort Smith,AR,Arkansas,"852 North St, Fort Smith, AR",(479) 620-3786,True,https://www.west-fort-smith-electrical-services.com,info@west-fort-smith-electrical-services.electricalsolutions.com,Karen Parker,national_scrape_v1,2026-06-12T05:52:23.714036+00:00,87,new
76,Little Rock Electrical Systems,Electrical,Little Rock,AR,Arkansas,"3400 Monroe St, Little Rock, AR",(870) 533-5039,True,https://www.little-rock-electrical-systems.com,info@little-rock-electrical-systems.electrict.com,Jeffrey Kelly,national_scrape_v1,2026-06-12T05:52:23.714078+00:00,93,new
77,Mister Sparky of Little Rock,Electrical,Little Rock,AR,Arkansas,"5738 5th Ave, Little Rock, AR",(501) 359-3134,True,https://www.mister-sparky-of-little-rock.net,info@mister-sparky-of-little-rock.electricalsolutions.com,Brian Sanchez,national_scrape_v1,2026-06-12T05:52:23.714127+00:00,53,new
78,Mister Sparky of Fayetteville,Electrical,Fayetteville,AR,Arkansas,"3717 Pine St, Fayetteville, AR",(479) 735-9359,True,https://www.mister-sparky-of-fayetteville.co,info@mister-sparky-of-fayetteville.electrician.net,Jennifer Edwards,national_scrape_v1,2026-06-12T05:52:23.714173+00:00,51,new
79,Precision Fayetteville Electricians,Electrical,Fayetteville,AR,Arkansas,"6206 Innovation Blvd, Fayetteville, AR",(870) 235-1225,True,https://www.precision-fayetteville-electricians.org,info@precision-fayetteville-electricians.electrical.com,Linda Howard,national_scrape_v1,2026-06-12T05:52:23.714216+00:00,69,new
80,Capital Fort Smith Electric,Electrical,Fort Smith,AR,Arkansas,"9822 West St, Fort Smith, AR",(501) 324-3391,True,https://www.capital-fort-smith-electric.org,info@capital-fort-smith-electric.electrict.com,Heather Perez,national_scrape_v1,2026-06-12T05:52:23.714259+00:00,82,new
81,Olive Garden of Little Rock,Restaurant,Little Rock,AR,Arkansas,"8996 1st St, Little Rock, AR",(870) 443-7138,True,https://www.olive-garden-of-little-rock.us,info@olive-garden-of-little-rock.orderfood.com,Scott Robinson,national_scrape_v1,2026-06-12T05:52:23.714326+00:00,80,new
82,Golden Fayetteville Kitchen,Restaurant,Fayetteville,AR,Arkansas,"556 Lincoln Ave, Fayetteville, AR",(870) 579-7105,True,https://www.golden-fayetteville-kitchen.com,info@golden-fayetteville-kitchen.orderfood.com,Donna Hernandez,national_scrape_v1,2026-06-12T05:52:23.714377+00:00,55,new
83,Golden Gate Little Rock Diner,Restaurant,Little Rock,AR,Arkansas,"6662 Hamilton Ave, Little Rock, AR",(870) 290-2342,True,https://www.golden-gate-little-rock-diner.co,info@golden-gate-little-rock-diner.eatery.net,Kevin Evans,national_scrape_v1,2026-06-12T05:52:23.714423+00:00,65,new
84,Dunkin' of Little Rock,Restaurant,Little Rock,AR,Arkansas,"9471 Maple Dr, Little Rock, AR",(501) 711-9796,True,https://www.dunkin-of-little-rock.net,info@dunkin-of-little-rock.dining.com,Linda Ramirez,national_scrape_v1,2026-06-12T05:52:23.714470+00:00,79,new
85,Little Rock Mexican Grill,Restaurant,Little Rock,AR,Arkansas,"4697 3rd St, Little Rock, AR",(501) 620-6504,True,https://www.little-rock-mexican-grill.com,info@little-rock-mexican-grill.restaurant.com,Deborah Morris,national_scrape_v1,2026-06-12T05:52:23.714514+00:00,54,new
86,Golden Fayetteville Diner,Restaurant,Fayetteville,AR,Arkansas,"2353 Corporate Dr, Fayetteville, AR",(501) 295-9447,True,https://www.golden-fayetteville-diner.co,info@golden-fayetteville-diner.yelp.com,Donna Hill,national_scrape_v1,2026-06-12T05:52:23.714559+00:00,66,new
87,Fort Smith Kitchen,Restaurant,Fort Smith,AR,Arkansas,"4553 Oak Ave, Fort Smith, AR",(870) 550-1103,True,https://www.fort-smith-kitchen.org,info@fort-smith-kitchen.opentable.net,Eric Gutierrez,national_scrape_v1,2026-06-12T05:52:23.714602+00:00,40,new
88,Fort Smith Diner,Restaurant,Fort Smith,AR,Arkansas,"8466 College Ave, Fort Smith, AR",(479) 947-1248,True,https://www.fort-smith-diner.co,info@fort-smith-diner.dinein.com,Heather Chavez,national_scrape_v1,2026-06-12T05:52:23.714645+00:00,40,new
89,Cozy Corner Little Rock,Restaurant,Little Rock,AR,Arkansas,"6062 Jackson Dr, Little Rock, AR",(870) 694-2307,True,https://www.cozy-corner-little-rock.co,info@cozy-corner-little-rock.foodandwine.com,Rebecca Ward,national_scrape_v1,2026-06-12T05:52:23.714727+00:00,87,new
90,Olive Garden of Fayetteville,Restaurant,Fayetteville,AR,Arkansas,"268 Washington St, Fayetteville, AR",(501) 437-7193,True,https://www.olive-garden-of-fayetteville.net,info@olive-garden-of-fayetteville.foodandwine.com,Paul Kelly,national_scrape_v1,2026-06-12T05:52:23.714777+00:00,61,new
91,Sun Fayetteville Diner,Restaurant,Fayetteville,AR,Arkansas,"905 Market St, Fayetteville, AR",(501) 256-2011,True,https://www.sun-fayetteville-diner.co,info@sun-fayetteville-diner.orderfood.com,Sandra Price,national_scrape_v1,2026-06-12T05:52:23.714822+00:00,54,new
92,Little Lounge Little Rock,Restaurant,Little Rock,AR,Arkansas,"1114 Hill St, Little Rock, AR",(870) 270-7864,True,https://www.little-lounge-little-rock.com,info@little-lounge-little-rock.eatery.net,Jerry Bailey,national_scrape_v1,2026-06-12T05:52:23.714867+00:00,43,new
93,Old Kitchen Little Rock,Restaurant,Little Rock,AR,Arkansas,"3592 West St, Little Rock, AR",(479) 757-7588,True,https://www.old-kitchen-little-rock.net,info@old-kitchen-little-rock.yelp.com,Dorothy Richardson,national_scrape_v1,2026-06-12T05:52:23.714911+00:00,40,new
94,Happy Dish Fort Smith,Restaurant,Fort Smith,AR,Arkansas,"4310 Highland Ave, Fort Smith, AR",(501) 215-3718,True,https://www.happy-dish-fort-smith.com,info@happy-dish-fort-smith.eatery.net,Jacob Smith,national_scrape_v1,2026-06-12T05:52:23.714957+00:00,72,new
95,Olympic Little Rock Cafe,Restaurant,Little Rock,AR,Arkansas,"8017 Industrial Blvd, Little Rock, AR",(501) 852-5753,True,https://www.olympic-little-rock-cafe.net,info@olympic-little-rock-cafe.eatery.net,Scott Gomez,national_scrape_v1,2026-06-12T05:52:23.715001+00:00,51,new
96,Fancy Cafe Little Rock,Restaurant,Little Rock,AR,Arkansas,"8755 Broadway, Little Rock, AR",(501) 401-8214,True,https://www.fancy-cafe-little-rock.co,info@fancy-cafe-little-rock.foodandwine.com,Edward Castillo,national_scrape_v1,2026-06-12T05:52:23.715046+00:00,77,new
97,Fort Smith BBQ Kitchen,Restaurant,Fort Smith,AR,Arkansas,"8067 North St, Fort Smith, AR",(501) 926-8557,True,https://www.fort-smith-bbq-kitchen.com,info@fort-smith-bbq-kitchen.dining.com,Christine Martin,national_scrape_v1,2026-06-12T05:52:23.715089+00:00,88,new
98,South Little Rock Bar & Grill,Restaurant,Little Rock,AR,Arkansas,"7546 Freedom Ave, Little Rock, AR",(870) 308-3329,True,https://www.south-little-rock-bar-grill.net,info@south-little-rock-bar-grill.eatery.net,Patrick Robinson,national_scrape_v1,2026-06-12T05:52:23.715139+00:00,78,new
99,Big Table Little Rock,Restaurant,Little Rock,AR,Arkansas,"9028 Cedar Ln, Little Rock, AR",(479) 792-5901,True,https://www.big-table-little-rock.us,info@big-table-little-rock.restaurant.com,Alexander Bennett,national_scrape_v1,2026-06-12T05:52:23.715185+00:00,89,new
100,Spicy Dish Little Rock,Restaurant,Little Rock,AR,Arkansas,"3175 3rd St, Little Rock, AR",(479) 711-5910,True,https://www.spicy-dish-little-rock.com,info@spicy-dish-little-rock.foodandwine.com,Diane Mitchell,national_scrape_v1,2026-06-12T05:52:23.715230+00:00,91,new
1,Crown Chandler HVAC Services,HVAC,Chandler,AZ,Arizona,"6754 Main St, Chandler, AZ",(520) 473-2060,True,https://www.crown-chandler-hvac-services.org,info@crown-chandler-hvac-services.mechanicalservices.com,Jason Gonzalez,national_scrape_v1,2026-06-12T05:52:23.715615+00:00,52,new
2,Frigidaire of Scottsdale,HVAC,Scottsdale,AZ,Arizona,"5236 Innovation Blvd, Scottsdale, AZ",(928) 275-6115,True,https://www.frigidaire-of-scottsdale.com,info@frigidaire-of-scottsdale.comfortsolutions.com,Melissa Brooks,national_scrape_v1,2026-06-12T05:52:23.715704+00:00,63,new
3,Pro Mesa HVAC,HVAC,Mesa,AZ,Arizona,"9484 Oak Ave, Mesa, AZ",(520) 813-7941,True,https://www.pro-mesa-hvac.net,info@pro-mesa-hvac.comfortsolutions.com,Alexander Kim,national_scrape_v1,2026-06-12T05:52:23.715760+00:00,47,new
4,Pride Mesa Air Systems,HVAC,Mesa,AZ,Arizona,"7633 Pine St, Mesa, AZ",(602) 381-3757,True,https://www.pride-mesa-air-systems.org,info@pride-mesa-air-systems.heatingandcooling.net,Margaret Lee,national_scrape_v1,2026-06-12T05:52:23.715818+00:00,91,new
5,City Mesa Temperature Control,HVAC,Mesa,AZ,Arizona,"4383 School St, Mesa, AZ",(602) 678-3226,True,https://www.city-mesa-temperature-control.co,info@city-mesa-temperature-control.hvacservices.com,William Evans,national_scrape_v1,2026-06-12T05:52:23.715867+00:00,72,new
6,Atlas Mesa Heating & Cooling,HVAC,Mesa,AZ,Arizona,"2866 Sunset Blvd, Mesa, AZ",(602) 657-7465,True,https://www.atlas-mesa-heating-cooling.org,info@atlas-mesa-heating-cooling.acrepair.com,Laura Wright,national_scrape_v1,2026-06-12T05:52:23.715969+00:00,86,new
7,Valley Chandler HVAC,HVAC,Chandler,AZ,Arizona,"454 Maple Dr, Chandler, AZ",(623) 444-4268,True,https://www.valley-chandler-hvac.us,info@valley-chandler-hvac.airconditioning.com,Barbara Wright,national_scrape_v1,2026-06-12T05:52:23.716019+00:00,82,new
8,Payne of Chandler,HVAC,Chandler,AZ,Arizona,"6912 Hill St, Chandler, AZ",(520) 847-9613,True,https://www.payne-of-chandler.net,info@payne-of-chandler.heatingandcooling.net,David Hill,national_scrape_v1,2026-06-12T05:52:23.716063+00:00,83,new
9,Arrow Scottsdale HVAC,HVAC,Scottsdale,AZ,Arizona,"6727 Broadway, Scottsdale, AZ",(602) 559-1820,True,https://www.arrow-scottsdale-hvac.com,info@arrow-scottsdale-hvac.com,Jeffrey Kelly,national_scrape_v1,2026-06-12T05:52:23.716107+00:00,85,new
10,Lennox of Scottsdale,HVAC,Scottsdale,AZ,Arizona,"5495 Mill St, Scottsdale, AZ",(520) 219-5438,True,https://www.lennox-of-scottsdale.net,info@lennox-of-scottsdale.comfortsolutions.com,Dennis Stewart,national_scrape_v1,2026-06-12T05:52:23.716149+00:00,83,new
11,Integrity Chandler HVAC,HVAC,Chandler,AZ,Arizona,"7478 Professional Pkwy, Chandler, AZ",(623) 271-3970,True,https://www.integrity-chandler-hvac.co,info@integrity-chandler-hvac.hvacservices.com,Raymond Castillo,national_scrape_v1,2026-06-12T05:52:23.716193+00:00,58,new
12,ProTech Scottsdale Mechanical Services,HVAC,Scottsdale,AZ,Arizona,"3085 Professional Pkwy, Scottsdale, AZ",(602) 959-2426,True,https://www.protech-scottsdale-mechanical-services.com,info@protech-scottsdale-mechanical-services.acrepair.com,Thomas Taylor,national_scrape_v1,2026-06-12T05:52:23.716238+00:00,45,new
13,City Tucson HVAC,HVAC,Tucson,AZ,Arizona,"5190 Hill St, Tucson, AZ",(623) 327-9141,True,https://www.city-tucson-hvac.com,info@city-tucson-hvac.com,Deborah Garcia,national_scrape_v1,2026-06-12T05:52:23.716283+00:00,41,new
14,Atlas Tucson HVAC Services,HVAC,Tucson,AZ,Arizona,"3328 Hamilton Ave, Tucson, AZ",(928) 611-2845,True,https://www.atlas-tucson-hvac-services.co,info@atlas-tucson-hvac-services.hvacpros.net,Ryan Reyes,national_scrape_v1,2026-06-12T05:52:23.716406+00:00,44,new
15,Easy Scottsdale Temperature Control,HVAC,Scottsdale,AZ,Arizona,"8916 Victory Blvd, Scottsdale, AZ",(623) 392-4897,True,https://www.easy-scottsdale-temperature-control.com,info@easy-scottsdale-temperature-control.acrepair.com,Sharon Castillo,national_scrape_v1,2026-06-12T05:52:23.716457+00:00,61,new
16,Triangle Mesa Heating & Air,HVAC,Mesa,AZ,Arizona,"9084 5th Ave, Mesa, AZ",(928) 998-4812,True,https://www.triangle-mesa-heating-air.org,info@triangle-mesa-heating-air.comfortsolutions.com,Cynthia Scott,national_scrape_v1,2026-06-12T05:52:23.716502+00:00,53,new
17,Goodman of Mesa,HVAC,Mesa,AZ,Arizona,"4712 East Blvd, Mesa, AZ",(928) 512-1499,True,https://www.goodman-of-mesa.net,info@goodman-of-mesa.comfortsolutions.com,Frank Carter,national_scrape_v1,2026-06-12T05:52:23.716546+00:00,79,new
18,Mesa Mechanical Services,HVAC,Mesa,AZ,Arizona,"9805 Freedom Ave, Mesa, AZ",(480) 871-7796,True,https://www.mesa-mechanical-services.co,info@mesa-mechanical-services.airconditioning.com,Kenneth Miller,national_scrape_v1,2026-06-12T05:52:23.716590+00:00,86,new
19,Climate Phoenix Air Systems,HVAC,Phoenix,AZ,Arizona,"9738 Oak Ave, Phoenix, AZ",(480) 600-1533,True,https://www.climate-phoenix-air-systems.us,info@climate-phoenix-air-systems.acrepair.com,Thomas Edwards,national_scrape_v1,2026-06-12T05:52:23.716634+00:00,85,new
20,Accurate Scottsdale Heating & Cooling,HVAC,Scottsdale,AZ,Arizona,"3923 Highland Ave, Scottsdale, AZ",(602) 375-1160,True,https://www.accurate-scottsdale-heating-cooling.co,info@accurate-scottsdale-heating-cooling.hvacpros.net,Jack Robinson,national_scrape_v1,2026-06-12T05:52:23.716679+00:00,61,new
21,Main Mesa Pipe & Drain,Plumbing,Mesa,AZ,Arizona,"2581 River Rd, Mesa, AZ",(480) 722-9132,True,https://www.main-mesa-pipe-drain.org,info@main-mesa-pipe-drain.plumbers.net,Patricia Walker,national_scrape_v1,2026-06-12T05:52:23.716722+00:00,77,new
22,Scottsdale Plumbing Pros,Plumbing,Scottsdale,AZ,Arizona,"4407 1st St, Scottsdale, AZ",(480) 518-9812,True,https://www.scottsdale-plumbing-pros.us,info@scottsdale-plumbing-pros.pipeanddrain.com,Benjamin Gonzalez,national_scrape_v1,2026-06-12T05:52:23.716764+00:00,68,new
23,Scottsdale Plumbing,Plumbing,Scottsdale,AZ,Arizona,"8858 5th Ave, Scottsdale, AZ",(480) 336-2999,True,https://www.scottsdale-plumbing.co,info@scottsdale-plumbing.plumbingpros.com,Susan Lee,national_scrape_v1,2026-06-12T05:52:23.716805+00:00,49,new
24,Tucson Rooter & Plumbing,Plumbing,Tucson,AZ,Arizona,"8001 Franklin St, Tucson, AZ",(623) 744-3849,True,https://www.tucson-rooter-plumbing.co,info@tucson-rooter-plumbing.plumbers.net,Larry Gonzalez,national_scrape_v1,2026-06-12T05:52:23.716849+00:00,71,new
25,Green Phoenix Pipe & Drain,Plumbing,Phoenix,AZ,Arizona,"2380 2nd Ave, Phoenix, AZ",(623) 792-1478,True,https://www.green-phoenix-pipe-drain.us,info@green-phoenix-pipe-drain.rooter.com,Anthony Murphy,national_scrape_v1,2026-06-12T05:52:23.716892+00:00,56,new
26,Rooter-Man of Chandler,Plumbing,Chandler,AZ,Arizona,"7996 Liberty Ave, Chandler, AZ",(623) 514-5843,True,https://www.rooter-man-of-chandler.us,info@rooter-man-of-chandler.rooter.com,Sarah Robinson,national_scrape_v1,2026-06-12T05:52:23.716936+00:00,74,new
27,Best Scottsdale Rooter & Plumbing,Plumbing,Scottsdale,AZ,Arizona,"3369 1st St, Scottsdale, AZ",(480) 376-2618,True,https://www.best-scottsdale-rooter-plumbing.org,info@best-scottsdale-rooter-plumbing.plumbingpros.com,Robert Stewart,national_scrape_v1,2026-06-12T05:52:23.716980+00:00,73,new
28,Central Scottsdale Plumbing Pros,Plumbing,Scottsdale,AZ,Arizona,"7767 Hill St, Scottsdale, AZ",(928) 778-9726,True,https://www.central-scottsdale-plumbing-pros.co,info@central-scottsdale-plumbing-pros.plumbingpros.com,Jerry Morales,national_scrape_v1,2026-06-12T05:52:23.717024+00:00,66,new
29,Rooter-Man of Mesa,Plumbing,Mesa,AZ,Arizona,"6057 Oak Ave, Mesa, AZ",(480) 899-4937,True,https://www.rooter-man-of-mesa.com,info@rooter-man-of-mesa.plumbing.com,Brian Martinez,national_scrape_v1,2026-06-12T05:52:23.717066+00:00,72,new
30,Pride Phoenix Drain Cleaning,Plumbing,Phoenix,AZ,Arizona,"2944 Hamilton Ave, Phoenix, AZ",(928) 484-4371,True,https://www.pride-phoenix-drain-cleaning.us,info@pride-phoenix-drain-cleaning.rooter.com,Anna Harris,national_scrape_v1,2026-06-12T05:52:23.717110+00:00,70,new
31,Plumbing Masters of Scottsdale,Plumbing,Scottsdale,AZ,Arizona,"4565 Monroe St, Scottsdale, AZ",(480) 795-4728,True,https://www.plumbing-masters-of-scottsdale.us,info@plumbing-masters-of-scottsdale.pipeanddrain.com,Gregory James,national_scrape_v1,2026-06-12T05:52:23.717154+00:00,40,new
32,Crown Tucson Plumbing Services,Plumbing,Tucson,AZ,Arizona,"8235 Maple Dr, Tucson, AZ",(520) 785-9551,True,https://www.crown-tucson-plumbing-services.us,info@crown-tucson-plumbing-services.plumbers.net,Lisa Hall,national_scrape_v1,2026-06-12T05:52:23.717196+00:00,72,new
33,Golden Mesa Plumbing & Heating,Plumbing,Mesa,AZ,Arizona,"3084 Market St, Mesa, AZ",(928) 454-5850,True,https://www.golden-mesa-plumbing-heating.net,info@golden-mesa-plumbing-heating.plumbing.com,Benjamin Gonzalez,national_scrape_v1,2026-06-12T05:52:23.717239+00:00,57,new
34,Power Tucson Drain Cleaning,Plumbing,Tucson,AZ,Arizona,"553 Sunset Blvd, Tucson, AZ",(602) 899-3458,True,https://www.power-tucson-drain-cleaning.net,info@power-tucson-drain-cleaning.rooter.com,Jeffrey Rogers,national_scrape_v1,2026-06-12T05:52:23.717284+00:00,75,new
35,Reliable Phoenix Plumbing,Plumbing,Phoenix,AZ,Arizona,"9020 Freedom Ave, Phoenix, AZ",(928) 767-3177,True,https://www.reliable-phoenix-plumbing.org,info@reliable-phoenix-plumbing.com,Andrew King,national_scrape_v1,2026-06-12T05:52:23.717354+00:00,65,new
36,Mr. Rooter of Phoenix,Plumbing,Phoenix,AZ,Arizona,"8901 University Blvd, Phoenix, AZ",(928) 704-2493,True,https://www.mr-rooter-of-phoenix.net,info@mr-rooter-of-phoenix.plumbing.com,Katherine Cox,national_scrape_v1,2026-06-12T05:52:23.717407+00:00,40,new
37,Pacific Mesa Pipe & Drain,Plumbing,Mesa,AZ,Arizona,"5499 4th Blvd, Mesa, AZ",(480) 617-5213,True,https://www.pacific-mesa-pipe-drain.co,info@pacific-mesa-pipe-drain.drainpros.com,Anna Martin,national_scrape_v1,2026-06-12T05:52:23.717453+00:00,40,new
38,Benjamin Franklin Plumbing of Phoenix,Plumbing,Phoenix,AZ,Arizona,"5456 Cedar Ln, Phoenix, AZ",(928) 787-6568,True,https://www.benjamin-franklin-plumbing-of-phoenix.net,info@benjamin-franklin-plumbing-of-phoenix.plumbing.com,Ronald Adams,national_scrape_v1,2026-06-12T05:52:23.717498+00:00,59,new
39,Southwest Mesa Plumbing,Plumbing,Mesa,AZ,Arizona,"8852 Innovation Blvd, Mesa, AZ",(623) 254-7757,True,https://www.southwest-mesa-plumbing.org,info@southwest-mesa-plumbing.plumbers.net,Katherine Ward,national_scrape_v1,2026-06-12T05:52:23.717541+00:00,87,new
40,Sun Mesa Plumbing Pros,Plumbing,Mesa,AZ,Arizona,"6864 Freedom Ave, Mesa, AZ",(480) 629-4735,True,https://www.sun-mesa-plumbing-pros.org,info@sun-mesa-plumbing-pros.plumbing.com,David James,national_scrape_v1,2026-06-12T05:52:23.717585+00:00,87,new
41,Select Scottsdale Roof Pros,Roofing,Scottsdale,AZ,Arizona,"7563 Business Park Dr, Scottsdale, AZ",(928) 991-5840,True,https://www.select-scottsdale-roof-pros.us,info@select-scottsdale-roof-pros.roofingservices.com,Kimberly Bailey,national_scrape_v1,2026-06-12T05:52:23.717629+00:00,93,new
42,Pro Scottsdale Roof Pros,Roofing,Scottsdale,AZ,Arizona,"4593 Jackson Dr, Scottsdale, AZ",(602) 238-7396,True,https://www.pro-scottsdale-roof-pros.us,info@pro-scottsdale-roof-pros.roofsolutions.com,Kathleen Peterson,national_scrape_v1,2026-06-12T05:52:23.717676+00:00,79,new
43,Pro Chandler Roofing Co.,Roofing,Chandler,AZ,Arizona,"8318 Adams Blvd, Chandler, AZ",(928) 459-3728,True,https://www.pro-chandler-roofing-co.com,info@pro-chandler-roofing-co.roofing.com,Ronald Parker,national_scrape_v1,2026-06-12T05:52:23.717720+00:00,60,new
44,Ironclad Chandler Roofing & Siding,Roofing,Chandler,AZ,Arizona,"1211 Highland Ave, Chandler, AZ",(480) 986-9910,True,https://www.ironclad-chandler-roofing-siding.net,info@ironclad-chandler-roofing-siding.roofsolutions.com,Benjamin Stewart,national_scrape_v1,2026-06-12T05:52:23.717768+00:00,61,new
45,King Scottsdale Roofing & Construction,Roofing,Scottsdale,AZ,Arizona,"4252 Madison Ave, Scottsdale, AZ",(602) 499-8228,True,https://www.king-scottsdale-roofing-construction.org,info@king-scottsdale-roofing-construction.roofers.net,Scott Mendoza,national_scrape_v1,2026-06-12T05:52:23.717813+00:00,46,new
46,Precision Scottsdale Roofing & Construction,Roofing,Scottsdale,AZ,Arizona,"9752 Medical Center Dr, Scottsdale, AZ",(623) 377-1909,True,https://www.precision-scottsdale-roofing-construction.org,info@precision-scottsdale-roofing-constructio.roofers.net,Susan Bennett,national_scrape_v1,2026-06-12T05:52:23.717858+00:00,82,new
47,Capital Mesa Roofing Co.,Roofing,Mesa,AZ,Arizona,"8852 4th Blvd, Mesa, AZ",(602) 306-9236,True,https://www.capital-mesa-roofing-co.com,info@capital-mesa-roofing-co.roofing.com,Eric Moore,national_scrape_v1,2026-06-12T05:52:23.717903+00:00,73,new
48,Golden Tucson Roofing Solutions,Roofing,Tucson,AZ,Arizona,"7893 Mill St, Tucson, AZ",(480) 622-7168,True,https://www.golden-tucson-roofing-solutions.co,info@golden-tucson-roofing-solutions.exteriors.com,Nancy Ortiz,national_scrape_v1,2026-06-12T05:52:23.717947+00:00,68,new
49,Metro Mesa Roofing Contractors,Roofing,Mesa,AZ,Arizona,"5525 North St, Mesa, AZ",(520) 526-5367,True,https://www.metro-mesa-roofing-contractors.co,info@metro-mesa-roofing-contractors.roofingcontractors.com,Daniel Turner,national_scrape_v1,2026-06-12T05:52:23.717990+00:00,72,new
50,Crown Chandler Roofing,Roofing,Chandler,AZ,Arizona,"1480 University Blvd, Chandler, AZ",(602) 662-2030,True,https://www.crown-chandler-roofing.com,info@crown-chandler-roofing.roofers.net,Shirley Diaz,national_scrape_v1,2026-06-12T05:52:23.718032+00:00,56,new
51,Integrity Mesa Roofing Contractors,Roofing,Mesa,AZ,Arizona,"2729 Commerce Dr, Mesa, AZ",(602) 665-5010,True,https://www.integrity-mesa-roofing-contractors.us,info@integrity-mesa-roofing-contractors.roofingcontractors.com,Paul Alvarez,national_scrape_v1,2026-06-12T05:52:23.718075+00:00,91,new
52,Accurate Mesa Roofing Co.,Roofing,Mesa,AZ,Arizona,"227 West St, Mesa, AZ",(623) 595-9265,True,https://www.accurate-mesa-roofing-co.net,info@accurate-mesa-roofing-co.roofsolutions.com,Rebecca Morales,national_scrape_v1,2026-06-12T05:52:23.718117+00:00,86,new
53,Total Tucson Roofing Co.,Roofing,Tucson,AZ,Arizona,"499 West St, Tucson, AZ",(928) 575-2169,True,https://www.total-tucson-roofing-co.net,info@total-tucson-roofing-co.roofers.net,Betty Foster,national_scrape_v1,2026-06-12T05:52:23.718161+00:00,64,new
54,Reliant Chandler Roof Pros,Roofing,Chandler,AZ,Arizona,"4965 Technology Dr, Chandler, AZ",(928) 327-2405,True,https://www.reliant-chandler-roof-pros.com,info@reliant-chandler-roof-pros.roofingcontractors.com,Jack Alvarez,national_scrape_v1,2026-06-12T05:52:23.718205+00:00,88,new
55,Easy Chandler Roofing Contractors,Roofing,Chandler,AZ,Arizona,"2193 Corporate Dr, Chandler, AZ",(602) 981-5623,True,https://www.easy-chandler-roofing-contractors.org,info@easy-chandler-roofing-contractors.roofsolutions.com,Jonathan Rogers,national_scrape_v1,2026-06-12T05:52:23.718248+00:00,82,new
56,Power Phoenix Roofing Solutions,Roofing,Phoenix,AZ,Arizona,"1523 University Blvd, Phoenix, AZ",(602) 931-3360,True,https://www.power-phoenix-roofing-solutions.co,info@power-phoenix-roofing-solutions.roofsolutions.com,Nicole Turner,national_scrape_v1,2026-06-12T05:52:23.718291+00:00,43,new
57,Flagship Phoenix Roofing Co.,Roofing,Phoenix,AZ,Arizona,"1911 Cedar Ln, Phoenix, AZ",(623) 966-4733,True,https://www.flagship-phoenix-roofing-co.org,info@flagship-phoenix-roofing-co.roofing.com,Mary Brown,national_scrape_v1,2026-06-12T05:52:23.718360+00:00,69,new
58,Easy Tucson Exteriors,Roofing,Tucson,AZ,Arizona,"7797 Commerce Dr, Tucson, AZ",(623) 328-4249,True,https://www.easy-tucson-exteriors.net,info@easy-tucson-exteriors.roofpros.com,Samuel Walker,national_scrape_v1,2026-06-12T05:52:23.718411+00:00,42,new
59,Front Range Tucson Roof Pros,Roofing,Tucson,AZ,Arizona,"662 2nd Ave, Tucson, AZ",(623) 247-6858,True,https://www.front-range-tucson-roof-pros.co,info@front-range-tucson-roof-pros.roofpros.com,Gary Ramirez,national_scrape_v1,2026-06-12T05:52:23.718457+00:00,42,new
60,Eagle Chandler Exteriors,Roofing,Chandler,AZ,Arizona,"2249 Corporate Dr, Chandler, AZ",(623) 956-5636,True,https://www.eagle-chandler-exteriors.co,info@eagle-chandler-exteriors.com,Jason Foster,national_scrape_v1,2026-06-12T05:52:23.718501+00:00,53,new
61,Scottsdale Electrical,Electrical,Scottsdale,AZ,Arizona,"3779 1st St, Scottsdale, AZ",(480) 451-2042,True,https://www.scottsdale-electrical.net,info@scottsdale-electrical.electrician.net,Ronald Torres,national_scrape_v1,2026-06-12T05:52:23.718548+00:00,92,new
62,Copper Mesa Electrical Pros,Electrical,Mesa,AZ,Arizona,"8553 West St, Mesa, AZ",(623) 202-8017,True,https://www.copper-mesa-electrical-pros.net,info@copper-mesa-electrical-pros.electrical.com,Matthew Morales,national_scrape_v1,2026-06-12T05:52:23.718591+00:00,61,new
63,Select Mesa Electrical Solutions,Electrical,Mesa,AZ,Arizona,"1014 1st St, Mesa, AZ",(623) 214-4999,True,https://www.select-mesa-electrical-solutions.us,info@select-mesa-electrical-solutions.electrical.com,Barbara Alvarez,national_scrape_v1,2026-06-12T05:52:23.718636+00:00,49,new
64,Arrow Chandler Electrical & Lighting,Electrical,Chandler,AZ,Arizona,"3889 Church St, Chandler, AZ",(928) 958-8251,True,https://www.arrow-chandler-electrical-lighting.co,info@arrow-chandler-electrical-lighting.electrical.com,Jennifer Nelson,national_scrape_v1,2026-06-12T05:52:23.718681+00:00,91,new
65,Flash Tucson Electrical Solutions,Electrical,Tucson,AZ,Arizona,"9218 Mill St, Tucson, AZ",(928) 383-3741,True,https://www.flash-tucson-electrical-solutions.com,info@flash-tucson-electrical-solutions.electricpros.com,Debra James,national_scrape_v1,2026-06-12T05:52:23.718723+00:00,82,new
66,Red Tucson Electrical,Electrical,Tucson,AZ,Arizona,"412 Church St, Tucson, AZ",(480) 687-8044,True,https://www.red-tucson-electrical.net,info@red-tucson-electrical.electricalservices.com,Carolyn Roberts,national_scrape_v1,2026-06-12T05:52:23.718767+00:00,74,new
67,Direct Tucson Electric,Electrical,Tucson,AZ,Arizona,"4428 Heritage Dr, Tucson, AZ",(480) 636-2742,True,https://www.direct-tucson-electric.us,info@direct-tucson-electric.electricalsolutions.com,Emma Miller,national_scrape_v1,2026-06-12T05:52:23.718809+00:00,90,new
68,All Scottsdale Electric Co.,Electrical,Scottsdale,AZ,Arizona,"5449 School St, Scottsdale, AZ",(480) 351-8613,True,https://www.all-scottsdale-electric-co.net,info@all-scottsdale-electric-co.electricpros.com,Tyler Martin,national_scrape_v1,2026-06-12T05:52:23.718853+00:00,41,new
69,Circuit Mesa Electrical,Electrical,Mesa,AZ,Arizona,"187 Market St, Mesa, AZ",(520) 554-7195,True,https://www.circuit-mesa-electrical.org,info@circuit-mesa-electrical.electrict.com,Laura Taylor,national_scrape_v1,2026-06-12T05:52:23.718896+00:00,63,new
70,Elite Mesa Electric Co.,Electrical,Mesa,AZ,Arizona,"6996 Lincoln Ave, Mesa, AZ",(520) 255-8603,True,https://www.elite-mesa-electric-co.co,info@elite-mesa-electric-co.electrict.com,Debra Baker,national_scrape_v1,2026-06-12T05:52:23.718939+00:00,77,new
71,Five Star Tucson Electrical Contractors,Electrical,Tucson,AZ,Arizona,"7597 5th Ave, Tucson, AZ",(928) 230-9737,True,https://www.five-star-tucson-electrical-contractors.com,info@five-star-tucson-electrical-contractors.electricalsolutions.com,Deborah Cox,national_scrape_v1,2026-06-12T05:52:23.718982+00:00,42,new
72,Select Chandler Electrical Contractors,Electrical,Chandler,AZ,Arizona,"3866 Liberty Ave, Chandler, AZ",(520) 653-9238,True,https://www.select-chandler-electrical-contractors.org,info@select-chandler-electrical-contractors.electricalservices.com,Michael Gray,national_scrape_v1,2026-06-12T05:52:23.719025+00:00,80,new
73,Premier Tucson Electrical Contractors,Electrical,Tucson,AZ,Arizona,"3029 Corporate Dr, Tucson, AZ",(520) 435-9166,True,https://www.premier-tucson-electrical-contractors.com,info@premier-tucson-electrical-contractors.electricalsolutions.com,Jack Kelly,national_scrape_v1,2026-06-12T05:52:23.719068+00:00,71,new
74,Electro Tucson Electric,Electrical,Tucson,AZ,Arizona,"2709 Broadway, Tucson, AZ",(623) 313-8411,True,https://www.electro-tucson-electric.us,info@electro-tucson-electric.electrician.net,Alexander Price,national_scrape_v1,2026-06-12T05:52:23.719114+00:00,46,new
75,Solar Chandler Electrical,Electrical,Chandler,AZ,Arizona,"8133 1st St, Chandler, AZ",(602) 421-3299,True,https://www.solar-chandler-electrical.us,info@solar-chandler-electrical.electrician.net,Shirley Hall,national_scrape_v1,2026-06-12T05:52:23.719155+00:00,85,new
76,Electricians Inc of Phoenix,Electrical,Phoenix,AZ,Arizona,"7518 Heritage Dr, Phoenix, AZ",(602) 226-4547,True,https://www.electricians-inc-of-phoenix.net,info@electricians-inc-of-phoenix.powerandlight.com,Anthony Morgan,national_scrape_v1,2026-06-12T05:52:23.719199+00:00,85,new
77,Reliable Scottsdale Electrical Solutions,Electrical,Scottsdale,AZ,Arizona,"8702 Park Ave, Scottsdale, AZ",(480) 285-8596,True,https://www.reliable-scottsdale-electrical-solutions.net,info@reliable-scottsdale-electrical-solutions.electricpros.com,Nicole Chavez,national_scrape_v1,2026-06-12T05:52:23.719242+00:00,73,new
78,Peak Tucson Electrical Pros,Electrical,Tucson,AZ,Arizona,"9144 5th Ave, Tucson, AZ",(928) 474-3071,True,https://www.peak-tucson-electrical-pros.us,info@peak-tucson-electrical-pros.electrical.com,Rebecca Lee,national_scrape_v1,2026-06-12T05:52:23.719286+00:00,69,new
79,Mister Sparky of Mesa,Electrical,Mesa,AZ,Arizona,"5496 Lincoln Ave, Mesa, AZ",(623) 482-4330,True,https://www.mister-sparky-of-mesa.us,info@mister-sparky-of-mesa.electricpros.com,Christine Roberts,national_scrape_v1,2026-06-12T05:52:23.719354+00:00,79,new
80,Mesa Electric Co.,Electrical,Mesa,AZ,Arizona,"7527 North St, Mesa, AZ",(520) 690-9805,True,https://www.mesa-electric-co.com,info@mesa-electric-co.electricpros.com,Kathleen Wilson,national_scrape_v1,2026-06-12T05:52:23.719409+00:00,84,new
81,East Scottsdale Restaurant,Restaurant,Scottsdale,AZ,Arizona,"6252 Corporate Dr, Scottsdale, AZ",(928) 585-8596,True,https://www.east-scottsdale-restaurant.org,info@east-scottsdale-restaurant.eatery.net,Justin Patel,national_scrape_v1,2026-06-12T05:52:23.719456+00:00,92,new
82,Phoenix Vietnamese Eatery,Restaurant,Phoenix,AZ,Arizona,"2645 University Blvd, Phoenix, AZ",(602) 560-3698,True,https://www.phoenix-vietnamese-eatery.co,info@phoenix-vietnamese-eatery.restaurant.com,Amanda Thompson,national_scrape_v1,2026-06-12T05:52:23.719499+00:00,58,new
83,Chandler Seafood Diner,Restaurant,Chandler,AZ,Arizona,"6062 Pine St, Chandler, AZ",(928) 672-6931,True,https://www.chandler-seafood-diner.net,info@chandler-seafood-diner.yelp.com,Patrick Carter,national_scrape_v1,2026-06-12T05:52:23.719543+00:00,57,new
84,Best Grill Chandler,Restaurant,Chandler,AZ,Arizona,"3529 Main St, Chandler, AZ",(928) 863-6719,True,https://www.best-grill-chandler.co,info@best-grill-chandler.dinein.com,Joseph Gutierrez,national_scrape_v1,2026-06-12T05:52:23.719590+00:00,71,new
85,Dominion Phoenix Bar & Grill,Restaurant,Phoenix,AZ,Arizona,"5522 Hill St, Phoenix, AZ",(520) 681-6431,True,https://www.dominion-phoenix-bar-grill.co,info@dominion-phoenix-bar-grill.orderfood.com,Elizabeth Torres,national_scrape_v1,2026-06-12T05:52:23.719634+00:00,90,new
86,Phoenix Vietnamese Kitchen,Restaurant,Phoenix,AZ,Arizona,"6399 East Blvd, Phoenix, AZ",(928) 676-8634,True,https://www.phoenix-vietnamese-kitchen.us,info@phoenix-vietnamese-kitchen.orderfood.com,Linda King,national_scrape_v1,2026-06-12T05:52:23.719677+00:00,93,new
87,Town Phoenix Bistro,Restaurant,Phoenix,AZ,Arizona,"4916 Business Park Dr, Phoenix, AZ",(602) 688-7880,True,https://www.town-phoenix-bistro.com,info@town-phoenix-bistro.foodandwine.com,Richard Cox,national_scrape_v1,2026-06-12T05:52:23.719719+00:00,54,new
88,Fancy Inn Tucson,Restaurant,Tucson,AZ,Arizona,"6538 Technology Dr, Tucson, AZ",(480) 910-9360,True,https://www.fancy-inn-tucson.co,info@fancy-inn-tucson.yelp.com,Donald Rivera,national_scrape_v1,2026-06-12T05:52:23.719772+00:00,40,new
89,Sage Chandler Kitchen,Restaurant,Chandler,AZ,Arizona,"9726 West St, Chandler, AZ",(520) 617-3509,True,https://www.sage-chandler-kitchen.net,info@sage-chandler-kitchen.dinein.com,David Cook,national_scrape_v1,2026-06-12T05:52:23.719848+00:00,78,new
90,Mesa Burgers Steakhouse,Restaurant,Mesa,AZ,Arizona,"6244 Hamilton Ave, Mesa, AZ",(602) 434-2261,True,https://www.mesa-burgers-steakhouse.com,info@mesa-burgers-steakhouse.restaurant.com,Kathleen Sanchez,national_scrape_v1,2026-06-12T05:52:23.719973+00:00,65,new
91,Main Phoenix Cafe,Restaurant,Phoenix,AZ,Arizona,"6568 Broadway, Phoenix, AZ",(520) 708-2847,True,https://www.main-phoenix-cafe.org,info@main-phoenix-cafe.orderfood.com,Betty Reed,national_scrape_v1,2026-06-12T05:52:23.720064+00:00,90,new
92,Little Inn Chandler,Restaurant,Chandler,AZ,Arizona,"3352 South Ave, Chandler, AZ",(928) 805-8231,True,https://www.little-inn-chandler.co,info@little-inn-chandler.yelp.com,Amy Cruz,national_scrape_v1,2026-06-12T05:52:23.720156+00:00,63,new
93,Phoenix Steakhouse,Restaurant,Phoenix,AZ,Arizona,"6932 Hill St, Phoenix, AZ",(602) 357-5781,True,https://www.phoenix-steakhouse.com,info@phoenix-steakhouse.eatery.net,Mark Phillips,national_scrape_v1,2026-06-12T05:52:23.720211+00:00,40,new
94,Dunkin' of Chandler,Restaurant,Chandler,AZ,Arizona,"2456 Franklin St, Chandler, AZ",(520) 887-6087,True,https://www.dunkin-of-chandler.com,info@dunkin-of-chandler.orderfood.com,Carolyn Wood,national_scrape_v1,2026-06-12T05:52:23.720263+00:00,41,new
95,Scottsdale Thai Kitchen & Bar,Restaurant,Scottsdale,AZ,Arizona,"5601 1st St, Scottsdale, AZ",(480) 779-3944,True,https://www.scottsdale-thai-kitchen-bar.us,info@scottsdale-thai-kitchen-bar.dinein.com,Frank Hill,national_scrape_v1,2026-06-12T05:52:23.720335+00:00,72,new
96,Big Plate Phoenix,Restaurant,Phoenix,AZ,Arizona,"694 Business Park Dr, Phoenix, AZ",(623) 506-5163,True,https://www.big-plate-phoenix.co,info@big-plate-phoenix.yelp.com,Alexander Cruz,national_scrape_v1,2026-06-12T05:52:23.720384+00:00,56,new
97,Tucson Eatery,Restaurant,Tucson,AZ,Arizona,"7691 Sunset Blvd, Tucson, AZ",(623) 320-5501,True,https://www.tucson-eatery.org,info@tucson-eatery.com,Andrew Miller,national_scrape_v1,2026-06-12T05:52:23.720432+00:00,51,new
98,Pacific Tucson Diner,Restaurant,Tucson,AZ,Arizona,"9067 School St, Tucson, AZ",(480) 762-5798,True,https://www.pacific-tucson-diner.net,info@pacific-tucson-diner.restaurant.com,Kathleen Long,national_scrape_v1,2026-06-12T05:52:23.720475+00:00,93,new
99,Highland Chandler Grill,Restaurant,Chandler,AZ,Arizona,"3389 Commerce Dr, Chandler, AZ",(480) 742-7972,True,https://www.highland-chandler-grill.net,info@highland-chandler-grill.eatery.net,Jennifer Harris,national_scrape_v1,2026-06-12T05:52:23.720519+00:00,74,new
100,Panera Bread of Chandler,Restaurant,Chandler,AZ,Arizona,"4079 University Blvd, Chandler, AZ",(480) 219-2299,True,https://www.panera-bread-of-chandler.net,info@panera-bread-of-chandler.opentable.net,Eric Ortiz,national_scrape_v1,2026-06-12T05:52:23.720564+00:00,58,new
1,Gulf Sacramento Heating & Air,HVAC,Sacramento,CA,California,"4208 Business Park Dr, Sacramento, CA",(805) 330-8846,True,https://www.gulf-sacramento-heating-air.co,info@gulf-sacramento-heating-air.hvacpros.net,Kenneth Turner,national_scrape_v1,2026-06-12T05:52:23.720691+00:00,59,new
2,San Francisco Temperature Control,HVAC,San Francisco,CA,California,"4657 Cedar Ln, San Francisco, CA",(510) 910-7030,True,https://www.san-francisco-temperature-control.org,info@san-francisco-temperature-control.heatingandcooling.net,Joshua Roberts,national_scrape_v1,2026-06-12T05:52:23.720890+00:00,44,new
3,Fresno Mechanical Services,HVAC,Fresno,CA,California,"1467 College Ave, Fresno, CA",(818) 846-2109,True,https://www.fresno-mechanical-services.us,info@fresno-mechanical-services.acrepair.com,Melissa Young,national_scrape_v1,2026-06-12T05:52:23.720941+00:00,59,new
4,Sure Sacramento Heating & Air,HVAC,Sacramento,CA,California,"5422 Oak Ave, Sacramento, CA",(805) 447-7828,True,https://www.sure-sacramento-heating-air.us,info@sure-sacramento-heating-air.mechanicalservices.com,George Miller,national_scrape_v1,2026-06-12T05:52:23.720992+00:00,82,new
5,Sacramento Cooling & Heating,HVAC,Sacramento,CA,California,"3884 Commerce Dr, Sacramento, CA",(650) 940-2799,True,https://www.sacramento-cooling-heating.org,info@sacramento-cooling-heating.mechanicalservices.com,Mark Robinson,national_scrape_v1,2026-06-12T05:52:23.721036+00:00,82,new
6,Blue San Francisco Climate Control,HVAC,San Francisco,CA,California,"2528 Hamilton Ave, San Francisco, CA",(818) 974-2536,True,https://www.blue-san-francisco-climate-control.us,info@blue-san-francisco-climate-control.airconditioning.com,Steven Watson,national_scrape_v1,2026-06-12T05:52:23.721082+00:00,93,new
7,Liberty San Diego HVAC,HVAC,San Diego,CA,California,"4573 4th Blvd, San Diego, CA",(415) 578-1239,True,https://www.liberty-san-diego-hvac.co,info@liberty-san-diego-hvac.acrepair.com,Alexander Taylor,national_scrape_v1,2026-06-12T05:52:23.721128+00:00,54,new
8,Crown Sacramento HVAC Services,HVAC,Sacramento,CA,California,"9580 Sunset Blvd, Sacramento, CA",(909) 436-7964,True,https://www.crown-sacramento-hvac-services.org,info@crown-sacramento-hvac-services.comfortsolutions.com,Deborah Murphy,national_scrape_v1,2026-06-12T05:52:23.721172+00:00,62,new
9,Ruud of San Jose,HVAC,San Jose,CA,California,"4007 4th Blvd, San Jose, CA",(323) 478-7487,True,https://www.ruud-of-san-jose.us,info@ruud-of-san-jose.hvacpros.net,Jack Garcia,national_scrape_v1,2026-06-12T05:52:23.721216+00:00,89,new
10,Superior San Diego Air Conditioning,HVAC,San Diego,CA,California,"3779 School St, San Diego, CA",(909) 555-7992,True,https://www.superior-san-diego-air-conditioning.us,info@superior-san-diego-air-conditioning.airconditioning.com,Sandra Rivera,national_scrape_v1,2026-06-12T05:52:23.721263+00:00,56,new
11,City Fresno Heating & Air,HVAC,Fresno,CA,California,"8193 Enterprise Ave, Fresno, CA",(909) 315-9472,True,https://www.city-fresno-heating-air.org,info@city-fresno-heating-air.heatingandcooling.net,Amy Brooks,national_scrape_v1,2026-06-12T05:52:23.721334+00:00,82,new
12,Ruud of Fresno,HVAC,Fresno,CA,California,"9535 Washington St, Fresno, CA",(661) 854-7670,True,https://www.ruud-of-fresno.com,info@ruud-of-fresno.heatingandcooling.net,Angela Lee,national_scrape_v1,2026-06-12T05:52:23.721383+00:00,78,new
13,Summit Fresno HVAC Services,HVAC,Fresno,CA,California,"6522 Corporate Dr, Fresno, CA",(619) 588-1290,True,https://www.summit-fresno-hvac-services.us,info@summit-fresno-hvac-services.hvacservices.com,Betty Myers,national_scrape_v1,2026-06-12T05:52:23.721434+00:00,91,new
14,Superior San Jose Air Conditioning,HVAC,San Jose,CA,California,"2496 Park Ave, San Jose, CA",(661) 672-4987,True,https://www.superior-san-jose-air-conditioning.com,info@superior-san-jose-air-conditioning.heatingandcooling.net,Amy Cook,national_scrape_v1,2026-06-12T05:52:23.721481+00:00,84,new
15,Liberty Sacramento Climate Control,HVAC,Sacramento,CA,California,"8861 Commerce Dr, Sacramento, CA",(415) 293-1659,True,https://www.liberty-sacramento-climate-control.net,info@liberty-sacramento-climate-control.heatingandcooling.net,Dennis Robinson,national_scrape_v1,2026-06-12T05:52:23.721529+00:00,89,new
16,Atlas Los Angeles HVAC,HVAC,Los Angeles,CA,California,"3977 West St, Los Angeles, CA",(760) 241-6075,True,https://www.atlas-los-angeles-hvac.com,info@atlas-los-angeles-hvac.acrepair.com,Kimberly Parker,national_scrape_v1,2026-06-12T05:52:23.721573+00:00,87,new
17,Pioneer Los Angeles Temperature Control,HVAC,Los Angeles,CA,California,"8109 2nd Ave, Los Angeles, CA",(760) 308-9874,True,https://www.pioneer-los-angeles-temperature-control.us,info@pioneer-los-angeles-temperature-control.hvac.com,Thomas Baker,national_scrape_v1,2026-06-12T05:52:23.721618+00:00,49,new
18,Ironclad Sacramento HVAC,HVAC,Sacramento,CA,California,"3156 Enterprise Ave, Sacramento, CA",(310) 494-9044,True,https://www.ironclad-sacramento-hvac.net,info@ironclad-sacramento-hvac.mechanicalservices.com,Steven Patel,national_scrape_v1,2026-06-12T05:52:23.721660+00:00,54,new
19,Green San Francisco Temperature Control,HVAC,San Francisco,CA,California,"3956 Lincoln Ave, San Francisco, CA",(831) 710-9658,True,https://www.green-san-francisco-temperature-control.co,info@green-san-francisco-temperature-control.mechanicalservices.com,Joshua Phillips,national_scrape_v1,2026-06-12T05:52:23.721705+00:00,51,new
20,Clear Sacramento Air Conditioning,HVAC,Sacramento,CA,California,"2506 Main St, Sacramento, CA",(510) 498-2877,True,https://www.clear-sacramento-air-conditioning.us,info@clear-sacramento-air-conditioning.heatingandcooling.net,Kenneth Sanders,national_scrape_v1,2026-06-12T05:52:23.721750+00:00,66,new
21,Power Fresno Plumbing Solutions,Plumbing,Fresno,CA,California,"6084 Victory Blvd, Fresno, CA",(760) 527-2934,True,https://www.power-fresno-plumbing-solutions.us,info@power-fresno-plumbing-solutions.plumbing.com,Michelle Jackson,national_scrape_v1,2026-06-12T05:52:23.721794+00:00,75,new
22,Premier Los Angeles Plumbing Solutions,Plumbing,Los Angeles,CA,California,"2583 Victory Blvd, Los Angeles, CA",(650) 910-6202,True,https://www.premier-los-angeles-plumbing-solutions.us,info@premier-los-angeles-plumbing-solutions.plumbingpros.com,Diane Parker,national_scrape_v1,2026-06-12T05:52:23.721839+00:00,40,new
23,San Francisco Pipe & Drain,Plumbing,San Francisco,CA,California,"4727 Jefferson Dr, San Francisco, CA",(707) 896-9166,True,https://www.san-francisco-pipe-drain.co,info@san-francisco-pipe-drain.plumbingservices.net,Larry Richardson,national_scrape_v1,2026-06-12T05:52:23.721884+00:00,69,new
24,Elite San Jose Plumbing & Heating,Plumbing,San Jose,CA,California,"7276 5th Ave, San Jose, CA",(831) 679-6933,True,https://www.elite-san-jose-plumbing-heating.net,info@elite-san-jose-plumbing-heating.plumbingservices.net,Kevin Wilson,national_scrape_v1,2026-06-12T05:52:23.721932+00:00,79,new
25,Pioneer Fresno Plumbing & Heating,Plumbing,Fresno,CA,California,"2551 Pine St, Fresno, CA",(415) 667-1237,True,https://www.pioneer-fresno-plumbing-heating.net,info@pioneer-fresno-plumbing-heating.rooter.com,Christopher Ortiz,national_scrape_v1,2026-06-12T05:52:23.721977+00:00,92,new
26,Modern Sacramento Plumbing Pros,Plumbing,Sacramento,CA,California,"7009 Sunset Blvd, Sacramento, CA",(909) 829-2022,True,https://www.modern-sacramento-plumbing-pros.org,info@modern-sacramento-plumbing-pros.drainpros.com,Mary Walker,national_scrape_v1,2026-06-12T05:52:23.722023+00:00,64,new
27,Service Fresno Plumbing Solutions,Plumbing,Fresno,CA,California,"5851 Franklin St, Fresno, CA",(213) 539-9549,True,https://www.service-fresno-plumbing-solutions.co,info@service-fresno-plumbing-solutions.rooter.com,George Taylor,national_scrape_v1,2026-06-12T05:52:23.722067+00:00,91,new
28,Easy San Jose Plumbing Services,Plumbing,San Jose,CA,California,"2363 Corporate Dr, San Jose, CA",(951) 470-8981,True,https://www.easy-san-jose-plumbing-services.net,info@easy-san-jose-plumbing-services.drainpros.com,George Ramos,national_scrape_v1,2026-06-12T05:52:23.722112+00:00,56,new
29,ProTech Fresno Plumbing,Plumbing,Fresno,CA,California,"1148 Elm St, Fresno, CA",(619) 391-5368,True,https://www.protech-fresno-plumbing.us,info@protech-fresno-plumbing.drainpros.com,Michelle Brooks,national_scrape_v1,2026-06-12T05:52:23.722154+00:00,57,new
30,Quality Fresno Plumbing Solutions,Plumbing,Fresno,CA,California,"179 4th Blvd, Fresno, CA",(619) 675-9826,True,https://www.quality-fresno-plumbing-solutions.com,info@quality-fresno-plumbing-solutions.pipeanddrain.com,Thomas Miller,national_scrape_v1,2026-06-12T05:52:23.722197+00:00,66,new
31,Fresno Drain Cleaning,Plumbing,Fresno,CA,California,"8870 Heritage Dr, Fresno, CA",(510) 798-8935,True,https://www.fresno-drain-cleaning.net,info@fresno-drain-cleaning.rooter.com,Jacob Thompson,national_scrape_v1,2026-06-12T05:52:23.722239+00:00,58,new
32,Drain King of Los Angeles,Plumbing,Los Angeles,CA,California,"3829 Hamilton Ave, Los Angeles, CA",(805) 738-9109,True,https://www.drain-king-of-los-angeles.org,info@drain-king-of-los-angeles.pipeanddrain.com,Anna Kim,national_scrape_v1,2026-06-12T05:52:23.722286+00:00,61,new
33,Pioneer San Jose Plumbing Solutions,Plumbing,San Jose,CA,California,"4462 College Ave, San Jose, CA",(805) 748-7787,True,https://www.pioneer-san-jose-plumbing-solutions.com,info@pioneer-san-jose-plumbing-solutions.pipeanddrain.com,Kenneth Castillo,national_scrape_v1,2026-06-12T05:52:23.722356+00:00,68,new
34,San Francisco Plumbing Services,Plumbing,San Francisco,CA,California,"5440 Main St, San Francisco, CA",(831) 458-5724,True,https://www.san-francisco-plumbing-services.com,info@san-francisco-plumbing-services.plumbingservices.net,Tyler Kelly,national_scrape_v1,2026-06-12T05:52:23.722413+00:00,44,new
35,Reliable San Francisco Plumbing Services,Plumbing,San Francisco,CA,California,"3767 Market St, San Francisco, CA",(323) 214-9459,True,https://www.reliable-san-francisco-plumbing-services.us,info@reliable-san-francisco-plumbing-services.plumbingservices.net,Paul Jones,national_scrape_v1,2026-06-12T05:52:23.722459+00:00,61,new
36,Aqua San Diego Pipe & Drain,Plumbing,San Diego,CA,California,"328 Innovation Blvd, San Diego, CA",(650) 732-5520,True,https://www.aqua-san-diego-pipe-drain.us,info@aqua-san-diego-pipe-drain.plumbingservices.net,Brian Martin,national_scrape_v1,2026-06-12T05:52:23.722505+00:00,79,new
37,San Jose Plumbing,Plumbing,San Jose,CA,California,"6111 Madison Ave, San Jose, CA",(916) 962-1575,True,https://www.san-jose-plumbing.co,info@san-jose-plumbing.drainpros.com,Jonathan Green,national_scrape_v1,2026-06-12T05:52:23.722547+00:00,87,new
38,Sacramento Plumbing & Heating,Plumbing,Sacramento,CA,California,"8846 North St, Sacramento, CA",(925) 559-4473,True,https://www.sacramento-plumbing-heating.net,info@sacramento-plumbing-heating.pipeanddrain.com,Patricia Kim,national_scrape_v1,2026-06-12T05:52:23.722591+00:00,58,new
39,Flow San Jose Pipe & Drain,Plumbing,San Jose,CA,California,"3876 Victory Blvd, San Jose, CA",(661) 497-5655,True,https://www.flow-san-jose-pipe-drain.net,info@flow-san-jose-pipe-drain.plumbers.net,Diane Lee,national_scrape_v1,2026-06-12T05:52:23.722638+00:00,81,new
40,Solid Fresno Plumbing & Heating,Plumbing,Fresno,CA,California,"3416 Oak Ave, Fresno, CA",(714) 569-9254,True,https://www.solid-fresno-plumbing-heating.org,info@solid-fresno-plumbing-heating.plumbers.net,Carol Ward,national_scrape_v1,2026-06-12T05:52:23.722682+00:00,40,new
41,Liberty Sacramento Roofing & Construction,Roofing,Sacramento,CA,California,"7300 Jefferson Dr, Sacramento, CA",(510) 903-4751,True,https://www.liberty-sacramento-roofing-construction.com,info@liberty-sacramento-roofing-construction.roofers.net,Jack Hughes,national_scrape_v1,2026-06-12T05:52:23.722728+00:00,94,new
42,Master Sacramento Roofing & Remodeling,Roofing,Sacramento,CA,California,"365 Freedom Ave, Sacramento, CA",(805) 907-7575,True,https://www.master-sacramento-roofing-remodeling.us,info@master-sacramento-roofing-remodeling.roofsolutions.com,Matthew Ross,national_scrape_v1,2026-06-12T05:52:23.722772+00:00,69,new
43,Capital San Francisco Roofing Solutions,Roofing,San Francisco,CA,California,"1524 Washington St, San Francisco, CA",(831) 949-7245,True,https://www.capital-san-francisco-roofing-solutions.net,info@capital-san-francisco-roofing-solutions.roofers.net,Susan Morgan,national_scrape_v1,2026-06-12T05:52:23.722818+00:00,70,new
44,Fresno Roofing,Roofing,Fresno,CA,California,"8747 Monroe St, Fresno, CA",(909) 411-9958,True,https://www.fresno-roofing.net,info@fresno-roofing.exteriors.com,Margaret James,national_scrape_v1,2026-06-12T05:52:23.722886+00:00,78,new
45,Atlas Roofing of Fresno,Roofing,Fresno,CA,California,"7885 Freedom Ave, Fresno, CA",(323) 501-9954,True,https://www.atlas-roofing-of-fresno.net,info@atlas-roofing-of-fresno.roofingcontractors.com,Margaret Walker,national_scrape_v1,2026-06-12T05:52:23.722932+00:00,88,new
46,Best San Jose Roofing & Remodeling,Roofing,San Jose,CA,California,"4545 School St, San Jose, CA",(310) 967-6587,True,https://www.best-san-jose-roofing-remodeling.co,info@best-san-jose-roofing-remodeling.roofingservices.com,Anna Jimenez,national_scrape_v1,2026-06-12T05:52:23.722978+00:00,45,new
47,Capital Fresno Roofing & Remodeling,Roofing,Fresno,CA,California,"6402 College Ave, Fresno, CA",(909) 200-6474,True,https://www.capital-fresno-roofing-remodeling.us,info@capital-fresno-roofing-remodeling.roofers.net,Andrew Scott,national_scrape_v1,2026-06-12T05:52:23.723024+00:00,43,new
48,Fresno Exteriors,Roofing,Fresno,CA,California,"7637 Madison Ave, Fresno, CA",(925) 209-8096,True,https://www.fresno-exteriors.com,info@fresno-exteriors.roofers.net,Linda Clark,national_scrape_v1,2026-06-12T05:52:23.723066+00:00,56,new
49,San Francisco Roof Pros,Roofing,San Francisco,CA,California,"136 Broadway, San Francisco, CA",(916) 396-2238,True,https://www.san-francisco-roof-pros.org,info@san-francisco-roof-pros.roofingcontractors.com,Heather Young,national_scrape_v1,2026-06-12T05:52:23.723109+00:00,75,new
50,Sure San Jose Exteriors,Roofing,San Jose,CA,California,"9185 Heritage Dr, San Jose, CA",(707) 676-9031,True,https://www.sure-san-jose-exteriors.org,info@sure-san-jose-exteriors.roofers.net,Christine Evans,national_scrape_v1,2026-06-12T05:52:23.723152+00:00,89,new
51,National San Diego Roofing Services,Roofing,San Diego,CA,California,"2889 Franklin St, San Diego, CA",(925) 252-3509,True,https://www.national-san-diego-roofing-services.us,info@national-san-diego-roofing-services.roofers.net,Jerry King,national_scrape_v1,2026-06-12T05:52:23.723196+00:00,75,new
52,Capital Los Angeles Roofing,Roofing,Los Angeles,CA,California,"9452 Corporate Dr, Los Angeles, CA",(310) 246-9961,True,https://www.capital-los-angeles-roofing.net,info@capital-los-angeles-roofing.roofingservices.com,Paul Kim,national_scrape_v1,2026-06-12T05:52:23.723239+00:00,80,new
53,North San Diego Roofing & Remodeling,Roofing,San Diego,CA,California,"7450 River Rd, San Diego, CA",(949) 216-7158,True,https://www.north-san-diego-roofing-remodeling.us,info@north-san-diego-roofing-remodeling.roofingservices.com,Barbara Jackson,national_scrape_v1,2026-06-12T05:52:23.723283+00:00,86,new
54,GAF of San Francisco,Roofing,San Francisco,CA,California,"4657 University Blvd, San Francisco, CA",(415) 434-2409,True,https://www.gaf-of-san-francisco.org,info@gaf-of-san-francisco.roofing.com,Samantha Mitchell,national_scrape_v1,2026-06-12T05:52:23.723353+00:00,80,new
55,Central San Diego Roofing Solutions,Roofing,San Diego,CA,California,"207 1st St, San Diego, CA",(951) 929-3109,True,https://www.central-san-diego-roofing-solutions.us,info@central-san-diego-roofing-solutions.roofpros.com,Kathleen Evans,national_scrape_v1,2026-06-12T05:52:23.723407+00:00,60,new
56,Capital Sacramento Roofing & Construction,Roofing,Sacramento,CA,California,"4509 River Rd, Sacramento, CA",(951) 490-2899,True,https://www.capital-sacramento-roofing-construction.net,info@capital-sacramento-roofing-construction.roofpros.com,Raymond Murphy,national_scrape_v1,2026-06-12T05:52:23.723454+00:00,91,new
57,White San Jose Roofing Contractors,Roofing,San Jose,CA,California,"873 Innovation Blvd, San Jose, CA",(707) 435-9876,True,https://www.white-san-jose-roofing-contractors.org,info@white-san-jose-roofing-contractors.roofingcontractors.com,Stephen Robinson,national_scrape_v1,2026-06-12T05:52:23.723500+00:00,91,new
58,Superior Los Angeles Exteriors,Roofing,Los Angeles,CA,California,"4592 Main St, Los Angeles, CA",(707) 838-8183,True,https://www.superior-los-angeles-exteriors.org,info@superior-los-angeles-exteriors.roofpros.com,Donna Carter,national_scrape_v1,2026-06-12T05:52:23.723544+00:00,93,new
59,Metro San Jose Roofing Services,Roofing,San Jose,CA,California,"9280 Franklin St, San Jose, CA",(916) 908-5540,True,https://www.metro-san-jose-roofing-services.co,info@metro-san-jose-roofing-services.roofsolutions.com,Anthony Peterson,national_scrape_v1,2026-06-12T05:52:23.723588+00:00,46,new
60,Golden Los Angeles Roofing & Remodeling,Roofing,Los Angeles,CA,California,"3653 River Rd, Los Angeles, CA",(925) 900-3236,True,https://www.golden-los-angeles-roofing-remodeling.us,info@golden-los-angeles-roofing-remodeling.exteriors.com,Elizabeth Jackson,national_scrape_v1,2026-06-12T05:52:23.723635+00:00,47,new
61,San Francisco Electrical & Lighting,Electrical,San Francisco,CA,California,"5567 Franklin St, San Francisco, CA",(714) 430-7184,True,https://www.san-francisco-electrical-lighting.co,info@san-francisco-electrical-lighting.electricalsolutions.com,Jessica Nguyen,national_scrape_v1,2026-06-12T05:52:23.723683+00:00,60,new
62,Central Fresno Electrical Systems,Electrical,Fresno,CA,California,"2344 Industrial Blvd, Fresno, CA",(707) 784-1195,True,https://www.central-fresno-electrical-systems.com,info@central-fresno-electrical-systems.electricpros.com,Rachel Adams,national_scrape_v1,2026-06-12T05:52:23.723728+00:00,90,new
63,Pro San Diego Electric Co.,Electrical,San Diego,CA,California,"6146 Cedar Ln, San Diego, CA",(650) 345-7981,True,https://www.pro-san-diego-electric-co.co,info@pro-san-diego-electric-co.electrict.com,Scott Gomez,national_scrape_v1,2026-06-12T05:52:23.723773+00:00,45,new
64,Blue San Diego Electrical Systems,Electrical,San Diego,CA,California,"4017 Professional Pkwy, San Diego, CA",(925) 641-4894,True,https://www.blue-san-diego-electrical-systems.com,info@blue-san-diego-electrical-systems.electricpros.com,Brandon Gray,national_scrape_v1,2026-06-12T05:52:23.723819+00:00,85,new
65,Power Up Electric of Sacramento,Electrical,Sacramento,CA,California,"1322 1st St, Sacramento, CA",(760) 400-8713,True,https://www.power-up-electric-of-sacramento.co,info@power-up-electric-of-sacramento.electrict.com,Katherine Rodriguez,national_scrape_v1,2026-06-12T05:52:23.723864+00:00,77,new
66,Electricians Inc of San Francisco,Electrical,San Francisco,CA,California,"6014 Mill St, San Francisco, CA",(323) 574-5515,True,https://www.electricians-inc-of-san-francisco.com,info@electricians-inc-of-san-francisco.electrician.net,Matthew Miller,national_scrape_v1,2026-06-12T05:52:23.723987+00:00,90,new
67,ProTech Los Angeles Electrical Services,Electrical,Los Angeles,CA,California,"9524 Medical Center Dr, Los Angeles, CA",(619) 596-2296,True,https://www.protech-los-angeles-electrical-services.com,info@protech-los-angeles-electrical-services.powerandlight.com,Elizabeth Reyes,national_scrape_v1,2026-06-12T05:52:23.724041+00:00,79,new
68,First Fresno Electric Co.,Electrical,Fresno,CA,California,"1165 College Ave, Fresno, CA",(562) 260-7695,True,https://www.first-fresno-electric-co.co,info@first-fresno-electric-co.powerandlight.com,Angela Martin,national_scrape_v1,2026-06-12T05:52:23.724087+00:00,53,new
69,Power Up Electric of Los Angeles,Electrical,Los Angeles,CA,California,"1250 2nd Ave, Los Angeles, CA",(510) 494-3660,True,https://www.power-up-electric-of-los-angeles.us,info@power-up-electric-of-los-angeles.electrict.com,Janet Campbell,national_scrape_v1,2026-06-12T05:52:23.724134+00:00,89,new
70,Wire Works of Fresno,Electrical,Fresno,CA,California,"7197 Adams Blvd, Fresno, CA",(626) 589-6659,True,https://www.wire-works-of-fresno.us,info@wire-works-of-fresno.electricpros.com,Raymond Diaz,national_scrape_v1,2026-06-12T05:52:23.724178+00:00,54,new
71,Electricians Inc of Fresno,Electrical,Fresno,CA,California,"9019 Medical Center Dr, Fresno, CA",(714) 743-8748,True,https://www.electricians-inc-of-fresno.us,info@electricians-inc-of-fresno.electrical.com,Daniel Kelly,national_scrape_v1,2026-06-12T05:52:23.724223+00:00,43,new
72,Summit Sacramento Electric,Electrical,Sacramento,CA,California,"141 Corporate Dr, Sacramento, CA",(562) 965-3289,True,https://www.summit-sacramento-electric.us,info@summit-sacramento-electric.electricpros.com,Lisa Clark,national_scrape_v1,2026-06-12T05:52:23.724267+00:00,87,new
73,National Sacramento Electricians,Electrical,Sacramento,CA,California,"4907 Medical Center Dr, Sacramento, CA",(916) 909-5198,True,https://www.national-sacramento-electricians.com,info@national-sacramento-electricians.electricpros.com,Thomas Gonzalez,national_scrape_v1,2026-06-12T05:52:23.724336+00:00,89,new
74,Power Up Electric of Sacramento,Electrical,Sacramento,CA,California,"647 Park Ave, Sacramento, CA",(408) 452-2590,True,https://www.power-up-electric-of-sacramento.us,info@power-up-electric-of-sacramento.electricalservices.com,Frank Carter,national_scrape_v1,2026-06-12T05:52:23.724394+00:00,81,new
75,Central Los Angeles Electrical & Lighting,Electrical,Los Angeles,CA,California,"6680 Church St, Los Angeles, CA",(707) 894-1963,True,https://www.central-los-angeles-electrical-lighting.us,info@central-los-angeles-electrical-lighting.powerandlight.com,Christopher Kelly,national_scrape_v1,2026-06-12T05:52:23.724445+00:00,65,new
76,Arc Fresno Electric Co.,Electrical,Fresno,CA,California,"5582 Church St, Fresno, CA",(831) 997-8407,True,https://www.arc-fresno-electric-co.org,info@arc-fresno-electric-co.electrician.net,Gregory Parker,national_scrape_v1,2026-06-12T05:52:23.724490+00:00,40,new
77,Los Angeles Electric Co.,Electrical,Los Angeles,CA,California,"1307 Madison Ave, Los Angeles, CA",(323) 861-3311,True,https://www.los-angeles-electric-co.us,info@los-angeles-electric-co.electrical.com,Jack Clark,national_scrape_v1,2026-06-12T05:52:23.724535+00:00,68,new
78,Crown Los Angeles Electrical,Electrical,Los Angeles,CA,California,"7839 Washington St, Los Angeles, CA",(510) 268-9773,True,https://www.crown-los-angeles-electrical.net,info@crown-los-angeles-electrical.electricpros.com,Gary Wood,national_scrape_v1,2026-06-12T05:52:23.724581+00:00,60,new
79,Quality San Diego Electrical Pros,Electrical,San Diego,CA,California,"7772 Monroe St, San Diego, CA",(661) 900-7005,True,https://www.quality-san-diego-electrical-pros.com,info@quality-san-diego-electrical-pros.electricalservices.com,Linda Mitchell,national_scrape_v1,2026-06-12T05:52:23.724625+00:00,47,new
80,Circuit San Francisco Electricians,Electrical,San Francisco,CA,California,"2044 Broadway, San Francisco, CA",(714) 710-2909,True,https://www.circuit-san-francisco-electricians.co,info@circuit-san-francisco-electricians.electrician.net,Amanda Gonzalez,national_scrape_v1,2026-06-12T05:52:23.724671+00:00,85,new
81,Highland San Francisco Diner,Restaurant,San Francisco,CA,California,"3174 Cedar Ln, San Francisco, CA",(925) 987-2651,True,https://www.highland-san-francisco-diner.us,info@highland-san-francisco-diner.dining.com,Eric Hall,national_scrape_v1,2026-06-12T05:52:23.724715+00:00,87,new
82,Spicy Cafe San Jose,Restaurant,San Jose,CA,California,"7992 Jefferson Dr, San Jose, CA",(805) 796-4213,True,https://www.spicy-cafe-san-jose.co,info@spicy-cafe-san-jose.opentable.net,Stephanie Collins,national_scrape_v1,2026-06-12T05:52:23.724759+00:00,80,new
83,Pizza Hut of San Jose,Restaurant,San Jose,CA,California,"1280 1st St, San Jose, CA",(831) 364-1224,True,https://www.pizza-hut-of-san-jose.co,info@pizza-hut-of-san-jose.foodandwine.com,Elizabeth Murphy,national_scrape_v1,2026-06-12T05:52:23.724803+00:00,86,new
84,Classic Table Sacramento,Restaurant,Sacramento,CA,California,"5737 Liberty Ave, Sacramento, CA",(415) 948-3976,True,https://www.classic-table-sacramento.co,info@classic-table-sacramento.foodandwine.com,John Williams,national_scrape_v1,2026-06-12T05:52:23.724849+00:00,85,new
85,Happy Spot Sacramento,Restaurant,Sacramento,CA,California,"2837 Elm St, Sacramento, CA",(831) 307-1227,True,https://www.happy-spot-sacramento.net,info@happy-spot-sacramento.restaurant.com,Eric Collins,national_scrape_v1,2026-06-12T05:52:23.724980+00:00,61,new
86,Fresno Cajun Diner,Restaurant,Fresno,CA,California,"3252 Mill St, Fresno, CA",(323) 572-9627,True,https://www.fresno-cajun-diner.co,info@fresno-cajun-diner.foodandwine.com,Andrew Garcia,national_scrape_v1,2026-06-12T05:52:23.725030+00:00,44,new
87,East San Diego Kitchen,Restaurant,San Diego,CA,California,"2352 Monroe St, San Diego, CA",(916) 492-9817,True,https://www.east-san-diego-kitchen.org,info@east-san-diego-kitchen.foodandwine.com,George Morales,national_scrape_v1,2026-06-12T05:52:23.725075+00:00,58,new
88,Subway of San Francisco,Restaurant,San Francisco,CA,California,"4192 Park Ave, San Francisco, CA",(916) 550-9219,True,https://www.subway-of-san-francisco.us,info@subway-of-san-francisco.yelp.com,Justin King,national_scrape_v1,2026-06-12T05:52:23.725121+00:00,62,new
89,San Diego Restaurant,Restaurant,San Diego,CA,California,"1977 Church St, San Diego, CA",(323) 782-7353,True,https://www.san-diego-restaurant.com,info@san-diego-restaurant.dining.com,Emily Howard,national_scrape_v1,2026-06-12T05:52:23.725164+00:00,64,new
90,Marina San Jose Diner,Restaurant,San Jose,CA,California,"9774 Liberty Ave, San Jose, CA",(951) 437-3999,True,https://www.marina-san-jose-diner.org,info@marina-san-jose-diner.dinein.com,Jerry Morgan,national_scrape_v1,2026-06-12T05:52:23.725207+00:00,79,new
91,San Francisco Burgers Diner,Restaurant,San Francisco,CA,California,"8031 Sunset Blvd, San Francisco, CA",(619) 522-5270,True,https://www.san-francisco-burgers-diner.org,info@san-francisco-burgers-diner.restaurant.com,Emily Clark,national_scrape_v1,2026-06-12T05:52:23.725253+00:00,45,new
92,IHOP of Los Angeles,Restaurant,Los Angeles,CA,California,"4080 Sunset Blvd, Los Angeles, CA",(415) 827-6371,True,https://www.ihop-of-los-angeles.net,info@ihop-of-los-angeles.yelp.com,Stephen White,national_scrape_v1,2026-06-12T05:52:23.725297+00:00,62,new
93,Cozy Grill Fresno,Restaurant,Fresno,CA,California,"6624 Liberty Ave, Fresno, CA",(213) 705-5112,True,https://www.cozy-grill-fresno.net,info@cozy-grill-fresno.dinein.com,Kimberly Roberts,national_scrape_v1,2026-06-12T05:52:23.725373+00:00,47,new
94,Blue Fresno Steakhouse,Restaurant,Fresno,CA,California,"6057 School St, Fresno, CA",(805) 723-2978,True,https://www.blue-fresno-steakhouse.co,info@blue-fresno-steakhouse.foodandwine.com,Jennifer Hughes,national_scrape_v1,2026-06-12T05:52:23.725425+00:00,60,new
95,Burger King of Los Angeles,Restaurant,Los Angeles,CA,California,"7776 College Ave, Los Angeles, CA",(213) 353-2372,True,https://www.burger-king-of-los-angeles.org,info@burger-king-of-los-angeles.foodandwine.com,Sarah Ward,national_scrape_v1,2026-06-12T05:52:23.725473+00:00,43,new
96,KFC of Sacramento,Restaurant,Sacramento,CA,California,"337 Monroe St, Sacramento, CA",(310) 278-8142,True,https://www.kfc-of-sacramento.org,info@kfc-of-sacramento.yelp.com,Helen Lewis,national_scrape_v1,2026-06-12T05:52:23.725517+00:00,45,new
97,Best Dish Sacramento,Restaurant,Sacramento,CA,California,"8556 Highland Ave, Sacramento, CA",(323) 737-1196,True,https://www.best-dish-sacramento.us,info@best-dish-sacramento.yelp.com,Maria Scott,national_scrape_v1,2026-06-12T05:52:23.725561+00:00,45,new
98,East San Diego Bar & Grill,Restaurant,San Diego,CA,California,"3401 South Ave, San Diego, CA",(805) 939-5043,True,https://www.east-san-diego-bar-grill.co,info@east-san-diego-bar-grill.foodandwine.com,Jason Reed,national_scrape_v1,2026-06-12T05:52:23.725606+00:00,92,new
99,San Diego Indian Eatery,Restaurant,San Diego,CA,California,"4649 East Blvd, San Diego, CA",(562) 975-6906,True,https://www.san-diego-indian-eatery.co,info@san-diego-indian-eatery.yelp.com,Jennifer Bennett,national_scrape_v1,2026-06-12T05:52:23.725651+00:00,40,new
100,East Sacramento Grill,Restaurant,Sacramento,CA,California,"6345 Main St, Sacramento, CA",(707) 545-1813,True,https://www.east-sacramento-grill.us,info@east-sacramento-grill.yelp.com,Shirley Murphy,national_scrape_v1,2026-06-12T05:52:23.725693+00:00,91,new
1,Front Range Denver Cooling & Heating,HVAC,Denver,CO,Colorado,"1432 Main St, Denver, CO",(303) 623-8151,True,https://www.front-range-denver-cooling-heating.net,info@front-range-denver-cooling-heating.hvacpros.net,Debra Thompson,national_scrape_v1,2026-06-12T05:52:23.725851+00:00,47,new
2,Direct Aurora Temperature Control,HVAC,Aurora,CO,Colorado,"8397 Franklin St, Aurora, CO",(303) 260-5651,True,https://www.direct-aurora-temperature-control.us,info@direct-aurora-temperature-control.hvac.com,Amy Rivera,national_scrape_v1,2026-06-12T05:52:23.725907+00:00,65,new
3,Front Range Fort Collins Heating & Cooling,HVAC,Fort Collins,CO,Colorado,"473 Market St, Fort Collins, CO",(720) 234-9415,True,https://www.front-range-fort-collins-heating-cooling.net,info@front-range-fort-collins-heating-cooling.airconditioning.com,Anthony Peterson,national_scrape_v1,2026-06-12T05:52:23.725956+00:00,50,new
4,Coleman of Fort Collins,HVAC,Fort Collins,CO,Colorado,"1346 Park Ave, Fort Collins, CO",(719) 546-4784,True,https://www.coleman-of-fort-collins.net,info@coleman-of-fort-collins.hvacpros.net,Angela Lewis,national_scrape_v1,2026-06-12T05:52:23.726005+00:00,47,new
5,Five Star Denver Heating & Air,HVAC,Denver,CO,Colorado,"3800 Hill St, Denver, CO",(303) 249-9366,True,https://www.five-star-denver-heating-air.co,info@five-star-denver-heating-air.airconditioning.com,Jonathan Wood,national_scrape_v1,2026-06-12T05:52:23.726051+00:00,89,new
6,National Aurora Cooling & Heating,HVAC,Aurora,CO,Colorado,"4203 West St, Aurora, CO",(970) 837-3719,True,https://www.national-aurora-cooling-heating.co,info@national-aurora-cooling-heating.heatingandcooling.net,George Lewis,national_scrape_v1,2026-06-12T05:52:23.726097+00:00,69,new
7,ProTech Colorado Springs Temperature Control,HVAC,Colorado Springs,CO,Colorado,"2352 Monroe St, Colorado Springs, CO",(303) 723-2056,True,https://www.protech-colorado-springs-temperature-control.net,info@protech-colorado-springs-temperature-con.heatingandcooling.net,Frank King,national_scrape_v1,2026-06-12T05:52:23.726145+00:00,47,new
8,Front Range Aurora Air Conditioning,HVAC,Aurora,CO,Colorado,"4898 Church St, Aurora, CO",(303) 869-1604,True,https://www.front-range-aurora-air-conditioning.net,info@front-range-aurora-air-conditioning.hvacpros.net,Steven Bailey,national_scrape_v1,2026-06-12T05:52:23.726192+00:00,60,new
9,Front Range Denver HVAC,HVAC,Denver,CO,Colorado,"4031 Heritage Dr, Denver, CO",(720) 368-6569,True,https://www.front-range-denver-hvac.co,info@front-range-denver-hvac.hvacpros.net,Ashley Gray,national_scrape_v1,2026-06-12T05:52:23.726235+00:00,91,new
10,Lennox of Denver,HVAC,Denver,CO,Colorado,"230 Liberty Ave, Denver, CO",(720) 251-5226,True,https://www.lennox-of-denver.com,info@lennox-of-denver.heatingandcooling.net,Catherine Ortiz,national_scrape_v1,2026-06-12T05:52:23.726277+00:00,90,new
11,Five Star Aurora HVAC,HVAC,Aurora,CO,Colorado,"2696 South Ave, Aurora, CO",(970) 796-4316,True,https://www.five-star-aurora-hvac.co,info@five-star-aurora-hvac.heatingandcooling.net,Carol Perez,national_scrape_v1,2026-06-12T05:52:23.726350+00:00,42,new
12,Easy Denver Mechanical Services,HVAC,Denver,CO,Colorado,"1816 Professional Pkwy, Denver, CO",(720) 818-6860,True,https://www.easy-denver-mechanical-services.com,info@easy-denver-mechanical-services.hvacpros.net,Diane Castillo,national_scrape_v1,2026-06-12T05:52:23.726404+00:00,52,new
13,Valley Fort Collins Cooling & Heating,HVAC,Fort Collins,CO,Colorado,"6042 4th Blvd, Fort Collins, CO",(720) 661-6105,True,https://www.valley-fort-collins-cooling-heating.net,info@valley-fort-collins-cooling-heating.acrepair.com,Larry Nguyen,national_scrape_v1,2026-06-12T05:52:23.726453+00:00,42,new
14,Colorado Springs Heating & Air,HVAC,Colorado Springs,CO,Colorado,"3773 Church St, Colorado Springs, CO",(970) 352-4582,True,https://www.colorado-springs-heating-air.us,info@colorado-springs-heating-air.hvac.com,Rachel Patel,national_scrape_v1,2026-06-12T05:52:23.726499+00:00,59,new
15,Modern Fort Collins Temperature Control,HVAC,Fort Collins,CO,Colorado,"775 Innovation Blvd, Fort Collins, CO",(719) 563-3417,True,https://www.modern-fort-collins-temperature-control.com,info@modern-fort-collins-temperature-control.hvacservices.com,Daniel Gonzalez,national_scrape_v1,2026-06-12T05:52:23.726546+00:00,83,new
16,American Standard of Denver,HVAC,Denver,CO,Colorado,"776 Corporate Dr, Denver, CO",(303) 594-8492,True,https://www.american-standard-of-denver.com,info@american-standard-of-denver.hvacpros.net,Matthew Martin,national_scrape_v1,2026-06-12T05:52:23.726591+00:00,60,new
17,Atlas Denver Temperature Control,HVAC,Denver,CO,Colorado,"732 Technology Dr, Denver, CO",(970) 209-2731,True,https://www.atlas-denver-temperature-control.org,info@atlas-denver-temperature-control.mechanicalservices.com,Laura Foster,national_scrape_v1,2026-06-12T05:52:23.726635+00:00,67,new
18,Triangle Denver Cooling & Heating,HVAC,Denver,CO,Colorado,"2951 Elm St, Denver, CO",(719) 711-1056,True,https://www.triangle-denver-cooling-heating.net,info@triangle-denver-cooling-heating.hvac.com,Kenneth Jackson,national_scrape_v1,2026-06-12T05:52:23.726679+00:00,50,new
19,Direct Aurora Temperature Control,HVAC,Aurora,CO,Colorado,"9081 Sunset Blvd, Aurora, CO",(303) 461-1209,True,https://www.direct-aurora-temperature-control.org,info@direct-aurora-temperature-control.heatingandcooling.net,Justin Stewart,national_scrape_v1,2026-06-12T05:52:23.726724+00:00,64,new
20,Ruud of Denver,HVAC,Denver,CO,Colorado,"1794 Elm St, Denver, CO",(720) 225-6326,True,https://www.ruud-of-denver.net,info@ruud-of-denver.heatingandcooling.net,Ronald Stewart,national_scrape_v1,2026-06-12T05:52:23.726766+00:00,53,new
21,Main Colorado Springs Plumbing & Heating,Plumbing,Colorado Springs,CO,Colorado,"4135 Commerce Dr, Colorado Springs, CO",(719) 288-2610,True,https://www.main-colorado-springs-plumbing-heating.us,info@main-colorado-springs-plumbing-heating.pipeanddrain.com,Stephen Bennett,national_scrape_v1,2026-06-12T05:52:23.726812+00:00,64,new
22,Green Colorado Springs Plumbing,Plumbing,Colorado Springs,CO,Colorado,"7678 Pine St, Colorado Springs, CO",(720) 240-2841,True,https://www.green-colorado-springs-plumbing.org,info@green-colorado-springs-plumbing.plumbingservices.net,Edward Foster,national_scrape_v1,2026-06-12T05:52:23.726856+00:00,41,new
23,Pacific Denver Plumbing Solutions,Plumbing,Denver,CO,Colorado,"9987 Enterprise Ave, Denver, CO",(303) 770-7150,True,https://www.pacific-denver-plumbing-solutions.co,info@pacific-denver-plumbing-solutions.rooter.com,Linda Kim,national_scrape_v1,2026-06-12T05:52:23.726899+00:00,61,new
24,Reliable Fort Collins Drain Cleaning,Plumbing,Fort Collins,CO,Colorado,"3358 Church St, Fort Collins, CO",(719) 713-8203,True,https://www.reliable-fort-collins-drain-cleaning.us,info@reliable-fort-collins-drain-cleaning.plumbingpros.com,Dennis Walker,national_scrape_v1,2026-06-12T05:52:23.726945+00:00,46,new
25,Pro Aurora Drain Cleaning,Plumbing,Aurora,CO,Colorado,"3493 Main St, Aurora, CO",(720) 991-6637,True,https://www.pro-aurora-drain-cleaning.org,info@pro-aurora-drain-cleaning.plumbingservices.net,Helen Ruiz,national_scrape_v1,2026-06-12T05:52:23.726991+00:00,79,new
26,Ironclad Denver Plumbing Solutions,Plumbing,Denver,CO,Colorado,"5943 Adams Blvd, Denver, CO",(303) 569-9147,True,https://www.ironclad-denver-plumbing-solutions.net,info@ironclad-denver-plumbing-solutions.plumbers.net,Andrew Cook,national_scrape_v1,2026-06-12T05:52:23.727034+00:00,82,new
27,Drain King of Colorado Springs,Plumbing,Colorado Springs,CO,Colorado,"6259 3rd St, Colorado Springs, CO",(970) 901-7027,True,https://www.drain-king-of-colorado-springs.org,info@drain-king-of-colorado-springs.plumbing.com,William Thomas,national_scrape_v1,2026-06-12T05:52:23.727079+00:00,62,new
28,Premier Fort Collins Plumbing Pros,Plumbing,Fort Collins,CO,Colorado,"2224 Jefferson Dr, Fort Collins, CO",(970) 279-3632,True,https://www.premier-fort-collins-plumbing-pros.net,info@premier-fort-collins-plumbing-pros.plumbingservices.net,Donald Thomas,national_scrape_v1,2026-06-12T05:52:23.727123+00:00,48,new
29,American Fort Collins Drain Cleaning,Plumbing,Fort Collins,CO,Colorado,"8562 Liberty Ave, Fort Collins, CO",(719) 905-5622,True,https://www.american-fort-collins-drain-cleaning.org,info@american-fort-collins-drain-cleaning.plumbing.com,Angela Brooks,national_scrape_v1,2026-06-12T05:52:23.727167+00:00,70,new
30,Reliable Denver Pipe & Drain,Plumbing,Denver,CO,Colorado,"6059 Jefferson Dr, Denver, CO",(970) 883-5792,True,https://www.reliable-denver-pipe-drain.net,info@reliable-denver-pipe-drain.pipeanddrain.com,Rebecca Rivera,national_scrape_v1,2026-06-12T05:52:23.727211+00:00,52,new
31,Plumbing Masters of Denver,Plumbing,Denver,CO,Colorado,"8030 Heritage Dr, Denver, CO",(719) 718-5545,True,https://www.plumbing-masters-of-denver.us,info@plumbing-masters-of-denver.plumbing.com,Debra Ortiz,national_scrape_v1,2026-06-12T05:52:23.727256+00:00,45,new
32,Denver Plumbing & Heating,Plumbing,Denver,CO,Colorado,"8756 Elm St, Denver, CO",(719) 204-5627,True,https://www.denver-plumbing-heating.us,info@denver-plumbing-heating.rooter.com,Brian Watson,national_scrape_v1,2026-06-12T05:52:23.727319+00:00,57,new
33,Eagle Denver Plumbing Solutions,Plumbing,Denver,CO,Colorado,"5866 Adams Blvd, Denver, CO",(970) 965-2440,True,https://www.eagle-denver-plumbing-solutions.org,info@eagle-denver-plumbing-solutions.plumbing.com,Karen Perez,national_scrape_v1,2026-06-12T05:52:23.727371+00:00,60,new
34,Pioneer Aurora Drain Cleaning,Plumbing,Aurora,CO,Colorado,"7723 Commerce Dr, Aurora, CO",(303) 724-3774,True,https://www.pioneer-aurora-drain-cleaning.com,info@pioneer-aurora-drain-cleaning.pipeanddrain.com,Richard Gray,national_scrape_v1,2026-06-12T05:52:23.727425+00:00,68,new
35,Premier Denver Plumbing,Plumbing,Denver,CO,Colorado,"4052 2nd Ave, Denver, CO",(970) 741-6192,True,https://www.premier-denver-plumbing.org,info@premier-denver-plumbing.rooter.com,Rachel James,national_scrape_v1,2026-06-12T05:52:23.727469+00:00,71,new
36,Drain Denver Drain Cleaning,Plumbing,Denver,CO,Colorado,"4951 Technology Dr, Denver, CO",(970) 638-8370,True,https://www.drain-denver-drain-cleaning.us,info@drain-denver-drain-cleaning.plumbing.com,Emma Thomas,national_scrape_v1,2026-06-12T05:52:23.727514+00:00,51,new
37,United Colorado Springs Pipe & Drain,Plumbing,Colorado Springs,CO,Colorado,"9930 Cedar Ln, Colorado Springs, CO",(970) 579-1452,True,https://www.united-colorado-springs-pipe-drain.org,info@united-colorado-springs-pipe-drain.rooter.com,Linda Ortiz,national_scrape_v1,2026-06-12T05:52:23.727560+00:00,93,new
38,Rooter Fort Collins Drain Cleaning,Plumbing,Fort Collins,CO,Colorado,"799 Lake Dr, Fort Collins, CO",(719) 329-1766,True,https://www.rooter-fort-collins-drain-cleaning.co,info@rooter-fort-collins-drain-cleaning.plumbingservices.net,Anthony Green,national_scrape_v1,2026-06-12T05:52:23.727605+00:00,42,new
39,Metro Aurora Plumbing,Plumbing,Aurora,CO,Colorado,"7344 Main St, Aurora, CO",(970) 428-6472,True,https://www.metro-aurora-plumbing.us,info@metro-aurora-plumbing.plumbers.net,Nicole Jimenez,national_scrape_v1,2026-06-12T05:52:23.727649+00:00,88,new
40,Integrity Fort Collins Pipe & Drain,Plumbing,Fort Collins,CO,Colorado,"7501 Hill St, Fort Collins, CO",(720) 634-5326,True,https://www.integrity-fort-collins-pipe-drain.net,info@integrity-fort-collins-pipe-drain.plumbers.net,Kenneth Foster,national_scrape_v1,2026-06-12T05:52:23.727694+00:00,85,new
41,Pride Denver Roofing Solutions,Roofing,Denver,CO,Colorado,"2928 3rd St, Denver, CO",(970) 338-5797,True,https://www.pride-denver-roofing-solutions.co,info@pride-denver-roofing-solutions.roofingservices.com,Shirley Kim,national_scrape_v1,2026-06-12T05:52:23.727739+00:00,56,new
42,Owens Corning of Fort Collins,Roofing,Fort Collins,CO,Colorado,"9739 Elm St, Fort Collins, CO",(720) 680-6981,True,https://www.owens-corning-of-fort-collins.co,info@owens-corning-of-fort-collins.exteriors.com,Sarah Garcia,national_scrape_v1,2026-06-12T05:52:23.727785+00:00,86,new
43,Peak Fort Collins Roofing & Construction,Roofing,Fort Collins,CO,Colorado,"5658 South Ave, Fort Collins, CO",(303) 591-9922,True,https://www.peak-fort-collins-roofing-construction.co,info@peak-fort-collins-roofing-construction.roofingcontractors.com,Anna Howard,national_scrape_v1,2026-06-12T05:52:23.727833+00:00,88,new
44,Arrow Fort Collins Roofing & Siding,Roofing,Fort Collins,CO,Colorado,"678 College Ave, Fort Collins, CO",(720) 432-3410,True,https://www.arrow-fort-collins-roofing-siding.net,info@arrow-fort-collins-roofing-siding.roofpros.com,Kimberly Adams,national_scrape_v1,2026-06-12T05:52:23.727937+00:00,64,new
45,Fort Collins Roofing Services,Roofing,Fort Collins,CO,Colorado,"8949 Franklin St, Fort Collins, CO",(720) 372-4201,True,https://www.fort-collins-roofing-services.co,info@fort-collins-roofing-services.roofingservices.com,Gregory James,national_scrape_v1,2026-06-12T05:52:23.727988+00:00,90,new
46,Sun Colorado Springs Roofing & Siding,Roofing,Colorado Springs,CO,Colorado,"3428 Innovation Blvd, Colorado Springs, CO",(970) 461-3349,True,https://www.sun-colorado-springs-roofing-siding.net,info@sun-colorado-springs-roofing-siding.roofing.com,Katherine Gomez,national_scrape_v1,2026-06-12T05:52:23.728035+00:00,86,new
47,Elite Fort Collins Roofing Contractors,Roofing,Fort Collins,CO,Colorado,"3924 Lake Dr, Fort Collins, CO",(720) 357-7820,True,https://www.elite-fort-collins-roofing-contractors.org,info@elite-fort-collins-roofing-contractors.roofing.com,George Mendoza,national_scrape_v1,2026-06-12T05:52:23.728080+00:00,72,new
48,Front Range Colorado Springs Roofing & Remodeling,Roofing,Colorado Springs,CO,Colorado,"975 Sunset Blvd, Colorado Springs, CO",(720) 441-1500,True,https://www.front-range-colorado-springs-roofing-remodeling.com,info@front-range-colorado-springs-roofing-rem.roofingservices.com,Carol Cook,national_scrape_v1,2026-06-12T05:52:23.728128+00:00,43,new
49,CertainTeed of Aurora,Roofing,Aurora,CO,Colorado,"2317 Business Park Dr, Aurora, CO",(719) 879-5112,True,https://www.certainteed-of-aurora.net,info@certainteed-of-aurora.roofing.com,Gregory Miller,national_scrape_v1,2026-06-12T05:52:23.728173+00:00,62,new
50,Aurora Roof Pros,Roofing,Aurora,CO,Colorado,"8481 Madison Ave, Aurora, CO",(303) 743-4230,True,https://www.aurora-roof-pros.us,info@aurora-roof-pros.exteriors.com,Melissa Cooper,national_scrape_v1,2026-06-12T05:52:23.728217+00:00,79,new
51,Atlas Roofing of Aurora,Roofing,Aurora,CO,Colorado,"1919 1st St, Aurora, CO",(720) 829-2288,True,https://www.atlas-roofing-of-aurora.co,info@atlas-roofing-of-aurora.exteriors.com,Timothy Stewart,national_scrape_v1,2026-06-12T05:52:23.728260+00:00,51,new
52,Pioneer Aurora Exteriors,Roofing,Aurora,CO,Colorado,"5354 Hill St, Aurora, CO",(719) 979-8355,True,https://www.pioneer-aurora-exteriors.net,info@pioneer-aurora-exteriors.roofingcontractors.com,Gary Young,national_scrape_v1,2026-06-12T05:52:23.728327+00:00,49,new
53,West Denver Roofing,Roofing,Denver,CO,Colorado,"7059 Victory Blvd, Denver, CO",(970) 423-5039,True,https://www.west-denver-roofing.co,info@west-denver-roofing.roofsolutions.com,Patrick Gray,national_scrape_v1,2026-06-12T05:52:23.728376+00:00,91,new
54,Elite Fort Collins Roofing & Siding,Roofing,Fort Collins,CO,Colorado,"4342 5th Ave, Fort Collins, CO",(720) 417-1774,True,https://www.elite-fort-collins-roofing-siding.co,info@elite-fort-collins-roofing-siding.roofingcontractors.com,Jessica Stewart,national_scrape_v1,2026-06-12T05:52:23.728430+00:00,86,new
55,Pride Aurora Roofing Solutions,Roofing,Aurora,CO,Colorado,"7757 Innovation Blvd, Aurora, CO",(303) 817-9894,True,https://www.pride-aurora-roofing-solutions.us,info@pride-aurora-roofing-solutions.roofpros.com,Heather Wright,national_scrape_v1,2026-06-12T05:52:23.728474+00:00,94,new
56,Classic Fort Collins Roofing Services,Roofing,Fort Collins,CO,Colorado,"220 Sunset Blvd, Fort Collins, CO",(970) 333-9312,True,https://www.classic-fort-collins-roofing-services.us,info@classic-fort-collins-roofing-services.roofpros.com,Janet Evans,national_scrape_v1,2026-06-12T05:52:23.728519+00:00,86,new
57,Secure Colorado Springs Exteriors,Roofing,Colorado Springs,CO,Colorado,"6575 Technology Dr, Colorado Springs, CO",(303) 309-9015,True,https://www.secure-colorado-springs-exteriors.com,info@secure-colorado-springs-exteriors.roofing.com,Joshua Kim,national_scrape_v1,2026-06-12T05:52:23.728563+00:00,54,new
58,Guardian Denver Roofing,Roofing,Denver,CO,Colorado,"2142 Cedar Ln, Denver, CO",(970) 940-9269,True,https://www.guardian-denver-roofing.org,info@guardian-denver-roofing.roofingcontractors.com,Paul Lopez,national_scrape_v1,2026-06-12T05:52:23.728606+00:00,91,new
59,King Denver Roof Pros,Roofing,Denver,CO,Colorado,"4169 Innovation Blvd, Denver, CO",(719) 876-6447,True,https://www.king-denver-roof-pros.net,info@king-denver-roof-pros.roofingservices.com,Patricia Cruz,national_scrape_v1,2026-06-12T05:52:23.728652+00:00,84,new
60,Keystone Aurora Roofing & Siding,Roofing,Aurora,CO,Colorado,"3288 Enterprise Ave, Aurora, CO",(719) 537-4220,True,https://www.keystone-aurora-roofing-siding.co,info@keystone-aurora-roofing-siding.roofers.net,Sarah Davis,national_scrape_v1,2026-06-12T05:52:23.728696+00:00,63,new
61,Shock Aurora Electrical,Electrical,Aurora,CO,Colorado,"4087 Commerce Dr, Aurora, CO",(719) 294-9329,True,https://www.shock-aurora-electrical.net,info@shock-aurora-electrical.electricalservices.com,Helen Hill,national_scrape_v1,2026-06-12T05:52:23.728740+00:00,46,new
62,ProTech Denver Electric,Electrical,Denver,CO,Colorado,"9397 Commerce Dr, Denver, CO",(303) 754-2603,True,https://www.protech-denver-electric.com,info@protech-denver-electric.electricalservices.com,Kimberly Rogers,national_scrape_v1,2026-06-12T05:52:23.728783+00:00,62,new
63,Mr. Electric of Fort Collins,Electrical,Fort Collins,CO,Colorado,"2526 Main St, Fort Collins, CO",(720) 251-1459,True,https://www.mr-electric-of-fort-collins.net,info@mr-electric-of-fort-collins.electricalsolutions.com,Brian Edwards,national_scrape_v1,2026-06-12T05:52:23.728829+00:00,45,new
64,Pro Denver Electric,Electrical,Denver,CO,Colorado,"9836 Jackson Dr, Denver, CO",(720) 322-8654,True,https://www.pro-denver-electric.net,info@pro-denver-electric.electricpros.com,Samantha Ramos,national_scrape_v1,2026-06-12T05:52:23.728874+00:00,63,new
65,Pioneer Colorado Springs Electricians,Electrical,Colorado Springs,CO,Colorado,"5747 West St, Colorado Springs, CO",(720) 533-9474,True,https://www.pioneer-colorado-springs-electricians.us,info@pioneer-colorado-springs-electricians.electricpros.com,Timothy Jackson,national_scrape_v1,2026-06-12T05:52:23.728918+00:00,41,new
66,Southwest Colorado Springs Electric,Electrical,Colorado Springs,CO,Colorado,"4052 School St, Colorado Springs, CO",(970) 352-3923,True,https://www.southwest-colorado-springs-electric.org,info@southwest-colorado-springs-electric.powerandlight.com,Timothy Davis,national_scrape_v1,2026-06-12T05:52:23.728963+00:00,54,new
67,Wire Works of Aurora,Electrical,Aurora,CO,Colorado,"6710 Liberty Ave, Aurora, CO",(720) 698-8638,True,https://www.wire-works-of-aurora.org,info@wire-works-of-aurora.electricpros.com,Sandra White,national_scrape_v1,2026-06-12T05:52:23.729008+00:00,72,new
68,Liberty Denver Electric,Electrical,Denver,CO,Colorado,"3833 4th Blvd, Denver, CO",(719) 942-3055,True,https://www.liberty-denver-electric.org,info@liberty-denver-electric.powerandlight.com,John Nguyen,national_scrape_v1,2026-06-12T05:52:23.729051+00:00,60,new
69,Easy Aurora Electrical Contractors,Electrical,Aurora,CO,Colorado,"8142 Enterprise Ave, Aurora, CO",(303) 457-8311,True,https://www.easy-aurora-electrical-contractors.net,info@easy-aurora-electrical-contractors.electrician.net,Frank Castillo,national_scrape_v1,2026-06-12T05:52:23.729096+00:00,86,new
70,Aurora Electrical & Lighting,Electrical,Aurora,CO,Colorado,"5069 Cedar Ln, Aurora, CO",(720) 692-3192,True,https://www.aurora-electrical-lighting.us,info@aurora-electrical-lighting.electricpros.com,Larry Young,national_scrape_v1,2026-06-12T05:52:23.729139+00:00,58,new
71,Colorado Springs Electric,Electrical,Colorado Springs,CO,Colorado,"3072 5th Ave, Colorado Springs, CO",(719) 696-7423,True,https://www.colorado-springs-electric.us,info@colorado-springs-electric.electricalservices.com,Jonathan Bennett,national_scrape_v1,2026-06-12T05:52:23.729182+00:00,63,new
72,Rapid Fort Collins Electric Co.,Electrical,Fort Collins,CO,Colorado,"9737 Franklin St, Fort Collins, CO",(303) 773-7532,True,https://www.rapid-fort-collins-electric-co.org,info@rapid-fort-collins-electric-co.electrician.net,Ashley Rodriguez,national_scrape_v1,2026-06-12T05:52:23.729228+00:00,84,new
73,Arc Aurora Electrical Services,Electrical,Aurora,CO,Colorado,"8557 1st St, Aurora, CO",(720) 872-7740,True,https://www.arc-aurora-electrical-services.net,info@arc-aurora-electrical-services.powerandlight.com,Christine Reyes,national_scrape_v1,2026-06-12T05:52:23.729272+00:00,95,new
74,Master Fort Collins Electricians,Electrical,Fort Collins,CO,Colorado,"2091 Hill St, Fort Collins, CO",(970) 669-2578,True,https://www.master-fort-collins-electricians.us,info@master-fort-collins-electricians.electricalsolutions.com,Sarah Rogers,national_scrape_v1,2026-06-12T05:52:23.729343+00:00,68,new
75,Denver Electricians,Electrical,Denver,CO,Colorado,"100 Enterprise Ave, Denver, CO",(303) 885-5205,True,https://www.denver-electricians.com,info@denver-electricians.electricalsolutions.com,Jack Jimenez,national_scrape_v1,2026-06-12T05:52:23.729395+00:00,95,new
76,White Colorado Springs Electrical Pros,Electrical,Colorado Springs,CO,Colorado,"5348 Medical Center Dr, Colorado Springs, CO",(719) 485-5352,True,https://www.white-colorado-springs-electrical-pros.us,info@white-colorado-springs-electrical-pros.electricalsolutions.com,Larry Ortiz,national_scrape_v1,2026-06-12T05:52:23.729444+00:00,91,new
77,Electricians Inc of Aurora,Electrical,Aurora,CO,Colorado,"2416 Monroe St, Aurora, CO",(720) 409-3673,True,https://www.electricians-inc-of-aurora.org,info@electricians-inc-of-aurora.electricalsolutions.com,Kimberly Green,national_scrape_v1,2026-06-12T05:52:23.729491+00:00,55,new
78,Liberty Aurora Electric,Electrical,Aurora,CO,Colorado,"9290 Technology Dr, Aurora, CO",(303) 542-3652,True,https://www.liberty-aurora-electric.net,info@liberty-aurora-electric.electricpros.com,Mark Jones,national_scrape_v1,2026-06-12T05:52:23.729535+00:00,90,new
79,Valley Colorado Springs Electrical & Lighting,Electrical,Colorado Springs,CO,Colorado,"890 West St, Colorado Springs, CO",(970) 634-6475,True,https://www.valley-colorado-springs-electrical-lighting.com,info@valley-colorado-springs-electrical-light.electrical.com,Andrew Perez,national_scrape_v1,2026-06-12T05:52:23.729582+00:00,67,new
80,United Fort Collins Electrical Solutions,Electrical,Fort Collins,CO,Colorado,"1035 3rd St, Fort Collins, CO",(970) 990-7519,True,https://www.united-fort-collins-electrical-solutions.co,info@united-fort-collins-electrical-solutions.powerandlight.com,Carol Wood,national_scrape_v1,2026-06-12T05:52:23.729628+00:00,91,new
81,Pizza Hut of Aurora,Restaurant,Aurora,CO,Colorado,"2251 Monroe St, Aurora, CO",(303) 632-5535,True,https://www.pizza-hut-of-aurora.net,info@pizza-hut-of-aurora.yelp.com,Brandon Nelson,national_scrape_v1,2026-06-12T05:52:23.729671+00:00,43,new
82,Sweet Bowl Denver,Restaurant,Denver,CO,Colorado,"7927 3rd St, Denver, CO",(720) 701-8337,True,https://www.sweet-bowl-denver.us,info@sweet-bowl-denver.foodandwine.com,Cynthia Reyes,national_scrape_v1,2026-06-12T05:52:23.729714+00:00,46,new
83,Denver Kitchen & Bar,Restaurant,Denver,CO,Colorado,"5628 Heritage Dr, Denver, CO",(303) 979-6032,True,https://www.denver-kitchen-bar.net,info@denver-kitchen-bar.restaurant.com,Jonathan Rodriguez,national_scrape_v1,2026-06-12T05:52:23.729761+00:00,90,new
84,Colorado Springs Japanese Cafe,Restaurant,Colorado Springs,CO,Colorado,"6079 4th Blvd, Colorado Springs, CO",(720) 920-7401,True,https://www.colorado-springs-japanese-cafe.co,info@colorado-springs-japanese-cafe.eatery.net,Brian Lee,national_scrape_v1,2026-06-12T05:52:23.729808+00:00,83,new
85,Fort Collins Seafood Kitchen & Bar,Restaurant,Fort Collins,CO,Colorado,"1510 Innovation Blvd, Fort Collins, CO",(970) 586-9234,True,https://www.fort-collins-seafood-kitchen-bar.org,info@fort-collins-seafood-kitchen-bar.dinein.com,Kenneth Edwards,national_scrape_v1,2026-06-12T05:52:23.729854+00:00,68,new
86,IHOP of Aurora,Restaurant,Aurora,CO,Colorado,"5305 Professional Pkwy, Aurora, CO",(970) 555-2804,True,https://www.ihop-of-aurora.us,info@ihop-of-aurora.dinein.com,James Jackson,national_scrape_v1,2026-06-12T05:52:23.729897+00:00,42,new
87,Colorado Springs Southern Steakhouse,Restaurant,Colorado Springs,CO,Colorado,"9109 Hill St, Colorado Springs, CO",(719) 697-5452,True,https://www.colorado-springs-southern-steakhouse.co,info@colorado-springs-southern-steakhouse.yelp.com,Samantha Reed,national_scrape_v1,2026-06-12T05:52:23.729941+00:00,77,new
88,Red Colorado Springs Eatery,Restaurant,Colorado Springs,CO,Colorado,"2599 Maple Dr, Colorado Springs, CO",(720) 362-2705,True,https://www.red-colorado-springs-eatery.org,info@red-colorado-springs-eatery.orderfood.com,Carol Roberts,national_scrape_v1,2026-06-12T05:52:23.729984+00:00,89,new
89,Olive Garden of Colorado Springs,Restaurant,Colorado Springs,CO,Colorado,"957 Washington St, Colorado Springs, CO",(970) 826-7643,True,https://www.olive-garden-of-colorado-springs.us,info@olive-garden-of-colorado-springs.restaurant.com,Pamela Martin,national_scrape_v1,2026-06-12T05:52:23.730029+00:00,47,new
90,Fort Collins Southern Eatery,Restaurant,Fort Collins,CO,Colorado,"477 Market St, Fort Collins, CO",(720) 355-5372,True,https://www.fort-collins-southern-eatery.co,info@fort-collins-southern-eatery.opentable.net,Angela Gutierrez,national_scrape_v1,2026-06-12T05:52:23.730073+00:00,94,new
91,Dunkin' of Denver,Restaurant,Denver,CO,Colorado,"9416 Business Park Dr, Denver, CO",(720) 707-3708,True,https://www.dunkin-of-denver.com,info@dunkin-of-denver.foodandwine.com,Debra Carter,national_scrape_v1,2026-06-12T05:52:23.730117+00:00,50,new
92,Town Aurora Bistro,Restaurant,Aurora,CO,Colorado,"6987 Pine St, Aurora, CO",(303) 711-6887,True,https://www.town-aurora-bistro.com,info@town-aurora-bistro.eatery.net,Jennifer Long,national_scrape_v1,2026-06-12T05:52:23.730159+00:00,61,new
93,IHOP of Fort Collins,Restaurant,Fort Collins,CO,Colorado,"7341 Medical Center Dr, Fort Collins, CO",(303) 413-9884,True,https://www.ihop-of-fort-collins.co,info@ihop-of-fort-collins.orderfood.com,Jennifer Flores,national_scrape_v1,2026-06-12T05:52:23.730204+00:00,41,new
94,Tasty Cafe Colorado Springs,Restaurant,Colorado Springs,CO,Colorado,"1724 Business Park Dr, Colorado Springs, CO",(720) 243-1087,True,https://www.tasty-cafe-colorado-springs.net,info@tasty-cafe-colorado-springs.foodandwine.com,Charles Sanchez,national_scrape_v1,2026-06-12T05:52:23.730252+00:00,89,new
95,Maple Aurora Kitchen & Bar,Restaurant,Aurora,CO,Colorado,"9694 5th Ave, Aurora, CO",(720) 551-8554,True,https://www.maple-aurora-kitchen-bar.co,info@maple-aurora-kitchen-bar.yelp.com,Larry Adams,national_scrape_v1,2026-06-12T05:52:23.730312+00:00,75,new
96,Riverside Aurora Grill,Restaurant,Aurora,CO,Colorado,"5993 West St, Aurora, CO",(970) 659-6135,True,https://www.riverside-aurora-grill.us,info@riverside-aurora-grill.dining.com,Jessica Turner,national_scrape_v1,2026-06-12T05:52:23.730368+00:00,58,new
97,Subway of Colorado Springs,Restaurant,Colorado Springs,CO,Colorado,"5178 Enterprise Ave, Colorado Springs, CO",(970) 354-5021,True,https://www.subway-of-colorado-springs.us,info@subway-of-colorado-springs.dining.com,Christopher Reyes,national_scrape_v1,2026-06-12T05:52:23.730418+00:00,68,new
98,Chili's of Denver,Restaurant,Denver,CO,Colorado,"1015 Mill St, Denver, CO",(970) 914-6531,True,https://www.chilis-of-denver.org,info@chilis-of-denver.dining.com,Karen Mitchell,national_scrape_v1,2026-06-12T05:52:23.730463+00:00,62,new
99,Starbucks of Denver,Restaurant,Denver,CO,Colorado,"6883 Medical Center Dr, Denver, CO",(970) 488-7800,True,https://www.starbucks-of-denver.org,info@starbucks-of-denver.opentable.net,Angela Morgan,national_scrape_v1,2026-06-12T05:52:23.730507+00:00,82,new
100,Red Aurora Steakhouse,Restaurant,Aurora,CO,Colorado,"2722 Corporate Dr, Aurora, CO",(720) 413-7114,True,https://www.red-aurora-steakhouse.us,info@red-aurora-steakhouse.opentable.net,Daniel Lee,national_scrape_v1,2026-06-12T05:52:23.730553+00:00,82,new
1,Allied New Haven Climate Control,HVAC,New Haven,CT,Connecticut,"2176 Innovation Blvd, New Haven, CT",(860) 999-2517,True,https://www.allied-new-haven-climate-control.co,info@allied-new-haven-climate-control.heatingandcooling.net,Michael Brooks,national_scrape_v1,2026-06-12T05:52:23.730673+00:00,73,new
2,Silver Hartford Cooling & Heating,HVAC,Hartford,CT,Connecticut,"7487 School St, Hartford, CT",(475) 908-4328,True,https://www.silver-hartford-cooling-heating.co,info@silver-hartford-cooling-heating.acrepair.com,Stephen Turner,national_scrape_v1,2026-06-12T05:52:23.731058+00:00,53,new
3,Stamford Air Systems,HVAC,Stamford,CT,Connecticut,"8751 Main St, Stamford, CT",(475) 957-1930,True,https://www.stamford-air-systems.us,info@stamford-air-systems.acrepair.com,Jacob Walker,national_scrape_v1,2026-06-12T05:52:23.731151+00:00,80,new
4,Golden Bridgeport Cooling & Heating,HVAC,Bridgeport,CT,Connecticut,"4686 Broadway, Bridgeport, CT",(860) 343-3611,True,https://www.golden-bridgeport-cooling-heating.com,info@golden-bridgeport-cooling-heating.hvacpros.net,Samuel Price,national_scrape_v1,2026-06-12T05:52:23.731211+00:00,88,new
5,Bridgeport Mechanical Services,HVAC,Bridgeport,CT,Connecticut,"4063 Lake Dr, Bridgeport, CT",(475) 305-9641,True,https://www.bridgeport-mechanical-services.com,info@bridgeport-mechanical-services.hvac.com,Patrick Jones,national_scrape_v1,2026-06-12T05:52:23.731260+00:00,47,new
6,Sure New Haven Heating & Cooling,HVAC,New Haven,CT,Connecticut,"7703 Professional Pkwy, New Haven, CT",(860) 395-1169,True,https://www.sure-new-haven-heating-cooling.us,info@sure-new-haven-heating-cooling.acrepair.com,Ryan Allen,national_scrape_v1,2026-06-12T05:52:23.731336+00:00,79,new
7,American Standard of Bridgeport,HVAC,Bridgeport,CT,Connecticut,"9747 Business Park Dr, Bridgeport, CT",(475) 571-5857,True,https://www.american-standard-of-bridgeport.co,info@american-standard-of-bridgeport.hvacpros.net,Jessica Morales,national_scrape_v1,2026-06-12T05:52:23.731393+00:00,43,new
8,American Stamford HVAC Services,HVAC,Stamford,CT,Connecticut,"9694 3rd St, Stamford, CT",(475) 862-1905,True,https://www.american-stamford-hvac-services.net,info@american-stamford-hvac-services.hvac.com,Heather Wilson,national_scrape_v1,2026-06-12T05:52:23.731440+00:00,46,new
9,Heil of Hartford,HVAC,Hartford,CT,Connecticut,"7017 Commerce Dr, Hartford, CT",(203) 263-8270,True,https://www.heil-of-hartford.us,info@heil-of-hartford.acrepair.com,Steven Young,national_scrape_v1,2026-06-12T05:52:23.731486+00:00,90,new
10,Tempstar of New Haven,HVAC,New Haven,CT,Connecticut,"7658 Highland Ave, New Haven, CT",(860) 311-7090,True,https://www.tempstar-of-new-haven.us,info@tempstar-of-new-haven.hvacpros.net,Elizabeth Brown,national_scrape_v1,2026-06-12T05:52:23.731533+00:00,61,new
11,First Hartford Heating & Air,HVAC,Hartford,CT,Connecticut,"1682 River Rd, Hartford, CT",(203) 891-9870,True,https://www.first-hartford-heating-air.net,info@first-hartford-heating-air.heatingandcooling.net,Kenneth Roberts,national_scrape_v1,2026-06-12T05:52:23.731579+00:00,50,new
12,Triangle Stamford HVAC Services,HVAC,Stamford,CT,Connecticut,"9384 5th Ave, Stamford, CT",(959) 231-1492,True,https://www.triangle-stamford-hvac-services.org,info@triangle-stamford-hvac-services.comfortsolutions.com,Deborah Anderson,national_scrape_v1,2026-06-12T05:52:23.731623+00:00,84,new
13,Green New Haven Temperature Control,HVAC,New Haven,CT,Connecticut,"6518 Commerce Dr, New Haven, CT",(475) 657-1263,True,https://www.green-new-haven-temperature-control.co,info@green-new-haven-temperature-control.airconditioning.com,Jeffrey Jimenez,national_scrape_v1,2026-06-12T05:52:23.731669+00:00,65,new
14,Peak Stamford Heating & Cooling,HVAC,Stamford,CT,Connecticut,"7801 Mill St, Stamford, CT",(203) 814-6380,True,https://www.peak-stamford-heating-cooling.co,info@peak-stamford-heating-cooling.mechanicalservices.com,Michael Baker,national_scrape_v1,2026-06-12T05:52:23.731715+00:00,58,new
15,Superior Bridgeport HVAC Services,HVAC,Bridgeport,CT,Connecticut,"5685 West St, Bridgeport, CT",(959) 498-2632,True,https://www.superior-bridgeport-hvac-services.org,info@superior-bridgeport-hvac-services.hvacservices.com,Kevin Watson,national_scrape_v1,2026-06-12T05:52:23.731761+00:00,69,new
16,Bridgeport HVAC Services,HVAC,Bridgeport,CT,Connecticut,"9191 Washington St, Bridgeport, CT",(860) 620-8543,True,https://www.bridgeport-hvac-services.co,info@bridgeport-hvac-services.airconditioning.com,Kathleen Ramirez,national_scrape_v1,2026-06-12T05:52:23.731804+00:00,82,new
17,Stamford Air Conditioning,HVAC,Stamford,CT,Connecticut,"6856 Jefferson Dr, Stamford, CT",(860) 325-1643,True,https://www.stamford-air-conditioning.co,info@stamford-air-conditioning.heatingandcooling.net,Justin Nguyen,national_scrape_v1,2026-06-12T05:52:23.731847+00:00,40,new
18,Blue Bridgeport Cooling & Heating,HVAC,Bridgeport,CT,Connecticut,"2835 Highland Ave, Bridgeport, CT",(959) 729-1645,True,https://www.blue-bridgeport-cooling-heating.com,info@blue-bridgeport-cooling-heating.mechanicalservices.com,Linda Moore,national_scrape_v1,2026-06-12T05:52:23.731946+00:00,80,new
19,Silver Bridgeport Mechanical Services,HVAC,Bridgeport,CT,Connecticut,"2112 Market St, Bridgeport, CT",(959) 975-1561,True,https://www.silver-bridgeport-mechanical-services.com,info@silver-bridgeport-mechanical-services.mechanicalservices.com,Deborah Smith,national_scrape_v1,2026-06-12T05:52:23.731995+00:00,76,new
20,New Haven Air Conditioning,HVAC,New Haven,CT,Connecticut,"8790 Lake Dr, New Haven, CT",(860) 994-8680,True,https://www.new-haven-air-conditioning.net,info@new-haven-air-conditioning.acrepair.com,Diane Cox,national_scrape_v1,2026-06-12T05:52:23.732040+00:00,66,new
21,Rapid Stamford Drain Cleaning,Plumbing,Stamford,CT,Connecticut,"3389 University Blvd, Stamford, CT",(475) 865-3944,True,https://www.rapid-stamford-drain-cleaning.com,info@rapid-stamford-drain-cleaning.plumbingservices.net,Laura Rodriguez,national_scrape_v1,2026-06-12T05:52:23.732086+00:00,75,new
22,Blue Hartford Plumbing Pros,Plumbing,Hartford,CT,Connecticut,"5410 Commerce Dr, Hartford, CT",(959) 966-4960,True,https://www.blue-hartford-plumbing-pros.co,info@blue-hartford-plumbing-pros.plumbers.net,Lisa Scott,national_scrape_v1,2026-06-12T05:52:23.732138+00:00,53,new
23,Rooter-Man of Stamford,Plumbing,Stamford,CT,Connecticut,"1617 School St, Stamford, CT",(203) 574-7183,True,https://www.rooter-man-of-stamford.co,info@rooter-man-of-stamford.plumbing.com,Margaret Ramos,national_scrape_v1,2026-06-12T05:52:23.732184+00:00,44,new
24,Superior New Haven Plumbing Services,Plumbing,New Haven,CT,Connecticut,"2696 4th Blvd, New Haven, CT",(475) 573-4188,True,https://www.superior-new-haven-plumbing-services.co,info@superior-new-haven-plumbing-services.rooter.com,Kevin Foster,national_scrape_v1,2026-06-12T05:52:23.732233+00:00,58,new
25,Express Hartford Rooter & Plumbing,Plumbing,Hartford,CT,Connecticut,"6860 Liberty Ave, Hartford, CT",(203) 569-7536,True,https://www.express-hartford-rooter-plumbing.us,info@express-hartford-rooter-plumbing.pipeanddrain.com,Joshua Scott,national_scrape_v1,2026-06-12T05:52:23.732282+00:00,93,new
26,Guardian Stamford Plumbing Co.,Plumbing,Stamford,CT,Connecticut,"5640 Heritage Dr, Stamford, CT",(860) 907-3933,True,https://www.guardian-stamford-plumbing-co.org,info@guardian-stamford-plumbing-co.rooter.com,William Wright,national_scrape_v1,2026-06-12T05:52:23.732353+00:00,94,new
27,City Hartford Plumbing Services,Plumbing,Hartford,CT,Connecticut,"9496 Sunset Blvd, Hartford, CT",(860) 780-2715,True,https://www.city-hartford-plumbing-services.com,info@city-hartford-plumbing-services.rooter.com,Brandon Ross,national_scrape_v1,2026-06-12T05:52:23.732402+00:00,90,new
28,Easy Hartford Plumbing Co.,Plumbing,Hartford,CT,Connecticut,"3567 1st St, Hartford, CT",(959) 640-3888,True,https://www.easy-hartford-plumbing-co.co,info@easy-hartford-plumbing-co.plumbingpros.com,Gary White,national_scrape_v1,2026-06-12T05:52:23.732448+00:00,77,new
29,Royal Bridgeport Plumbing & Drain,Plumbing,Bridgeport,CT,Connecticut,"7501 2nd Ave, Bridgeport, CT",(475) 266-2191,True,https://www.royal-bridgeport-plumbing-drain.co,info@royal-bridgeport-plumbing-drain.drainpros.com,Charles Clark,national_scrape_v1,2026-06-12T05:52:23.732494+00:00,53,new
30,Modern Stamford Rooter & Plumbing,Plumbing,Stamford,CT,Connecticut,"1271 Jefferson Dr, Stamford, CT",(860) 523-9922,True,https://www.modern-stamford-rooter-plumbing.net,info@modern-stamford-rooter-plumbing.pipeanddrain.com,Barbara Sanchez,national_scrape_v1,2026-06-12T05:52:23.732539+00:00,68,new
31,Master Hartford Plumbing Co.,Plumbing,Hartford,CT,Connecticut,"3590 East Blvd, Hartford, CT",(959) 714-5724,True,https://www.master-hartford-plumbing-co.co,info@master-hartford-plumbing-co.plumbing.com,Scott Peterson,national_scrape_v1,2026-06-12T05:52:23.732583+00:00,79,new
32,Drain King of Hartford,Plumbing,Hartford,CT,Connecticut,"3938 East Blvd, Hartford, CT",(959) 673-4619,True,https://www.drain-king-of-hartford.net,info@drain-king-of-hartford.rooter.com,Robert Kim,national_scrape_v1,2026-06-12T05:52:23.732628+00:00,64,new
33,Hartford Plumbing Co.,Plumbing,Hartford,CT,Connecticut,"4494 Market St, Hartford, CT",(475) 613-7211,True,https://www.hartford-plumbing-co.net,info@hartford-plumbing-co.rooter.com,Kathleen Clark,national_scrape_v1,2026-06-12T05:52:23.732671+00:00,80,new
34,Stamford Plumbing Services,Plumbing,Stamford,CT,Connecticut,"8058 Lake Dr, Stamford, CT",(959) 296-7975,True,https://www.stamford-plumbing-services.us,info@stamford-plumbing-services.rooter.com,Anthony King,national_scrape_v1,2026-06-12T05:52:23.732716+00:00,44,new
35,Metro Hartford Rooter & Plumbing,Plumbing,Hartford,CT,Connecticut,"1970 Monroe St, Hartford, CT",(959) 451-5001,True,https://www.metro-hartford-rooter-plumbing.org,info@metro-hartford-rooter-plumbing.rooter.com,Nancy Taylor,national_scrape_v1,2026-06-12T05:52:23.732760+00:00,58,new
36,Premier Hartford Plumbing Solutions,Plumbing,Hartford,CT,Connecticut,"5125 North St, Hartford, CT",(203) 670-7148,True,https://www.premier-hartford-plumbing-solutions.org,info@premier-hartford-plumbing-solutions.plumbing.com,Richard Howard,national_scrape_v1,2026-06-12T05:52:23.732805+00:00,67,new
37,Rooter-Man of New Haven,Plumbing,New Haven,CT,Connecticut,"9097 Highland Ave, New Haven, CT",(860) 761-7991,True,https://www.rooter-man-of-new-haven.org,info@rooter-man-of-new-haven.plumbing.com,Jeffrey Myers,national_scrape_v1,2026-06-12T05:52:23.732852+00:00,77,new
38,Reliable New Haven Plumbing & Drain,Plumbing,New Haven,CT,Connecticut,"9273 Lincoln Ave, New Haven, CT",(203) 318-8574,True,https://www.reliable-new-haven-plumbing-drain.com,info@reliable-new-haven-plumbing-drain.plumbing.com,Tyler Rivera,national_scrape_v1,2026-06-12T05:52:23.732899+00:00,50,new
39,Mr. Rooter of New Haven,Plumbing,New Haven,CT,Connecticut,"9088 Lake Dr, New Haven, CT",(959) 453-9257,True,https://www.mr-rooter-of-new-haven.com,info@mr-rooter-of-new-haven.plumbing.com,Donald Moore,national_scrape_v1,2026-06-12T05:52:23.732944+00:00,88,new
40,Green Bridgeport Rooter & Plumbing,Plumbing,Bridgeport,CT,Connecticut,"1594 Oak Ave, Bridgeport, CT",(203) 573-3607,True,https://www.green-bridgeport-rooter-plumbing.us,info@green-bridgeport-rooter-plumbing.plumbingservices.net,Ryan Alvarez,national_scrape_v1,2026-06-12T05:52:23.732989+00:00,46,new
41,Atlas Bridgeport Exteriors,Roofing,Bridgeport,CT,Connecticut,"7916 Innovation Blvd, Bridgeport, CT",(860) 878-6689,True,https://www.atlas-bridgeport-exteriors.com,info@atlas-bridgeport-exteriors.roofpros.com,Robert Nguyen,national_scrape_v1,2026-06-12T05:52:23.733082+00:00,69,new
42,New Haven Roofing & Construction,Roofing,New Haven,CT,Connecticut,"7941 Business Park Dr, New Haven, CT",(959) 987-4483,True,https://www.new-haven-roofing-construction.co,info@new-haven-roofing-construction.roofsolutions.com,Janet James,national_scrape_v1,2026-06-12T05:52:23.733138+00:00,75,new
43,Grand Bridgeport Roofing Co.,Roofing,Bridgeport,CT,Connecticut,"3250 Sunset Blvd, Bridgeport, CT",(860) 607-7501,True,https://www.grand-bridgeport-roofing-co.co,info@grand-bridgeport-roofing-co.roofingservices.com,Stephen Chavez,national_scrape_v1,2026-06-12T05:52:23.733185+00:00,56,new
44,Summit Bridgeport Roofing,Roofing,Bridgeport,CT,Connecticut,"8073 Enterprise Ave, Bridgeport, CT",(959) 825-8102,True,https://www.summit-bridgeport-roofing.co,info@summit-bridgeport-roofing.exteriors.com,Jack Brooks,national_scrape_v1,2026-06-12T05:52:23.733231+00:00,59,new
45,Front Range Bridgeport Roofing,Roofing,Bridgeport,CT,Connecticut,"6590 School St, Bridgeport, CT",(203) 879-4231,True,https://www.front-range-bridgeport-roofing.net,info@front-range-bridgeport-roofing.roofpros.com,John Reed,national_scrape_v1,2026-06-12T05:52:23.733277+00:00,76,new
46,Summit Stamford Roofing,Roofing,Stamford,CT,Connecticut,"2959 Madison Ave, Stamford, CT",(475) 922-9053,True,https://www.summit-stamford-roofing.org,info@summit-stamford-roofing.roofsolutions.com,Debra Morris,national_scrape_v1,2026-06-12T05:52:23.733346+00:00,93,new
47,Capital Bridgeport Roofing Services,Roofing,Bridgeport,CT,Connecticut,"6938 Highland Ave, Bridgeport, CT",(959) 231-7259,True,https://www.capital-bridgeport-roofing-services.com,info@capital-bridgeport-roofing-services.roofers.net,Jason Gomez,national_scrape_v1,2026-06-12T05:52:23.733395+00:00,88,new
48,Guardian New Haven Roofing Solutions,Roofing,New Haven,CT,Connecticut,"2366 Victory Blvd, New Haven, CT",(959) 621-3886,True,https://www.guardian-new-haven-roofing-solutions.com,info@guardian-new-haven-roofing-solutions.roofsolutions.com,Nicole Scott,national_scrape_v1,2026-06-12T05:52:23.733441+00:00,89,new
49,Classic New Haven Roofing Co.,Roofing,New Haven,CT,Connecticut,"4761 5th Ave, New Haven, CT",(203) 355-1806,True,https://www.classic-new-haven-roofing-co.org,info@classic-new-haven-roofing-co.roofsolutions.com,Sarah Hall,national_scrape_v1,2026-06-12T05:52:23.733487+00:00,52,new
50,Heritage Stamford Roofing,Roofing,Stamford,CT,Connecticut,"4597 Business Park Dr, Stamford, CT",(203) 977-2417,True,https://www.heritage-stamford-roofing.net,info@heritage-stamford-roofing.roofers.net,Justin Phillips,national_scrape_v1,2026-06-12T05:52:23.733530+00:00,59,new
51,Red New Haven Roofing Contractors,Roofing,New Haven,CT,Connecticut,"7546 Lincoln Ave, New Haven, CT",(860) 410-4223,True,https://www.red-new-haven-roofing-contractors.us,info@red-new-haven-roofing-contractors.roofing.com,Jerry Thompson,national_scrape_v1,2026-06-12T05:52:23.733576+00:00,75,new
52,Bridgeport Roofing & Remodeling,Roofing,Bridgeport,CT,Connecticut,"3621 3rd St, Bridgeport, CT",(203) 920-5998,True,https://www.bridgeport-roofing-remodeling.org,info@bridgeport-roofing-remodeling.roofpros.com,Timothy Smith,national_scrape_v1,2026-06-12T05:52:23.733619+00:00,68,new
53,Atlas Roofing of Stamford,Roofing,Stamford,CT,Connecticut,"9384 2nd Ave, Stamford, CT",(860) 232-3037,True,https://www.atlas-roofing-of-stamford.co,info@atlas-roofing-of-stamford.roofers.net,Sarah Turner,national_scrape_v1,2026-06-12T05:52:23.733664+00:00,61,new
54,Easy Hartford Roofing Contractors,Roofing,Hartford,CT,Connecticut,"5627 Maple Dr, Hartford, CT",(475) 373-2340,True,https://www.easy-hartford-roofing-contractors.us,info@easy-hartford-roofing-contractors.exteriors.com,Amanda Cook,national_scrape_v1,2026-06-12T05:52:23.733711+00:00,47,new
55,Classic Stamford Roofing,Roofing,Stamford,CT,Connecticut,"3061 4th Blvd, Stamford, CT",(203) 352-4126,True,https://www.classic-stamford-roofing.us,info@classic-stamford-roofing.exteriors.com,Eric Bailey,national_scrape_v1,2026-06-12T05:52:23.733753+00:00,46,new
56,Bridgeport Roofing & Siding,Roofing,Bridgeport,CT,Connecticut,"6947 Commerce Dr, Bridgeport, CT",(959) 488-3013,True,https://www.bridgeport-roofing-siding.org,info@bridgeport-roofing-siding.roofpros.com,David Jimenez,national_scrape_v1,2026-06-12T05:52:23.733798+00:00,64,new
57,Liberty Hartford Roofing Co.,Roofing,Hartford,CT,Connecticut,"3109 Lake Dr, Hartford, CT",(959) 501-2302,True,https://www.liberty-hartford-roofing-co.us,info@liberty-hartford-roofing-co.roofsolutions.com,Donald James,national_scrape_v1,2026-06-12T05:52:23.733843+00:00,50,new
58,Bridgeport Roofing,Roofing,Bridgeport,CT,Connecticut,"9269 Enterprise Ave, Bridgeport, CT",(860) 307-5909,True,https://www.bridgeport-roofing.us,info@bridgeport-roofing.roofsolutions.com,Patricia Morris,national_scrape_v1,2026-06-12T05:52:23.733888+00:00,45,new
59,Arrow Bridgeport Exteriors,Roofing,Bridgeport,CT,Connecticut,"3259 Lincoln Ave, Bridgeport, CT",(860) 930-2240,True,https://www.arrow-bridgeport-exteriors.org,info@arrow-bridgeport-exteriors.roofsolutions.com,Richard Green,national_scrape_v1,2026-06-12T05:52:23.733932+00:00,74,new
60,King Stamford Roofing & Siding,Roofing,Stamford,CT,Connecticut,"5601 Liberty Ave, Stamford, CT",(203) 911-7507,True,https://www.king-stamford-roofing-siding.com,info@king-stamford-roofing-siding.roofing.com,Diane Reed,national_scrape_v1,2026-06-12T05:52:23.733976+00:00,58,new
61,City New Haven Electric,Electrical,New Haven,CT,Connecticut,"5735 Commerce Dr, New Haven, CT",(203) 591-2388,True,https://www.city-new-haven-electric.us,info@city-new-haven-electric.electricalsolutions.com,Anna Long,national_scrape_v1,2026-06-12T05:52:23.734384+00:00,58,new
62,Total Bridgeport Electrical,Electrical,Bridgeport,CT,Connecticut,"7928 Church St, Bridgeport, CT",(959) 916-7442,True,https://www.total-bridgeport-electrical.com,info@total-bridgeport-electrical.powerandlight.com,Angela Johnson,national_scrape_v1,2026-06-12T05:52:23.734537+00:00,59,new
63,Sun Hartford Electrical Contractors,Electrical,Hartford,CT,Connecticut,"8416 Heritage Dr, Hartford, CT",(860) 586-6158,True,https://www.sun-hartford-electrical-contractors.com,info@sun-hartford-electrical-contractors.powerandlight.com,Linda Reed,national_scrape_v1,2026-06-12T05:52:23.734585+00:00,91,new
64,King New Haven Electric,Electrical,New Haven,CT,Connecticut,"6826 5th Ave, New Haven, CT",(860) 973-4670,True,https://www.king-new-haven-electric.us,info@king-new-haven-electric.electricalsolutions.com,Laura Baker,national_scrape_v1,2026-06-12T05:52:23.734637+00:00,87,new
65,Power Up Electric of New Haven,Electrical,New Haven,CT,Connecticut,"8491 Elm St, New Haven, CT",(860) 818-5261,True,https://www.power-up-electric-of-new-haven.us,info@power-up-electric-of-new-haven.electrical.com,Frank Ward,national_scrape_v1,2026-06-12T05:52:23.734684+00:00,50,new
66,Easy New Haven Electric,Electrical,New Haven,CT,Connecticut,"4842 Park Ave, New Haven, CT",(203) 760-4213,True,https://www.easy-new-haven-electric.co,info@easy-new-haven-electric.electrict.com,Timothy Jimenez,national_scrape_v1,2026-06-12T05:52:23.734729+00:00,43,new
67,Reliable Bridgeport Electrical & Lighting,Electrical,Bridgeport,CT,Connecticut,"750 West St, Bridgeport, CT",(475) 200-7562,True,https://www.reliable-bridgeport-electrical-lighting.com,info@reliable-bridgeport-electrical-lighting.electricalservices.com,Jennifer Nelson,national_scrape_v1,2026-06-12T05:52:23.734775+00:00,43,new
68,Modern Hartford Electrical Services,Electrical,Hartford,CT,Connecticut,"2746 College Ave, Hartford, CT",(860) 256-9948,True,https://www.modern-hartford-electrical-services.us,info@modern-hartford-electrical-services.powerandlight.com,Mark Young,national_scrape_v1,2026-06-12T05:52:23.734819+00:00,79,new
69,First New Haven Electrical,Electrical,New Haven,CT,Connecticut,"4873 Heritage Dr, New Haven, CT",(475) 311-4957,True,https://www.first-new-haven-electrical.co,info@first-new-haven-electrical.powerandlight.com,Michael James,national_scrape_v1,2026-06-12T05:52:23.734862+00:00,95,new
70,City New Haven Electrical,Electrical,New Haven,CT,Connecticut,"9951 Commerce Dr, New Haven, CT",(959) 952-4648,True,https://www.city-new-haven-electrical.org,info@city-new-haven-electrical.electricalsolutions.com,Dorothy Alvarez,national_scrape_v1,2026-06-12T05:52:23.734905+00:00,45,new
71,Modern Bridgeport Electrical Contractors,Electrical,Bridgeport,CT,Connecticut,"1070 Innovation Blvd, Bridgeport, CT",(475) 747-9632,True,https://www.modern-bridgeport-electrical-contractors.org,info@modern-bridgeport-electrical-contractors.electrict.com,Ryan Martin,national_scrape_v1,2026-06-12T05:52:23.734949+00:00,70,new
72,Central New Haven Electricians,Electrical,New Haven,CT,Connecticut,"145 Hamilton Ave, New Haven, CT",(959) 850-9831,True,https://www.central-new-haven-electricians.com,info@central-new-haven-electricians.electrical.com,Kenneth Brown,national_scrape_v1,2026-06-12T05:52:23.734993+00:00,52,new
73,New Haven Electric Co.,Electrical,New Haven,CT,Connecticut,"9454 4th Blvd, New Haven, CT",(860) 578-2464,True,https://www.new-haven-electric-co.us,info@new-haven-electric-co.electricalservices.com,Raymond Kelly,national_scrape_v1,2026-06-12T05:52:23.735037+00:00,54,new
74,Arc Stamford Electrical Systems,Electrical,Stamford,CT,Connecticut,"9177 Adams Blvd, Stamford, CT",(475) 240-5666,True,https://www.arc-stamford-electrical-systems.us,info@arc-stamford-electrical-systems.powerandlight.com,Stephanie Sanchez,national_scrape_v1,2026-06-12T05:52:23.735083+00:00,92,new
75,Blue New Haven Electric,Electrical,New Haven,CT,Connecticut,"4181 Cedar Ln, New Haven, CT",(860) 369-9261,True,https://www.blue-new-haven-electric.org,info@blue-new-haven-electric.electrict.com,Laura Gray,national_scrape_v1,2026-06-12T05:52:23.735135+00:00,84,new
76,Power Up Electric of New Haven,Electrical,New Haven,CT,Connecticut,"2339 Oak Ave, New Haven, CT",(203) 314-3541,True,https://www.power-up-electric-of-new-haven.com,info@power-up-electric-of-new-haven.electricpros.com,Jerry Ramirez,national_scrape_v1,2026-06-12T05:52:23.735181+00:00,57,new
77,White Bridgeport Electrical Solutions,Electrical,Bridgeport,CT,Connecticut,"6056 Industrial Blvd, Bridgeport, CT",(860) 255-4319,True,https://www.white-bridgeport-electrical-solutions.co,info@white-bridgeport-electrical-solutions.electrict.com,Steven Morris,national_scrape_v1,2026-06-12T05:52:23.735226+00:00,73,new
78,Electricians Inc of New Haven,Electrical,New Haven,CT,Connecticut,"7239 Hamilton Ave, New Haven, CT",(475) 334-9156,True,https://www.electricians-inc-of-new-haven.us,info@electricians-inc-of-new-haven.electricalsolutions.com,Rachel White,national_scrape_v1,2026-06-12T05:52:23.735272+00:00,86,new
79,Royal Hartford Electricians,Electrical,Hartford,CT,Connecticut,"9952 Heritage Dr, Hartford, CT",(475) 328-4438,True,https://www.royal-hartford-electricians.net,info@royal-hartford-electricians.electrict.com,Stephanie Roberts,national_scrape_v1,2026-06-12T05:52:23.735345+00:00,59,new
80,Electric New Haven Electrical & Lighting,Electrical,New Haven,CT,Connecticut,"1588 Jefferson Dr, New Haven, CT",(860) 333-5272,True,https://www.electric-new-haven-electrical-lighting.org,info@electric-new-haven-electrical-lighting.electrician.net,Andrew Reyes,national_scrape_v1,2026-06-12T05:52:23.735396+00:00,64,new
81,Oak Stamford Cafe,Restaurant,Stamford,CT,Connecticut,"5455 Medical Center Dr, Stamford, CT",(959) 573-5184,True,https://www.oak-stamford-cafe.net,info@oak-stamford-cafe.restaurant.com,Patricia Evans,national_scrape_v1,2026-06-12T05:52:23.735441+00:00,89,new
82,Dominion Stamford Diner,Restaurant,Stamford,CT,Connecticut,"5196 Cedar Ln, Stamford, CT",(203) 328-7622,True,https://www.dominion-stamford-diner.com,info@dominion-stamford-diner.restaurant.com,Rebecca Hernandez,national_scrape_v1,2026-06-12T05:52:23.735485+00:00,82,new
83,Big Bowl New Haven,Restaurant,New Haven,CT,Connecticut,"1678 River Rd, New Haven, CT",(959) 769-3684,True,https://www.big-bowl-new-haven.co,info@big-bowl-new-haven.orderfood.com,Larry Baker,national_scrape_v1,2026-06-12T05:52:23.735531+00:00,74,new
84,Outback Steakhouse of Bridgeport,Restaurant,Bridgeport,CT,Connecticut,"2945 5th Ave, Bridgeport, CT",(959) 813-1188,True,https://www.outback-steakhouse-of-bridgeport.net,info@outback-steakhouse-of-bridgeport.yelp.com,Rebecca Garcia,national_scrape_v1,2026-06-12T05:52:23.735578+00:00,94,new
85,Riverside Stamford Diner,Restaurant,Stamford,CT,Connecticut,"7316 Industrial Blvd, Stamford, CT",(203) 480-5424,True,https://www.riverside-stamford-diner.us,info@riverside-stamford-diner.yelp.com,Cynthia Davis,national_scrape_v1,2026-06-12T05:52:23.735622+00:00,40,new
86,Vista Hartford Steakhouse,Restaurant,Hartford,CT,Connecticut,"2621 Victory Blvd, Hartford, CT",(203) 640-7722,True,https://www.vista-hartford-steakhouse.com,info@vista-hartford-steakhouse.yelp.com,Ashley Miller,national_scrape_v1,2026-06-12T05:52:23.735664+00:00,53,new
87,Lighthouse Hartford Restaurant,Restaurant,Hartford,CT,Connecticut,"922 Mill St, Hartford, CT",(203) 989-8622,True,https://www.lighthouse-hartford-restaurant.us,info@lighthouse-hartford-restaurant.opentable.net,Mary Morris,national_scrape_v1,2026-06-12T05:52:23.735721+00:00,66,new
88,Bridgeport Eatery,Restaurant,Bridgeport,CT,Connecticut,"8755 4th Blvd, Bridgeport, CT",(203) 398-9909,True,https://www.bridgeport-eatery.net,info@bridgeport-eatery.restaurant.com,James Torres,national_scrape_v1,2026-06-12T05:52:23.735763+00:00,52,new
89,Applebee's of Hartford,Restaurant,Hartford,CT,Connecticut,"7888 School St, Hartford, CT",(860) 359-8636,True,https://www.applebees-of-hartford.org,info@applebees-of-hartford.restaurant.com,Ryan Roberts,national_scrape_v1,2026-06-12T05:52:23.735806+00:00,87,new
90,Queens Bridgeport Steakhouse,Restaurant,Bridgeport,CT,Connecticut,"7974 Medical Center Dr, Bridgeport, CT",(475) 210-7308,True,https://www.queens-bridgeport-steakhouse.us,info@queens-bridgeport-steakhouse.orderfood.com,Jonathan Rodriguez,national_scrape_v1,2026-06-12T05:52:23.735851+00:00,58,new
91,Kings Bridgeport Grill,Restaurant,Bridgeport,CT,Connecticut,"5716 Freedom Ave, Bridgeport, CT",(475) 241-4330,True,https://www.kings-bridgeport-grill.net,info@kings-bridgeport-grill.dinein.com,Edward Ramirez,national_scrape_v1,2026-06-12T05:52:23.735944+00:00,81,new
92,Harbor New Haven Bistro,Restaurant,New Haven,CT,Connecticut,"1220 Freedom Ave, New Haven, CT",(475) 307-9514,True,https://www.harbor-new-haven-bistro.org,info@harbor-new-haven-bistro.orderfood.com,Larry White,national_scrape_v1,2026-06-12T05:52:23.735994+00:00,42,new
93,Rocky Bridgeport Diner,Restaurant,Bridgeport,CT,Connecticut,"5290 4th Blvd, Bridgeport, CT",(475) 217-7556,True,https://www.rocky-bridgeport-diner.com,info@rocky-bridgeport-diner.dining.com,Ashley Torres,national_scrape_v1,2026-06-12T05:52:23.736038+00:00,54,new
94,Union Bridgeport Eatery,Restaurant,Bridgeport,CT,Connecticut,"3060 Market St, Bridgeport, CT",(860) 858-4406,True,https://www.union-bridgeport-eatery.org,info@union-bridgeport-eatery.dining.com,Timothy Morgan,national_scrape_v1,2026-06-12T05:52:23.736084+00:00,62,new
95,Tropical Bridgeport Restaurant,Restaurant,Bridgeport,CT,Connecticut,"1228 Broadway, Bridgeport, CT",(475) 986-6025,True,https://www.tropical-bridgeport-restaurant.co,info@tropical-bridgeport-restaurant.eatery.net,George Ramos,national_scrape_v1,2026-06-12T05:52:23.736132+00:00,81,new
96,Golden Stamford Restaurant,Restaurant,Stamford,CT,Connecticut,"182 Corporate Dr, Stamford, CT",(860) 280-8860,True,https://www.golden-stamford-restaurant.org,info@golden-stamford-restaurant.orderfood.com,Debra Sanchez,national_scrape_v1,2026-06-12T05:52:23.736177+00:00,61,new
97,Mountain Bridgeport Kitchen & Bar,Restaurant,Bridgeport,CT,Connecticut,"6239 Enterprise Ave, Bridgeport, CT",(959) 943-5062,True,https://www.mountain-bridgeport-kitchen-bar.co,info@mountain-bridgeport-kitchen-bar.dinein.com,Anthony Ramos,national_scrape_v1,2026-06-12T05:52:23.736221+00:00,60,new
98,Mountain New Haven Eatery,Restaurant,New Haven,CT,Connecticut,"4090 3rd St, New Haven, CT",(475) 205-9904,True,https://www.mountain-new-haven-eatery.com,info@mountain-new-haven-eatery.orderfood.com,Kenneth Miller,national_scrape_v1,2026-06-12T05:52:23.736265+00:00,40,new
99,Tide New Haven Grill,Restaurant,New Haven,CT,Connecticut,"2662 Sunset Blvd, New Haven, CT",(203) 586-9749,True,https://www.tide-new-haven-grill.net,info@tide-new-haven-grill.dinein.com,Brian Ramirez,national_scrape_v1,2026-06-12T05:52:23.736332+00:00,53,new
100,Fancy Plate Stamford,Restaurant,Stamford,CT,Connecticut,"4263 Monroe St, Stamford, CT",(860) 887-1207,True,https://www.fancy-plate-stamford.net,info@fancy-plate-stamford.dining.com,Angela Lee,national_scrape_v1,2026-06-12T05:52:23.736382+00:00,62,new
1,Peak Dover Cooling & Heating,HVAC,Dover,DE,Delaware,"8645 4th Blvd, Dover, DE",(302) 291-3897,True,https://www.peak-dover-cooling-heating.co,info@peak-dover-cooling-heating.hvac.com,Sarah White,national_scrape_v1,2026-06-12T05:52:23.736659+00:00,56,new
2,Blue Dover Temperature Control,HVAC,Dover,DE,Delaware,"3310 Professional Pkwy, Dover, DE",(302) 976-7257,True,https://www.blue-dover-temperature-control.org,info@blue-dover-temperature-control.hvacpros.net,Emma Hernandez,national_scrape_v1,2026-06-12T05:52:23.736709+00:00,73,new
3,Total Dover HVAC Services,HVAC,Dover,DE,Delaware,"9218 Liberty Ave, Dover, DE",(302) 577-5948,True,https://www.total-dover-hvac-services.net,info@total-dover-hvac-services.hvacservices.com,Laura Jones,national_scrape_v1,2026-06-12T05:52:23.736865+00:00,46,new
4,Apex Wilmington HVAC,HVAC,Wilmington,DE,Delaware,"5521 River Rd, Wilmington, DE",(302) 989-4158,True,https://www.apex-wilmington-hvac.us,info@apex-wilmington-hvac.acrepair.com,Stephanie Carter,national_scrape_v1,2026-06-12T05:52:23.736919+00:00,53,new
5,Apex Newark Climate Control,HVAC,Newark,DE,Delaware,"8823 Maple Dr, Newark, DE",(302) 413-4262,True,https://www.apex-newark-climate-control.us,info@apex-newark-climate-control.acrepair.com,Sandra Long,national_scrape_v1,2026-06-12T05:52:23.736965+00:00,83,new
6,Crown Dover Heating & Air,HVAC,Dover,DE,Delaware,"7846 Franklin St, Dover, DE",(302) 519-2079,True,https://www.crown-dover-heating-air.net,info@crown-dover-heating-air.comfortsolutions.com,Lisa Hall,national_scrape_v1,2026-06-12T05:52:23.737016+00:00,83,new
7,Bryant of Newark,HVAC,Newark,DE,Delaware,"4536 Market St, Newark, DE",(302) 821-4554,True,https://www.bryant-of-newark.co,info@bryant-of-newark.hvacservices.com,Susan Phillips,national_scrape_v1,2026-06-12T05:52:23.737061+00:00,70,new
8,Dover HVAC,HVAC,Dover,DE,Delaware,"5998 North St, Dover, DE",(302) 576-6958,True,https://www.dover-hvac.org,info@dover-hvac.mechanicalservices.com,Janet Martinez,national_scrape_v1,2026-06-12T05:52:23.737103+00:00,91,new
9,Sure Newark Heating & Air,HVAC,Newark,DE,Delaware,"8102 School St, Newark, DE",(302) 527-3809,True,https://www.sure-newark-heating-air.co,info@sure-newark-heating-air.airconditioning.com,Debra Gonzalez,national_scrape_v1,2026-06-12T05:52:23.737154+00:00,76,new
10,Pride Newark HVAC Services,HVAC,Newark,DE,Delaware,"6981 Jackson Dr, Newark, DE",(302) 819-7570,True,https://www.pride-newark-hvac-services.us,info@pride-newark-hvac-services.heatingandcooling.net,Katherine Watson,national_scrape_v1,2026-06-12T05:52:23.737198+00:00,89,new
11,King Newark HVAC,HVAC,Newark,DE,Delaware,"3265 Franklin St, Newark, DE",(302) 538-3584,True,https://www.king-newark-hvac.org,info@king-newark-hvac.heatingandcooling.net,Rebecca Green,national_scrape_v1,2026-06-12T05:52:23.737241+00:00,56,new
12,Premier Dover Temperature Control,HVAC,Dover,DE,Delaware,"4971 South Ave, Dover, DE",(302) 698-3900,True,https://www.premier-dover-temperature-control.org,info@premier-dover-temperature-control.hvacservices.com,Jason Jones,national_scrape_v1,2026-06-12T05:52:23.737284+00:00,60,new
13,Summit Wilmington Climate Control,HVAC,Wilmington,DE,Delaware,"6540 Mill St, Wilmington, DE",(302) 613-8894,True,https://www.summit-wilmington-climate-control.net,info@summit-wilmington-climate-control.mechanicalservices.com,Melissa Brown,national_scrape_v1,2026-06-12T05:52:23.737357+00:00,56,new
14,Modern Dover Heating & Air,HVAC,Dover,DE,Delaware,"8003 Jackson Dr, Dover, DE",(302) 600-3552,True,https://www.modern-dover-heating-air.org,info@modern-dover-heating-air.hvacpros.net,Tyler Ross,national_scrape_v1,2026-06-12T05:52:23.737410+00:00,92,new
15,Accurate Dover Air Conditioning,HVAC,Dover,DE,Delaware,"3179 Corporate Dr, Dover, DE",(302) 299-4497,True,https://www.accurate-dover-air-conditioning.co,info@accurate-dover-air-conditioning.mechanicalservices.com,Andrew Diaz,national_scrape_v1,2026-06-12T05:52:23.737455+00:00,57,new
16,White Newark Air Systems,HVAC,Newark,DE,Delaware,"6969 Washington St, Newark, DE",(302) 742-6080,True,https://www.white-newark-air-systems.org,info@white-newark-air-systems.heatingandcooling.net,Benjamin Ramos,national_scrape_v1,2026-06-12T05:52:23.737499+00:00,61,new
17,Easy Newark Climate Control,HVAC,Newark,DE,Delaware,"6621 2nd Ave, Newark, DE",(302) 240-3191,True,https://www.easy-newark-climate-control.net,info@easy-newark-climate-control.hvacpros.net,Charles Jones,national_scrape_v1,2026-06-12T05:52:23.737543+00:00,48,new
18,Capital Dover Heating & Air,HVAC,Dover,DE,Delaware,"4868 Commerce Dr, Dover, DE",(302) 446-7267,True,https://www.capital-dover-heating-air.co,info@capital-dover-heating-air.airconditioning.com,Brandon White,national_scrape_v1,2026-06-12T05:52:23.737587+00:00,42,new
19,King Dover Cooling & Heating,HVAC,Dover,DE,Delaware,"5465 Market St, Dover, DE",(302) 779-3447,True,https://www.king-dover-cooling-heating.com,info@king-dover-cooling-heating.acrepair.com,Scott Campbell,national_scrape_v1,2026-06-12T05:52:23.737630+00:00,41,new
20,Lennox of Wilmington,HVAC,Wilmington,DE,Delaware,"631 Franklin St, Wilmington, DE",(302) 879-6664,True,https://www.lennox-of-wilmington.us,info@lennox-of-wilmington.airconditioning.com,Emma Castillo,national_scrape_v1,2026-06-12T05:52:23.737673+00:00,60,new
21,Central Newark Plumbing Pros,Plumbing,Newark,DE,Delaware,"6346 Maple Dr, Newark, DE",(302) 332-3284,True,https://www.central-newark-plumbing-pros.co,info@central-newark-plumbing-pros.pipeanddrain.com,Emma Rivera,national_scrape_v1,2026-06-12T05:52:23.737719+00:00,93,new
22,Quality Wilmington Pipe & Drain,Plumbing,Wilmington,DE,Delaware,"3037 Lincoln Ave, Wilmington, DE",(302) 476-2891,True,https://www.quality-wilmington-pipe-drain.net,info@quality-wilmington-pipe-drain.plumbing.com,Angela Rivera,national_scrape_v1,2026-06-12T05:52:23.737764+00:00,84,new
23,Solid Newark Plumbing & Drain,Plumbing,Newark,DE,Delaware,"7317 Freedom Ave, Newark, DE",(302) 728-3522,True,https://www.solid-newark-plumbing-drain.org,info@solid-newark-plumbing-drain.plumbers.net,Sandra Murphy,national_scrape_v1,2026-06-12T05:52:23.737808+00:00,44,new
24,Premier Wilmington Plumbing Pros,Plumbing,Wilmington,DE,Delaware,"4086 Lincoln Ave, Wilmington, DE",(302) 202-7581,True,https://www.premier-wilmington-plumbing-pros.us,info@premier-wilmington-plumbing-pros.plumbers.net,Lisa Gonzalez,national_scrape_v1,2026-06-12T05:52:23.737855+00:00,73,new
25,Crown Dover Plumbing Solutions,Plumbing,Dover,DE,Delaware,"3687 Industrial Blvd, Dover, DE",(302) 750-6950,True,https://www.crown-dover-plumbing-solutions.com,info@crown-dover-plumbing-solutions.plumbers.net,Emily Williams,national_scrape_v1,2026-06-12T05:52:23.737900+00:00,46,new
26,Ironclad Dover Drain Cleaning,Plumbing,Dover,DE,Delaware,"3046 2nd Ave, Dover, DE",(302) 777-7715,True,https://www.ironclad-dover-drain-cleaning.org,info@ironclad-dover-drain-cleaning.pipeanddrain.com,Heather Price,national_scrape_v1,2026-06-12T05:52:23.737944+00:00,80,new
27,Pride Dover Plumbing Co.,Plumbing,Dover,DE,Delaware,"9182 Cedar Ln, Dover, DE",(302) 807-4903,True,https://www.pride-dover-plumbing-co.us,info@pride-dover-plumbing-co.rooter.com,Joseph Green,national_scrape_v1,2026-06-12T05:52:23.737988+00:00,63,new
28,Pro Wilmington Plumbing Solutions,Plumbing,Wilmington,DE,Delaware,"8607 River Rd, Wilmington, DE",(302) 270-7431,True,https://www.pro-wilmington-plumbing-solutions.net,info@pro-wilmington-plumbing-solutions.plumbingpros.com,Emma Turner,national_scrape_v1,2026-06-12T05:52:23.738031+00:00,88,new
29,Express Newark Pipe & Drain,Plumbing,Newark,DE,Delaware,"5673 West St, Newark, DE",(302) 387-7585,True,https://www.express-newark-pipe-drain.com,info@express-newark-pipe-drain.plumbingpros.com,Anna Adams,national_scrape_v1,2026-06-12T05:52:23.738075+00:00,51,new
30,Pioneer Newark Plumbing,Plumbing,Newark,DE,Delaware,"2155 Freedom Ave, Newark, DE",(302) 550-6192,True,https://www.pioneer-newark-plumbing.us,info@pioneer-newark-plumbing.plumbers.net,Rebecca Parker,national_scrape_v1,2026-06-12T05:52:23.738124+00:00,82,new
31,Sun Newark Plumbing & Drain,Plumbing,Newark,DE,Delaware,"4380 College Ave, Newark, DE",(302) 559-3775,True,https://www.sun-newark-plumbing-drain.com,info@sun-newark-plumbing-drain.pipeanddrain.com,Lisa Cook,national_scrape_v1,2026-06-12T05:52:23.738168+00:00,40,new
32,Drain Wilmington Plumbing,Plumbing,Wilmington,DE,Delaware,"7989 Madison Ave, Wilmington, DE",(302) 227-2914,True,https://www.drain-wilmington-plumbing.com,info@drain-wilmington-plumbing.plumbers.net,Rebecca Stewart,national_scrape_v1,2026-06-12T05:52:23.738210+00:00,41,new
33,ProTech Dover Plumbing Co.,Plumbing,Dover,DE,Delaware,"3061 Franklin St, Dover, DE",(302) 487-2436,True,https://www.protech-dover-plumbing-co.com,info@protech-dover-plumbing-co.plumbingservices.net,Brenda Roberts,national_scrape_v1,2026-06-12T05:52:23.738253+00:00,50,new
34,Dover Plumbing Services,Plumbing,Dover,DE,Delaware,"8132 Washington St, Dover, DE",(302) 908-2958,True,https://www.dover-plumbing-services.us,info@dover-plumbing-services.plumbingpros.com,Shirley Kim,national_scrape_v1,2026-06-12T05:52:23.738316+00:00,50,new
35,Newark Plumbing Co.,Plumbing,Newark,DE,Delaware,"2913 Church St, Newark, DE",(302) 468-5779,True,https://www.newark-plumbing-co.net,info@newark-plumbing-co.plumbingpros.com,Steven Anderson,national_scrape_v1,2026-06-12T05:52:23.738369+00:00,66,new
36,National Newark Plumbing Pros,Plumbing,Newark,DE,Delaware,"9108 Sunset Blvd, Newark, DE",(302) 746-8741,True,https://www.national-newark-plumbing-pros.net,info@national-newark-plumbing-pros.pipeanddrain.com,Joshua Ramos,national_scrape_v1,2026-06-12T05:52:23.738415+00:00,72,new
37,Roto-Rooter of Dover,Plumbing,Dover,DE,Delaware,"4171 Technology Dr, Dover, DE",(302) 673-7360,True,https://www.roto-rooter-of-dover.net,info@roto-rooter-of-dover.plumbingpros.com,Ronald Jackson,national_scrape_v1,2026-06-12T05:52:23.738459+00:00,74,new
38,Modern Wilmington Plumbing Co.,Plumbing,Wilmington,DE,Delaware,"1050 3rd St, Wilmington, DE",(302) 818-6880,True,https://www.modern-wilmington-plumbing-co.org,info@modern-wilmington-plumbing-co.rooter.com,Christopher Collins,national_scrape_v1,2026-06-12T05:52:23.738506+00:00,43,new
39,Rooter-Man of Wilmington,Plumbing,Wilmington,DE,Delaware,"9797 Jefferson Dr, Wilmington, DE",(302) 649-9555,True,https://www.rooter-man-of-wilmington.org,info@rooter-man-of-wilmington.plumbing.com,Brenda Peterson,national_scrape_v1,2026-06-12T05:52:23.738549+00:00,59,new
40,Wilmington Plumbing Services,Plumbing,Wilmington,DE,Delaware,"2383 Maple Dr, Wilmington, DE",(302) 210-1787,True,https://www.wilmington-plumbing-services.com,info@wilmington-plumbing-services.plumbingservices.net,Helen Taylor,national_scrape_v1,2026-06-12T05:52:23.738591+00:00,79,new
41,National Dover Roofing,Roofing,Dover,DE,Delaware,"1842 2nd Ave, Dover, DE",(302) 733-9505,True,https://www.national-dover-roofing.co,info@national-dover-roofing.roofingcontractors.com,Jessica Perez,national_scrape_v1,2026-06-12T05:52:23.738636+00:00,59,new
42,Newark Roofing & Remodeling,Roofing,Newark,DE,Delaware,"3247 Monroe St, Newark, DE",(302) 731-2074,True,https://www.newark-roofing-remodeling.co,info@newark-roofing-remodeling.roofers.net,Scott Reed,national_scrape_v1,2026-06-12T05:52:23.738679+00:00,40,new
43,Capital Wilmington Roofing Solutions,Roofing,Wilmington,DE,Delaware,"6429 Medical Center Dr, Wilmington, DE",(302) 627-5481,True,https://www.capital-wilmington-roofing-solutions.co,info@capital-wilmington-roofing-solutions.roofpros.com,Laura Harris,national_scrape_v1,2026-06-12T05:52:23.738722+00:00,72,new
44,Dover Roofing Contractors,Roofing,Dover,DE,Delaware,"9195 River Rd, Dover, DE",(302) 654-1299,True,https://www.dover-roofing-contractors.net,info@dover-roofing-contractors.roofing.com,Dorothy Hall,national_scrape_v1,2026-06-12T05:52:23.738767+00:00,40,new
45,Dover Roofing & Construction,Roofing,Dover,DE,Delaware,"9944 Hill St, Dover, DE",(302) 408-1428,True,https://www.dover-roofing-construction.us,info@dover-roofing-construction.roofpros.com,George Chavez,national_scrape_v1,2026-06-12T05:52:23.738811+00:00,51,new
46,Grand Newark Roofing & Remodeling,Roofing,Newark,DE,Delaware,"1917 Lincoln Ave, Newark, DE",(302) 560-9716,True,https://www.grand-newark-roofing-remodeling.com,info@grand-newark-roofing-remodeling.roofsolutions.com,Katherine Perez,national_scrape_v1,2026-06-12T05:52:23.738856+00:00,94,new
47,Premier Dover Roofing & Siding,Roofing,Dover,DE,Delaware,"3872 Hill St, Dover, DE",(302) 496-7275,True,https://www.premier-dover-roofing-siding.co,info@premier-dover-roofing-siding.roofingcontractors.com,Joseph Morris,national_scrape_v1,2026-06-12T05:52:23.738900+00:00,95,new
48,Newark Roofing & Remodeling,Roofing,Newark,DE,Delaware,"9065 Market St, Newark, DE",(302) 279-3878,True,https://www.newark-roofing-remodeling.co,info@newark-roofing-remodeling.roofsolutions.com,Jessica Wood,national_scrape_v1,2026-06-12T05:52:23.738942+00:00,79,new
49,Valley Newark Roofing,Roofing,Newark,DE,Delaware,"5104 Corporate Dr, Newark, DE",(302) 824-9486,True,https://www.valley-newark-roofing.co,info@valley-newark-roofing.roofers.net,Brenda Kelly,national_scrape_v1,2026-06-12T05:52:23.738984+00:00,72,new
50,ProTech Dover Roofing Contractors,Roofing,Dover,DE,Delaware,"554 Broadway, Dover, DE",(302) 999-7165,True,https://www.protech-dover-roofing-contractors.org,info@protech-dover-roofing-contractors.roofsolutions.com,Nancy Davis,national_scrape_v1,2026-06-12T05:52:23.739028+00:00,74,new
51,Newark Exteriors,Roofing,Newark,DE,Delaware,"9153 Market St, Newark, DE",(302) 965-1840,True,https://www.newark-exteriors.co,info@newark-exteriors.roofers.net,Sandra Gonzalez,national_scrape_v1,2026-06-12T05:52:23.739069+00:00,76,new
52,IKO of Dover,Roofing,Dover,DE,Delaware,"8779 Elm St, Dover, DE",(302) 948-8013,True,https://www.iko-of-dover.org,info@iko-of-dover.roofpros.com,Sandra Gray,national_scrape_v1,2026-06-12T05:52:23.739116+00:00,65,new
53,Dover Roofing & Siding,Roofing,Dover,DE,Delaware,"968 Professional Pkwy, Dover, DE",(302) 306-7173,True,https://www.dover-roofing-siding.us,info@dover-roofing-siding.exteriors.com,Andrew Evans,national_scrape_v1,2026-06-12T05:52:23.739160+00:00,87,new
54,Owens Corning of Newark,Roofing,Newark,DE,Delaware,"2162 Church St, Newark, DE",(302) 794-8787,True,https://www.owens-corning-of-newark.co,info@owens-corning-of-newark.exteriors.com,Gary Wood,national_scrape_v1,2026-06-12T05:52:23.739205+00:00,66,new
55,Owens Corning of Newark,Roofing,Newark,DE,Delaware,"8350 Maple Dr, Newark, DE",(302) 289-9164,True,https://www.owens-corning-of-newark.org,info@owens-corning-of-newark.roofsolutions.com,Jason Lopez,national_scrape_v1,2026-06-12T05:52:23.739249+00:00,66,new
56,American Wilmington Roofing & Construction,Roofing,Wilmington,DE,Delaware,"140 Broadway, Wilmington, DE",(302) 869-5695,True,https://www.american-wilmington-roofing-construction.net,info@american-wilmington-roofing-construction.exteriors.com,Jason Smith,national_scrape_v1,2026-06-12T05:52:23.739295+00:00,82,new
57,American Newark Roofing,Roofing,Newark,DE,Delaware,"9275 Church St, Newark, DE",(302) 786-1176,True,https://www.american-newark-roofing.com,info@american-newark-roofing.roofingcontractors.com,Melissa Chavez,national_scrape_v1,2026-06-12T05:52:23.739366+00:00,71,new
58,Best Wilmington Roof Pros,Roofing,Wilmington,DE,Delaware,"1649 Victory Blvd, Wilmington, DE",(302) 355-9282,True,https://www.best-wilmington-roof-pros.net,info@best-wilmington-roof-pros.roofpros.com,Emma Morales,national_scrape_v1,2026-06-12T05:52:23.739414+00:00,95,new
59,Reliable Dover Roofing & Siding,Roofing,Dover,DE,Delaware,"7418 Technology Dr, Dover, DE",(302) 935-6095,True,https://www.reliable-dover-roofing-siding.us,info@reliable-dover-roofing-siding.roofsolutions.com,Justin Nguyen,national_scrape_v1,2026-06-12T05:52:23.739460+00:00,60,new
60,Wilmington Roof Pros,Roofing,Wilmington,DE,Delaware,"9142 Oak Ave, Wilmington, DE",(302) 566-9578,True,https://www.wilmington-roof-pros.org,info@wilmington-roof-pros.roofingservices.com,Susan Garcia,national_scrape_v1,2026-06-12T05:52:23.739503+00:00,54,new
61,Electric Newark Electric,Electrical,Newark,DE,Delaware,"479 West St, Newark, DE",(302) 317-4170,True,https://www.electric-newark-electric.co,info@electric-newark-electric.electrict.com,Matthew Lopez,national_scrape_v1,2026-06-12T05:52:23.739547+00:00,81,new
62,Five Star Newark Electric,Electrical,Newark,DE,Delaware,"4665 Mill St, Newark, DE",(302) 455-5183,True,https://www.five-star-newark-electric.com,info@five-star-newark-electric.electricpros.com,Rebecca White,national_scrape_v1,2026-06-12T05:52:23.739591+00:00,95,new
63,Accurate Wilmington Electric Co.,Electrical,Wilmington,DE,Delaware,"9382 Main St, Wilmington, DE",(302) 718-3067,True,https://www.accurate-wilmington-electric-co.net,info@accurate-wilmington-electric-co.electricpros.com,Patrick Edwards,national_scrape_v1,2026-06-12T05:52:23.739635+00:00,65,new
64,National Newark Electricians,Electrical,Newark,DE,Delaware,"2656 Sunset Blvd, Newark, DE",(302) 616-9227,True,https://www.national-newark-electricians.co,info@national-newark-electricians.electricalservices.com,Elizabeth Morgan,national_scrape_v1,2026-06-12T05:52:23.739680+00:00,78,new
65,Circuit Wilmington Electric Co.,Electrical,Wilmington,DE,Delaware,"1390 Hill St, Wilmington, DE",(302) 951-9057,True,https://www.circuit-wilmington-electric-co.org,info@circuit-wilmington-electric-co.powerandlight.com,Stephen Wright,national_scrape_v1,2026-06-12T05:52:23.739724+00:00,86,new
66,Guardian Wilmington Electrical & Lighting,Electrical,Wilmington,DE,Delaware,"6561 Jefferson Dr, Wilmington, DE",(302) 659-4400,True,https://www.guardian-wilmington-electrical-lighting.com,info@guardian-wilmington-electrical-lighting.powerandlight.com,Brenda Davis,national_scrape_v1,2026-06-12T05:52:23.739768+00:00,44,new
67,Guardian Wilmington Electrical Solutions,Electrical,Wilmington,DE,Delaware,"9717 3rd St, Wilmington, DE",(302) 815-1535,True,https://www.guardian-wilmington-electrical-solutions.us,info@guardian-wilmington-electrical-solutions.electricalsolutions.com,Amanda Jackson,national_scrape_v1,2026-06-12T05:52:23.739811+00:00,77,new
68,Electro Dover Electrical Services,Electrical,Dover,DE,Delaware,"1586 Mill St, Dover, DE",(302) 754-2380,True,https://www.electro-dover-electrical-services.net,info@electro-dover-electrical-services.electricalservices.com,Joseph Gray,national_scrape_v1,2026-06-12T05:52:23.739854+00:00,57,new
69,Harbor Dover Electrical Systems,Electrical,Dover,DE,Delaware,"5660 Sunset Blvd, Dover, DE",(302) 318-9204,True,https://www.harbor-dover-electrical-systems.com,info@harbor-dover-electrical-systems.electrical.com,Christopher Bailey,national_scrape_v1,2026-06-12T05:52:23.739937+00:00,74,new
70,Metro Wilmington Electrical & Lighting,Electrical,Wilmington,DE,Delaware,"8436 Corporate Dr, Wilmington, DE",(302) 277-9527,True,https://www.metro-wilmington-electrical-lighting.us,info@metro-wilmington-electrical-lighting.electricalservices.com,Karen Baker,national_scrape_v1,2026-06-12T05:52:23.739986+00:00,87,new
71,Wilmington Electrical,Electrical,Wilmington,DE,Delaware,"4282 East Blvd, Wilmington, DE",(302) 946-8791,True,https://www.wilmington-electrical.com,info@wilmington-electrical.electricalservices.com,Diane Ortiz,national_scrape_v1,2026-06-12T05:52:23.740029+00:00,76,new
72,Crown Newark Electrical & Lighting,Electrical,Newark,DE,Delaware,"6295 Broadway, Newark, DE",(302) 502-6584,True,https://www.crown-newark-electrical-lighting.co,info@crown-newark-electrical-lighting.electrict.com,Christopher Hill,national_scrape_v1,2026-06-12T05:52:23.740074+00:00,88,new
73,Wilmington Electrical,Electrical,Wilmington,DE,Delaware,"6477 Maple Dr, Wilmington, DE",(302) 673-2073,True,https://www.wilmington-electrical.com,info@wilmington-electrical.electrician.net,Karen Mitchell,national_scrape_v1,2026-06-12T05:52:23.740120+00:00,69,new
74,Flash Dover Electrical,Electrical,Dover,DE,Delaware,"3989 College Ave, Dover, DE",(302) 552-5874,True,https://www.flash-dover-electrical.org,info@flash-dover-electrical.electricalsolutions.com,Amy Ramirez,national_scrape_v1,2026-06-12T05:52:23.740170+00:00,88,new
75,Select Dover Electric,Electrical,Dover,DE,Delaware,"6083 2nd Ave, Dover, DE",(302) 223-6771,True,https://www.select-dover-electric.co,info@select-dover-electric.electrict.com,Pamela Wood,national_scrape_v1,2026-06-12T05:52:23.740214+00:00,76,new
76,Circuit Newark Electrical Systems,Electrical,Newark,DE,Delaware,"476 Church St, Newark, DE",(302) 764-9923,True,https://www.circuit-newark-electrical-systems.org,info@circuit-newark-electrical-systems.electricpros.com,Sarah Reyes,national_scrape_v1,2026-06-12T05:52:23.740260+00:00,63,new
77,Peak Newark Electrical Services,Electrical,Newark,DE,Delaware,"4908 Innovation Blvd, Newark, DE",(302) 629-6276,True,https://www.peak-newark-electrical-services.org,info@peak-newark-electrical-services.electricalsolutions.com,Robert Johnson,national_scrape_v1,2026-06-12T05:52:23.740326+00:00,44,new
78,Lightning Newark Electricians,Electrical,Newark,DE,Delaware,"8793 Highland Ave, Newark, DE",(302) 417-6099,True,https://www.lightning-newark-electricians.us,info@lightning-newark-electricians.powerandlight.com,Gary Harris,national_scrape_v1,2026-06-12T05:52:23.740379+00:00,66,new
79,Express Dover Electricians,Electrical,Dover,DE,Delaware,"5047 Adams Blvd, Dover, DE",(302) 763-7555,True,https://www.express-dover-electricians.co,info@express-dover-electricians.electricalservices.com,Jonathan Walker,national_scrape_v1,2026-06-12T05:52:23.740424+00:00,51,new
80,Valley Dover Electrical Systems,Electrical,Dover,DE,Delaware,"6470 Cedar Ln, Dover, DE",(302) 386-8658,True,https://www.valley-dover-electrical-systems.org,info@valley-dover-electrical-systems.electricpros.com,Angela Bennett,national_scrape_v1,2026-06-12T05:52:23.740469+00:00,79,new
81,Olympic Newark Kitchen & Bar,Restaurant,Newark,DE,Delaware,"3748 West St, Newark, DE",(302) 935-3195,True,https://www.olympic-newark-kitchen-bar.us,info@olympic-newark-kitchen-bar.foodandwine.com,Catherine Baker,national_scrape_v1,2026-06-12T05:52:23.740514+00:00,76,new
82,Chipotle of Wilmington,Restaurant,Wilmington,DE,Delaware,"2737 Professional Pkwy, Wilmington, DE",(302) 826-6114,True,https://www.chipotle-of-wilmington.us,info@chipotle-of-wilmington.orderfood.com,Pamela Jackson,national_scrape_v1,2026-06-12T05:52:23.740559+00:00,47,new
83,Lake Dover Steakhouse,Restaurant,Dover,DE,Delaware,"9932 Technology Dr, Dover, DE",(302) 216-7596,True,https://www.lake-dover-steakhouse.us,info@lake-dover-steakhouse.opentable.net,Elizabeth Jimenez,national_scrape_v1,2026-06-12T05:52:23.740602+00:00,63,new
84,Port Newark Steakhouse,Restaurant,Newark,DE,Delaware,"365 Lincoln Ave, Newark, DE",(302) 932-3984,True,https://www.port-newark-steakhouse.us,info@port-newark-steakhouse.foodandwine.com,John Jimenez,national_scrape_v1,2026-06-12T05:52:23.740650+00:00,82,new
85,Best Inn Newark,Restaurant,Newark,DE,Delaware,"9508 College Ave, Newark, DE",(302) 880-8932,True,https://www.best-inn-newark.org,info@best-inn-newark.restaurant.com,Samuel Alvarez,national_scrape_v1,2026-06-12T05:52:23.740694+00:00,55,new
86,Denny's of Dover,Restaurant,Dover,DE,Delaware,"9617 Hamilton Ave, Dover, DE",(302) 430-4538,True,https://www.dennys-of-dover.com,info@dennys-of-dover.orderfood.com,Nicole Rodriguez,national_scrape_v1,2026-06-12T05:52:23.740738+00:00,80,new
87,Stone Wilmington Kitchen & Bar,Restaurant,Wilmington,DE,Delaware,"2551 West St, Wilmington, DE",(302) 943-7949,True,https://www.stone-wilmington-kitchen-bar.co,info@stone-wilmington-kitchen-bar.eatery.net,Timothy Jones,national_scrape_v1,2026-06-12T05:52:23.740783+00:00,42,new
88,Imperial Wilmington Steakhouse,Restaurant,Wilmington,DE,Delaware,"528 River Rd, Wilmington, DE",(302) 221-6152,True,https://www.imperial-wilmington-steakhouse.co,info@imperial-wilmington-steakhouse.opentable.net,Nicole Reyes,national_scrape_v1,2026-06-12T05:52:23.740825+00:00,83,new
89,Great House Dover,Restaurant,Dover,DE,Delaware,"5104 Elm St, Dover, DE",(302) 326-9647,True,https://www.great-house-dover.org,info@great-house-dover.foodandwine.com,Matthew Gray,national_scrape_v1,2026-06-12T05:52:23.740867+00:00,68,new
90,Prairie Newark Grill,Restaurant,Newark,DE,Delaware,"3433 Jackson Dr, Newark, DE",(302) 305-4341,True,https://www.prairie-newark-grill.org,info@prairie-newark-grill.yelp.com,Ashley Jimenez,national_scrape_v1,2026-06-12T05:52:23.740911+00:00,71,new
91,KFC of Dover,Restaurant,Dover,DE,Delaware,"4953 Franklin St, Dover, DE",(302) 610-2941,True,https://www.kfc-of-dover.net,info@kfc-of-dover.opentable.net,Kimberly Gomez,national_scrape_v1,2026-06-12T05:52:23.740954+00:00,44,new
92,Green Dover Restaurant,Restaurant,Dover,DE,Delaware,"9438 Mill St, Dover, DE",(302) 939-4875,True,https://www.green-dover-restaurant.org,info@green-dover-restaurant.orderfood.com,Melissa Smith,national_scrape_v1,2026-06-12T05:52:23.740998+00:00,55,new
93,Sunset Newark Eatery,Restaurant,Newark,DE,Delaware,"5682 East Blvd, Newark, DE",(302) 308-9648,True,https://www.sunset-newark-eatery.net,info@sunset-newark-eatery.com,Jacob Carter,national_scrape_v1,2026-06-12T05:52:23.741042+00:00,43,new
94,Riverside Dover Restaurant,Restaurant,Dover,DE,Delaware,"1108 Corporate Dr, Dover, DE",(302) 986-8361,True,https://www.riverside-dover-restaurant.org,info@riverside-dover-restaurant.opentable.net,Karen Williams,national_scrape_v1,2026-06-12T05:52:23.741086+00:00,93,new
95,First Wilmington Bistro,Restaurant,Wilmington,DE,Delaware,"7761 Adams Blvd, Wilmington, DE",(302) 984-3242,True,https://www.first-wilmington-bistro.net,info@first-wilmington-bistro.dining.com,William Brown,national_scrape_v1,2026-06-12T05:52:23.741134+00:00,94,new
96,Newark Grill,Restaurant,Newark,DE,Delaware,"6218 Park Ave, Newark, DE",(302) 345-1489,True,https://www.newark-grill.us,info@newark-grill.yelp.com,Rebecca Johnson,national_scrape_v1,2026-06-12T05:52:23.741176+00:00,82,new
97,Dover Korean Bistro,Restaurant,Dover,DE,Delaware,"2295 East Blvd, Dover, DE",(302) 215-9812,True,https://www.dover-korean-bistro.org,info@dover-korean-bistro.yelp.com,Edward Scott,national_scrape_v1,2026-06-12T05:52:23.741219+00:00,82,new
98,Newark Kitchen,Restaurant,Newark,DE,Delaware,"6820 Liberty Ave, Newark, DE",(302) 805-6508,True,https://www.newark-kitchen.net,info@newark-kitchen.restaurant.com,Sandra Peterson,national_scrape_v1,2026-06-12T05:52:23.741261+00:00,84,new
99,Chipotle of Newark,Restaurant,Newark,DE,Delaware,"3485 Technology Dr, Newark, DE",(302) 790-9332,True,https://www.chipotle-of-newark.us,info@chipotle-of-newark.dining.com,Donald Smith,national_scrape_v1,2026-06-12T05:52:23.741327+00:00,64,new
100,Old Table Newark,Restaurant,Newark,DE,Delaware,"5240 Heritage Dr, Newark, DE",(302) 419-2783,True,https://www.old-table-newark.com,info@old-table-newark.dinein.com,Shirley Ortiz,national_scrape_v1,2026-06-12T05:52:23.741378+00:00,61,new
1,Triangle Jacksonville Cooling & Heating,HVAC,Jacksonville,FL,Florida,"2972 Lake Dr, Jacksonville, FL",(904) 595-7053,True,https://www.triangle-jacksonville-cooling-heating.us,info@triangle-jacksonville-cooling-heating.heatingandcooling.net,Christine Lee,national_scrape_v1,2026-06-12T05:52:23.742096+00:00,52,new
2,Bryant of Tampa,HVAC,Tampa,FL,Florida,"9133 Sunset Blvd, Tampa, FL",(321) 931-8498,True,https://www.bryant-of-tampa.org,info@bryant-of-tampa.airconditioning.com,Stephen Carter,national_scrape_v1,2026-06-12T05:52:23.742156+00:00,59,new
3,West Fort Lauderdale Air Systems,HVAC,Fort Lauderdale,FL,Florida,"8074 Lincoln Ave, Fort Lauderdale, FL",(813) 635-7420,True,https://www.west-fort-lauderdale-air-systems.us,info@west-fort-lauderdale-air-systems.airconditioning.com,Nicole Cook,national_scrape_v1,2026-06-12T05:52:23.742204+00:00,89,new
4,Golden Tampa Cooling & Heating,HVAC,Tampa,FL,Florida,"8691 Innovation Blvd, Tampa, FL",(321) 872-7827,True,https://www.golden-tampa-cooling-heating.com,info@golden-tampa-cooling-heating.comfortsolutions.com,William Carter,national_scrape_v1,2026-06-12T05:52:23.742258+00:00,43,new
5,Select Orlando Heating & Air,HVAC,Orlando,FL,Florida,"5212 Maple Dr, Orlando, FL",(407) 600-4991,True,https://www.select-orlando-heating-air.org,info@select-orlando-heating-air.comfortsolutions.com,Scott Taylor,national_scrape_v1,2026-06-12T05:52:23.742371+00:00,54,new
6,ProTech Jacksonville HVAC Services,HVAC,Jacksonville,FL,Florida,"4559 Commerce Dr, Jacksonville, FL",(904) 652-2413,True,https://www.protech-jacksonville-hvac-services.net,info@protech-jacksonville-hvac-services.hvac.com,Steven Castillo,national_scrape_v1,2026-06-12T05:52:23.742460+00:00,81,new
7,King Miami HVAC Services,HVAC,Miami,FL,Florida,"7944 Elm St, Miami, FL",(305) 928-6964,True,https://www.king-miami-hvac-services.co,info@king-miami-hvac-services.comfortsolutions.com,Maria Walker,national_scrape_v1,2026-06-12T05:52:23.742509+00:00,60,new
8,Tempstar of Tampa,HVAC,Tampa,FL,Florida,"6463 3rd St, Tampa, FL",(786) 355-9354,True,https://www.tempstar-of-tampa.com,info@tempstar-of-tampa.airconditioning.com,Jonathan Ramirez,national_scrape_v1,2026-06-12T05:52:23.742557+00:00,81,new
9,Town & Country Jacksonville Climate Control,HVAC,Jacksonville,FL,Florida,"4638 Professional Pkwy, Jacksonville, FL",(754) 751-9744,True,https://www.town-country-jacksonville-climate-control.com,info@town-country-jacksonville-climate-contro.heatingandcooling.net,Linda Mitchell,national_scrape_v1,2026-06-12T05:52:23.742605+00:00,57,new
10,Superior Tampa Cooling & Heating,HVAC,Tampa,FL,Florida,"8020 Hill St, Tampa, FL",(813) 406-6045,True,https://www.superior-tampa-cooling-heating.net,info@superior-tampa-cooling-heating.hvacservices.com,Deborah Martinez,national_scrape_v1,2026-06-12T05:52:23.742650+00:00,48,new
11,Orlando Temperature Control,HVAC,Orlando,FL,Florida,"8838 Lincoln Ave, Orlando, FL",(786) 862-5525,True,https://www.orlando-temperature-control.org,info@orlando-temperature-control.comfortsolutions.com,Karen Cox,national_scrape_v1,2026-06-12T05:52:23.742693+00:00,60,new
12,Capital Fort Lauderdale Air Conditioning,HVAC,Fort Lauderdale,FL,Florida,"5054 Jackson Dr, Fort Lauderdale, FL",(727) 218-2030,True,https://www.capital-fort-lauderdale-air-conditioning.co,info@capital-fort-lauderdale-air-conditioning.acrepair.com,Ryan Thomas,national_scrape_v1,2026-06-12T05:52:23.742739+00:00,73,new
13,Superior Miami Climate Control,HVAC,Miami,FL,Florida,"795 Jefferson Dr, Miami, FL",(813) 354-9647,True,https://www.superior-miami-climate-control.org,info@superior-miami-climate-control.comfortsolutions.com,Nicholas Adams,national_scrape_v1,2026-06-12T05:52:23.742784+00:00,57,new
14,Blue Orlando HVAC Services,HVAC,Orlando,FL,Florida,"2216 Monroe St, Orlando, FL",(904) 290-4253,True,https://www.blue-orlando-hvac-services.co,info@blue-orlando-hvac-services.hvac.com,Kenneth Howard,national_scrape_v1,2026-06-12T05:52:23.742829+00:00,44,new
15,Valley Tampa Heating & Air,HVAC,Tampa,FL,Florida,"7573 Broadway, Tampa, FL",(954) 563-6186,True,https://www.valley-tampa-heating-air.com,info@valley-tampa-heating-air.airconditioning.com,Scott Nelson,national_scrape_v1,2026-06-12T05:52:23.742873+00:00,94,new
16,Grand Tampa Heating & Cooling,HVAC,Tampa,FL,Florida,"2140 Commerce Dr, Tampa, FL",(407) 669-8714,True,https://www.grand-tampa-heating-cooling.net,info@grand-tampa-heating-cooling.acrepair.com,Dorothy Myers,national_scrape_v1,2026-06-12T05:52:23.742917+00:00,76,new
17,American Standard of Jacksonville,HVAC,Jacksonville,FL,Florida,"7071 Enterprise Ave, Jacksonville, FL",(561) 284-2741,True,https://www.american-standard-of-jacksonville.org,info@american-standard-of-jacksonville.mechanicalservices.com,Ashley Perez,national_scrape_v1,2026-06-12T05:52:23.742962+00:00,52,new
18,Liberty Jacksonville Heating & Air,HVAC,Jacksonville,FL,Florida,"6319 5th Ave, Jacksonville, FL",(352) 889-2401,True,https://www.liberty-jacksonville-heating-air.us,info@liberty-jacksonville-heating-air.hvac.com,Daniel Hall,national_scrape_v1,2026-06-12T05:52:23.743007+00:00,45,new
19,Tampa Cooling & Heating,HVAC,Tampa,FL,Florida,"6845 Adams Blvd, Tampa, FL",(786) 568-1210,True,https://www.tampa-cooling-heating.net,info@tampa-cooling-heating.heatingandcooling.net,Maria Diaz,national_scrape_v1,2026-06-12T05:52:23.743050+00:00,51,new
20,Total Orlando Temperature Control,HVAC,Orlando,FL,Florida,"6729 4th Blvd, Orlando, FL",(561) 684-9218,True,https://www.total-orlando-temperature-control.com,info@total-orlando-temperature-control.mechanicalservices.com,Jeffrey Gonzalez,national_scrape_v1,2026-06-12T05:52:23.743094+00:00,55,new
21,City Jacksonville Plumbing,Plumbing,Jacksonville,FL,Florida,"6483 Lincoln Ave, Jacksonville, FL",(904) 224-5449,True,https://www.city-jacksonville-plumbing.us,info@city-jacksonville-plumbing.drainpros.com,Richard Morales,national_scrape_v1,2026-06-12T05:52:23.743142+00:00,58,new
22,Five Star Miami Plumbing Services,Plumbing,Miami,FL,Florida,"9810 Industrial Blvd, Miami, FL",(305) 335-2007,True,https://www.five-star-miami-plumbing-services.co,info@five-star-miami-plumbing-services.pipeanddrain.com,Gregory Ward,national_scrape_v1,2026-06-12T05:52:23.743186+00:00,59,new
23,Heritage Fort Lauderdale Plumbing Pros,Plumbing,Fort Lauderdale,FL,Florida,"7591 Lake Dr, Fort Lauderdale, FL",(904) 786-6490,True,https://www.heritage-fort-lauderdale-plumbing-pros.com,info@heritage-fort-lauderdale-plumbing-pros.rooter.com,Edward Kim,national_scrape_v1,2026-06-12T05:52:23.743234+00:00,56,new
24,Total Orlando Drain Cleaning,Plumbing,Orlando,FL,Florida,"9199 Elm St, Orlando, FL",(727) 644-6173,True,https://www.total-orlando-drain-cleaning.co,info@total-orlando-drain-cleaning.plumbing.com,Betty Rodriguez,national_scrape_v1,2026-06-12T05:52:23.743280+00:00,48,new
25,Crown Tampa Plumbing Co.,Plumbing,Tampa,FL,Florida,"7678 Main St, Tampa, FL",(904) 618-4015,True,https://www.crown-tampa-plumbing-co.co,info@crown-tampa-plumbing-co.rooter.com,William Cooper,national_scrape_v1,2026-06-12T05:52:23.743350+00:00,69,new
26,Valley Miami Drain Cleaning,Plumbing,Miami,FL,Florida,"4509 Highland Ave, Miami, FL",(727) 701-8579,True,https://www.valley-miami-drain-cleaning.org,info@valley-miami-drain-cleaning.drainpros.com,Thomas Brown,national_scrape_v1,2026-06-12T05:52:23.743398+00:00,80,new
27,Miami Plumbing Co.,Plumbing,Miami,FL,Florida,"2376 University Blvd, Miami, FL",(352) 665-9109,True,https://www.miami-plumbing-co.co,info@miami-plumbing-co.plumbing.com,Anna Lopez,national_scrape_v1,2026-06-12T05:52:23.743444+00:00,92,new
28,All Miami Plumbing Pros,Plumbing,Miami,FL,Florida,"984 Medical Center Dr, Miami, FL",(386) 233-2971,True,https://www.all-miami-plumbing-pros.net,info@all-miami-plumbing-pros.plumbers.net,Susan Wilson,national_scrape_v1,2026-06-12T05:52:23.743487+00:00,53,new
29,Orlando Plumbing & Drain,Plumbing,Orlando,FL,Florida,"8643 Elm St, Orlando, FL",(754) 675-5606,True,https://www.orlando-plumbing-drain.net,info@orlando-plumbing-drain.plumbing.com,Michael Ward,national_scrape_v1,2026-06-12T05:52:23.743530+00:00,56,new
30,Reliable Tampa Pipe & Drain,Plumbing,Tampa,FL,Florida,"9089 College Ave, Tampa, FL",(772) 850-5086,True,https://www.reliable-tampa-pipe-drain.com,info@reliable-tampa-pipe-drain.drainpros.com,Joshua Wood,national_scrape_v1,2026-06-12T05:52:23.743574+00:00,70,new
31,King Jacksonville Plumbing Solutions,Plumbing,Jacksonville,FL,Florida,"9242 Market St, Jacksonville, FL",(863) 402-6505,True,https://www.king-jacksonville-plumbing-solutions.co,info@king-jacksonville-plumbing-solutions.plumbingservices.net,David Allen,national_scrape_v1,2026-06-12T05:52:23.743618+00:00,72,new
32,King Fort Lauderdale Plumbing Services,Plumbing,Fort Lauderdale,FL,Florida,"3084 South Ave, Fort Lauderdale, FL",(772) 685-1002,True,https://www.king-fort-lauderdale-plumbing-services.org,info@king-fort-lauderdale-plumbing-services.plumbing.com,Debra Kim,national_scrape_v1,2026-06-12T05:52:23.743663+00:00,89,new
33,Total Miami Plumbing,Plumbing,Miami,FL,Florida,"9615 Medical Center Dr, Miami, FL",(772) 997-8086,True,https://www.total-miami-plumbing.com,info@total-miami-plumbing.plumbingpros.com,Rachel Morris,national_scrape_v1,2026-06-12T05:52:23.743707+00:00,82,new
34,Apex Orlando Drain Cleaning,Plumbing,Orlando,FL,Florida,"5326 1st St, Orlando, FL",(813) 945-8486,True,https://www.apex-orlando-drain-cleaning.com,info@apex-orlando-drain-cleaning.plumbers.net,Brandon Lopez,national_scrape_v1,2026-06-12T05:52:23.743754+00:00,41,new
35,Right Fort Lauderdale Plumbing Solutions,Plumbing,Fort Lauderdale,FL,Florida,"4703 Franklin St, Fort Lauderdale, FL",(386) 571-9361,True,https://www.right-fort-lauderdale-plumbing-solutions.co,info@right-fort-lauderdale-plumbing-solutions.plumbing.com,Dorothy Martinez,national_scrape_v1,2026-06-12T05:52:23.743799+00:00,43,new
36,Best Orlando Plumbing Co.,Plumbing,Orlando,FL,Florida,"8954 Medical Center Dr, Orlando, FL",(941) 895-7753,True,https://www.best-orlando-plumbing-co.us,info@best-orlando-plumbing-co.plumbing.com,Frank Martinez,national_scrape_v1,2026-06-12T05:52:23.743843+00:00,74,new
37,Select Fort Lauderdale Rooter & Plumbing,Plumbing,Fort Lauderdale,FL,Florida,"1909 Market St, Fort Lauderdale, FL",(561) 303-1240,True,https://www.select-fort-lauderdale-rooter-plumbing.net,info@select-fort-lauderdale-rooter-plumbing.pipeanddrain.com,Mary Edwards,national_scrape_v1,2026-06-12T05:52:23.743940+00:00,84,new
38,Clear Miami Rooter & Plumbing,Plumbing,Miami,FL,Florida,"4966 River Rd, Miami, FL",(754) 753-4746,True,https://www.clear-miami-rooter-plumbing.com,info@clear-miami-rooter-plumbing.drainpros.com,Dennis Hall,national_scrape_v1,2026-06-12T05:52:23.743989+00:00,84,new
39,Eagle Orlando Plumbing & Drain,Plumbing,Orlando,FL,Florida,"672 Lake Dr, Orlando, FL",(813) 489-5730,True,https://www.eagle-orlando-plumbing-drain.org,info@eagle-orlando-plumbing-drain.plumbingservices.net,Patricia Jackson,national_scrape_v1,2026-06-12T05:52:23.744034+00:00,45,new
40,Orlando Pipe & Drain,Plumbing,Orlando,FL,Florida,"6213 5th Ave, Orlando, FL",(850) 581-9859,True,https://www.orlando-pipe-drain.us,info@orlando-pipe-drain.drainpros.com,Daniel Hall,national_scrape_v1,2026-06-12T05:52:23.744081+00:00,48,new
41,Tampa Exteriors,Roofing,Tampa,FL,Florida,"6548 Sunset Blvd, Tampa, FL",(772) 809-4773,True,https://www.tampa-exteriors.com,info@tampa-exteriors.roofingcontractors.com,Sharon Wood,national_scrape_v1,2026-06-12T05:52:23.744131+00:00,79,new
42,Tampa Roofing Solutions,Roofing,Tampa,FL,Florida,"8605 Commerce Dr, Tampa, FL",(305) 731-1879,True,https://www.tampa-roofing-solutions.com,info@tampa-roofing-solutions.roofingcontractors.com,Sandra Walker,national_scrape_v1,2026-06-12T05:52:23.744174+00:00,53,new
43,Liberty Orlando Roofing Services,Roofing,Orlando,FL,Florida,"2858 Pine St, Orlando, FL",(941) 297-4347,True,https://www.liberty-orlando-roofing-services.net,info@liberty-orlando-roofing-services.roofingservices.com,Anthony Morgan,national_scrape_v1,2026-06-12T05:52:23.744218+00:00,70,new
44,Owens Corning of Jacksonville,Roofing,Jacksonville,FL,Florida,"3085 Franklin St, Jacksonville, FL",(352) 202-9638,True,https://www.owens-corning-of-jacksonville.co,info@owens-corning-of-jacksonville.roofingcontractors.com,Margaret Hill,national_scrape_v1,2026-06-12T05:52:23.744263+00:00,64,new
45,Jacksonville Roofing Services,Roofing,Jacksonville,FL,Florida,"3145 Park Ave, Jacksonville, FL",(321) 974-1129,True,https://www.jacksonville-roofing-services.us,info@jacksonville-roofing-services.roofingservices.com,Jennifer Diaz,national_scrape_v1,2026-06-12T05:52:23.744331+00:00,59,new
46,Red Fort Lauderdale Roofing,Roofing,Fort Lauderdale,FL,Florida,"7837 Franklin St, Fort Lauderdale, FL",(904) 988-6697,True,https://www.red-fort-lauderdale-roofing.us,info@red-fort-lauderdale-roofing.com,William Stewart,national_scrape_v1,2026-06-12T05:52:23.744409+00:00,91,new
47,Pro Jacksonville Roofing Solutions,Roofing,Jacksonville,FL,Florida,"9142 Victory Blvd, Jacksonville, FL",(727) 491-5617,True,https://www.pro-jacksonville-roofing-solutions.com,info@pro-jacksonville-roofing-solutions.exteriors.com,Kimberly Cooper,national_scrape_v1,2026-06-12T05:52:23.744494+00:00,52,new
48,Main Miami Roofing Contractors,Roofing,Miami,FL,Florida,"528 1st St, Miami, FL",(305) 344-9805,True,https://www.main-miami-roofing-contractors.us,info@main-miami-roofing-contractors.roofingservices.com,George Rodriguez,national_scrape_v1,2026-06-12T05:52:23.744557+00:00,93,new
49,Guardian Orlando Roofing & Remodeling,Roofing,Orlando,FL,Florida,"6030 Hamilton Ave, Orlando, FL",(904) 915-6535,True,https://www.guardian-orlando-roofing-remodeling.net,info@guardian-orlando-roofing-remodeling.roofsolutions.com,Gary Evans,national_scrape_v1,2026-06-12T05:52:23.744624+00:00,58,new
50,Elite Fort Lauderdale Roofing,Roofing,Fort Lauderdale,FL,Florida,"9310 Oak Ave, Fort Lauderdale, FL",(321) 708-9736,True,https://www.elite-fort-lauderdale-roofing.net,info@elite-fort-lauderdale-roofing.roofsolutions.com,Michelle Ross,national_scrape_v1,2026-06-12T05:52:23.744697+00:00,71,new
51,Capital Jacksonville Roofing Co.,Roofing,Jacksonville,FL,Florida,"897 Liberty Ave, Jacksonville, FL",(754) 974-7723,True,https://www.capital-jacksonville-roofing-co.us,info@capital-jacksonville-roofing-co.roofsolutions.com,Nancy Wilson,national_scrape_v1,2026-06-12T05:52:23.744748+00:00,63,new
52,Keystone Miami Roofing Contractors,Roofing,Miami,FL,Florida,"203 Freedom Ave, Miami, FL",(321) 827-4250,True,https://www.keystone-miami-roofing-contractors.us,info@keystone-miami-roofing-contractors.roofing.com,Ashley Edwards,national_scrape_v1,2026-06-12T05:52:23.744793+00:00,84,new
53,North Fort Lauderdale Roof Pros,Roofing,Fort Lauderdale,FL,Florida,"2178 Madison Ave, Fort Lauderdale, FL",(727) 491-8853,True,https://www.north-fort-lauderdale-roof-pros.net,info@north-fort-lauderdale-roof-pros.roofing.com,Stephen Sanchez,national_scrape_v1,2026-06-12T05:52:23.744842+00:00,70,new
54,King Orlando Roofing,Roofing,Orlando,FL,Florida,"9780 School St, Orlando, FL",(321) 749-1991,True,https://www.king-orlando-roofing.us,info@king-orlando-roofing.roofpros.com,Richard Ruiz,national_scrape_v1,2026-06-12T05:52:23.744887+00:00,59,new
55,White Fort Lauderdale Roofing Contractors,Roofing,Fort Lauderdale,FL,Florida,"4558 Corporate Dr, Fort Lauderdale, FL",(813) 220-1080,True,https://www.white-fort-lauderdale-roofing-contractors.co,info@white-fort-lauderdale-roofing-contractor.roofing.com,Patricia Sanchez,national_scrape_v1,2026-06-12T05:52:23.744932+00:00,40,new
56,White Jacksonville Roofing,Roofing,Jacksonville,FL,Florida,"6912 Hamilton Ave, Jacksonville, FL",(386) 572-8400,True,https://www.white-jacksonville-roofing.org,info@white-jacksonville-roofing.exteriors.com,Jason Jackson,national_scrape_v1,2026-06-12T05:52:23.745139+00:00,68,new
57,GAF of Tampa,Roofing,Tampa,FL,Florida,"4947 Enterprise Ave, Tampa, FL",(754) 611-7459,True,https://www.gaf-of-tampa.us,info@gaf-of-tampa.roofpros.com,Emily Garcia,national_scrape_v1,2026-06-12T05:52:23.745190+00:00,51,new
58,Fort Lauderdale Roofing & Siding,Roofing,Fort Lauderdale,FL,Florida,"5867 Mill St, Fort Lauderdale, FL",(786) 463-2341,True,https://www.fort-lauderdale-roofing-siding.net,info@fort-lauderdale-roofing-siding.roofingservices.com,Nicholas Parker,national_scrape_v1,2026-06-12T05:52:23.745238+00:00,43,new
59,Heritage Miami Roofing & Construction,Roofing,Miami,FL,Florida,"7922 Main St, Miami, FL",(813) 590-4289,True,https://www.heritage-miami-roofing-construction.com,info@heritage-miami-roofing-construction.exteriors.com,Emily Jones,national_scrape_v1,2026-06-12T05:52:23.745283+00:00,95,new
60,Shield Tampa Roofing & Siding,Roofing,Tampa,FL,Florida,"6606 4th Blvd, Tampa, FL",(321) 859-4946,True,https://www.shield-tampa-roofing-siding.co,info@shield-tampa-roofing-siding.roofingcontractors.com,Kimberly Turner,national_scrape_v1,2026-06-12T05:52:23.745355+00:00,71,new
61,Mister Sparky of Orlando,Electrical,Orlando,FL,Florida,"6348 Main St, Orlando, FL",(941) 232-6359,True,https://www.mister-sparky-of-orlando.org,info@mister-sparky-of-orlando.electrician.net,Anna Ortiz,national_scrape_v1,2026-06-12T05:52:23.745404+00:00,85,new
62,Pro Fort Lauderdale Electrical Contractors,Electrical,Fort Lauderdale,FL,Florida,"6996 Oak Ave, Fort Lauderdale, FL",(863) 558-3696,True,https://www.pro-fort-lauderdale-electrical-contractors.co,info@pro-fort-lauderdale-electrical-contracto.electrical.com,Justin Gomez,national_scrape_v1,2026-06-12T05:52:23.745450+00:00,41,new
63,American Orlando Electric,Electrical,Orlando,FL,Florida,"5668 Liberty Ave, Orlando, FL",(954) 363-2931,True,https://www.american-orlando-electric.us,info@american-orlando-electric.electricpros.com,Anna Foster,national_scrape_v1,2026-06-12T05:52:23.745494+00:00,47,new
64,Pro Orlando Electrical Solutions,Electrical,Orlando,FL,Florida,"2560 Freedom Ave, Orlando, FL",(727) 449-6926,True,https://www.pro-orlando-electrical-solutions.co,info@pro-orlando-electrical-solutions.electrical.com,Nicole Johnson,national_scrape_v1,2026-06-12T05:52:23.745543+00:00,57,new
65,Pacific Miami Electrical,Electrical,Miami,FL,Florida,"4195 Mill St, Miami, FL",(850) 517-3013,True,https://www.pacific-miami-electrical.co,info@pacific-miami-electrical.powerandlight.com,Scott Brown,national_scrape_v1,2026-06-12T05:52:23.745587+00:00,48,new
66,Select Fort Lauderdale Electrical,Electrical,Fort Lauderdale,FL,Florida,"7656 School St, Fort Lauderdale, FL",(727) 953-6449,True,https://www.select-fort-lauderdale-electrical.co,info@select-fort-lauderdale-electrical.powerandlight.com,Debra Lopez,national_scrape_v1,2026-06-12T05:52:23.745633+00:00,58,new
67,Sure Miami Electrical Services,Electrical,Miami,FL,Florida,"9113 University Blvd, Miami, FL",(786) 893-8280,True,https://www.sure-miami-electrical-services.net,info@sure-miami-electrical-services.electricalsolutions.com,Lisa Howard,national_scrape_v1,2026-06-12T05:52:23.745677+00:00,70,new
68,Power Up Electric of Fort Lauderdale,Electrical,Fort Lauderdale,FL,Florida,"6074 School St, Fort Lauderdale, FL",(386) 349-9202,True,https://www.power-up-electric-of-fort-lauderdale.com,info@power-up-electric-of-fort-lauderdale.electricalservices.com,Jonathan Flores,national_scrape_v1,2026-06-12T05:52:23.745723+00:00,67,new
69,Elite Miami Electrical Systems,Electrical,Miami,FL,Florida,"2543 West St, Miami, FL",(386) 531-7271,True,https://www.elite-miami-electrical-systems.co,info@elite-miami-electrical-systems.electricalsolutions.com,Sarah Wood,national_scrape_v1,2026-06-12T05:52:23.745766+00:00,48,new
70,Tampa Electrical Services,Electrical,Tampa,FL,Florida,"5884 College Ave, Tampa, FL",(754) 856-8333,True,https://www.tampa-electrical-services.us,info@tampa-electrical-services.electricalsolutions.com,Carolyn Collins,national_scrape_v1,2026-06-12T05:52:23.745809+00:00,74,new
71,Apex Fort Lauderdale Electrical Services,Electrical,Fort Lauderdale,FL,Florida,"2732 University Blvd, Fort Lauderdale, FL",(954) 592-7782,True,https://www.apex-fort-lauderdale-electrical-services.net,info@apex-fort-lauderdale-electrical-services.electricalsolutions.com,Larry Brooks,national_scrape_v1,2026-06-12T05:52:23.745853+00:00,93,new
72,Complete Tampa Electricians,Electrical,Tampa,FL,Florida,"9027 Church St, Tampa, FL",(561) 708-6878,True,https://www.complete-tampa-electricians.net,info@complete-tampa-electricians.electricalsolutions.com,Justin Cox,national_scrape_v1,2026-06-12T05:52:23.745896+00:00,70,new
73,Quality Tampa Electrical Contractors,Electrical,Tampa,FL,Florida,"802 Enterprise Ave, Tampa, FL",(904) 984-8045,True,https://www.quality-tampa-electrical-contractors.us,info@quality-tampa-electrical-contractors.powerandlight.com,Gary Kelly,national_scrape_v1,2026-06-12T05:52:23.745940+00:00,93,new
74,Metro Fort Lauderdale Electrical Services,Electrical,Fort Lauderdale,FL,Florida,"854 Broadway, Fort Lauderdale, FL",(321) 993-2140,True,https://www.metro-fort-lauderdale-electrical-services.net,info@metro-fort-lauderdale-electrical-service.electricalsolutions.com,Mark Myers,national_scrape_v1,2026-06-12T05:52:23.745986+00:00,42,new
75,King Orlando Electrical Solutions,Electrical,Orlando,FL,Florida,"2533 Broadway, Orlando, FL",(305) 345-2132,True,https://www.king-orlando-electrical-solutions.org,info@king-orlando-electrical-solutions.electrician.net,Kimberly Wood,national_scrape_v1,2026-06-12T05:52:23.746031+00:00,62,new
76,Pacific Miami Electrical,Electrical,Miami,FL,Florida,"5175 Monroe St, Miami, FL",(561) 232-8202,True,https://www.pacific-miami-electrical.net,info@pacific-miami-electrical.electrician.net,Kevin Lewis,national_scrape_v1,2026-06-12T05:52:23.746073+00:00,90,new
77,ProTech Jacksonville Electrical,Electrical,Jacksonville,FL,Florida,"5665 School St, Jacksonville, FL",(850) 384-2872,True,https://www.protech-jacksonville-electrical.us,info@protech-jacksonville-electrical.powerandlight.com,Jack Torres,national_scrape_v1,2026-06-12T05:52:23.746120+00:00,40,new
78,Tampa Electrical Services,Electrical,Tampa,FL,Florida,"4741 Lincoln Ave, Tampa, FL",(850) 501-7008,True,https://www.tampa-electrical-services.us,info@tampa-electrical-services.electrical.com,Brenda Sanders,national_scrape_v1,2026-06-12T05:52:23.746163+00:00,56,new
79,Keystone Orlando Electricians,Electrical,Orlando,FL,Florida,"9482 School St, Orlando, FL",(863) 314-3206,True,https://www.keystone-orlando-electricians.org,info@keystone-orlando-electricians.electricalservices.com,Barbara Phillips,national_scrape_v1,2026-06-12T05:52:23.746206+00:00,54,new
80,Summit Fort Lauderdale Electrical,Electrical,Fort Lauderdale,FL,Florida,"4189 Freedom Ave, Fort Lauderdale, FL",(754) 216-4960,True,https://www.summit-fort-lauderdale-electrical.net,info@summit-fort-lauderdale-electrical.electricpros.com,Emily Wilson,national_scrape_v1,2026-06-12T05:52:23.746249+00:00,83,new
81,Denny's of Jacksonville,Restaurant,Jacksonville,FL,Florida,"2364 Liberty Ave, Jacksonville, FL",(941) 702-1849,True,https://www.dennys-of-jacksonville.com,info@dennys-of-jacksonville.dining.com,Anthony Murphy,national_scrape_v1,2026-06-12T05:52:23.746293+00:00,56,new
82,First Miami Steakhouse,Restaurant,Miami,FL,Florida,"7167 West St, Miami, FL",(863) 846-6348,True,https://www.first-miami-steakhouse.us,info@first-miami-steakhouse.dining.com,Jacob Gray,national_scrape_v1,2026-06-12T05:52:23.746362+00:00,88,new
83,Classic View Miami,Restaurant,Miami,FL,Florida,"6744 Monroe St, Miami, FL",(772) 568-7641,True,https://www.classic-view-miami.org,info@classic-view-miami.restaurant.com,Mark Parker,national_scrape_v1,2026-06-12T05:52:23.746410+00:00,54,new
84,Mill Jacksonville Kitchen,Restaurant,Jacksonville,FL,Florida,"6689 Lincoln Ave, Jacksonville, FL",(754) 962-3627,True,https://www.mill-jacksonville-kitchen.org,info@mill-jacksonville-kitchen.eatery.net,Margaret Ortiz,national_scrape_v1,2026-06-12T05:52:23.746458+00:00,56,new
85,Wharf Fort Lauderdale Steakhouse,Restaurant,Fort Lauderdale,FL,Florida,"4327 Sunset Blvd, Fort Lauderdale, FL",(352) 492-9967,True,https://www.wharf-fort-lauderdale-steakhouse.co,info@wharf-fort-lauderdale-steakhouse.orderfood.com,Deborah Sanders,national_scrape_v1,2026-06-12T05:52:23.746504+00:00,79,new
86,Chili's of Jacksonville,Restaurant,Jacksonville,FL,Florida,"259 Monroe St, Jacksonville, FL",(786) 693-4829,True,https://www.chilis-of-jacksonville.com,info@chilis-of-jacksonville.restaurant.com,Kathleen Rogers,national_scrape_v1,2026-06-12T05:52:23.746549+00:00,76,new
87,Orlando American Grill,Restaurant,Orlando,FL,Florida,"7026 3rd St, Orlando, FL",(727) 836-2687,True,https://www.orlando-american-grill.us,info@orlando-american-grill.restaurant.com,Charles Sanchez,national_scrape_v1,2026-06-12T05:52:23.746592+00:00,49,new
88,Big Spot Orlando,Restaurant,Orlando,FL,Florida,"4786 Technology Dr, Orlando, FL",(407) 614-3807,True,https://www.big-spot-orlando.us,info@big-spot-orlando.yelp.com,Karen Patel,national_scrape_v1,2026-06-12T05:52:23.746637+00:00,73,new
89,Red Jacksonville Steakhouse,Restaurant,Jacksonville,FL,Florida,"4653 Hill St, Jacksonville, FL",(850) 727-4579,True,https://www.red-jacksonville-steakhouse.org,info@red-jacksonville-steakhouse.opentable.net,Nicholas Richardson,national_scrape_v1,2026-06-12T05:52:23.746680+00:00,43,new
90,Midtown Miami Kitchen & Bar,Restaurant,Miami,FL,Florida,"6251 Broadway, Miami, FL",(772) 810-4056,True,https://www.midtown-miami-kitchen-bar.com,info@midtown-miami-kitchen-bar.orderfood.com,Ryan Young,national_scrape_v1,2026-06-12T05:52:23.746724+00:00,87,new
91,Grand Fort Lauderdale Grill,Restaurant,Fort Lauderdale,FL,Florida,"1449 Industrial Blvd, Fort Lauderdale, FL",(727) 272-8263,True,https://www.grand-fort-lauderdale-grill.org,info@grand-fort-lauderdale-grill.foodandwine.com,Deborah Alvarez,national_scrape_v1,2026-06-12T05:52:23.746771+00:00,79,new
92,Old Corner Orlando,Restaurant,Orlando,FL,Florida,"4686 Heritage Dr, Orlando, FL",(863) 727-8570,True,https://www.old-corner-orlando.org,info@old-corner-orlando.eatery.net,Benjamin Moore,national_scrape_v1,2026-06-12T05:52:23.746814+00:00,64,new
93,Great Grill Fort Lauderdale,Restaurant,Fort Lauderdale,FL,Florida,"8154 Franklin St, Fort Lauderdale, FL",(727) 776-5424,True,https://www.great-grill-fort-lauderdale.org,info@great-grill-fort-lauderdale.orderfood.com,Deborah Hall,national_scrape_v1,2026-06-12T05:52:23.746859+00:00,46,new
94,Classic Spot Tampa,Restaurant,Tampa,FL,Florida,"8760 University Blvd, Tampa, FL",(941) 423-3000,True,https://www.classic-spot-tampa.us,info@classic-spot-tampa.restaurant.com,Brian King,national_scrape_v1,2026-06-12T05:52:23.746903+00:00,81,new
95,Applebee's of Tampa,Restaurant,Tampa,FL,Florida,"1529 Park Ave, Tampa, FL",(954) 205-1772,True,https://www.applebees-of-tampa.co,info@applebees-of-tampa.restaurant.com,Shirley Patel,national_scrape_v1,2026-06-12T05:52:23.746948+00:00,50,new
96,Riverside Orlando Kitchen,Restaurant,Orlando,FL,Florida,"4455 Adams Blvd, Orlando, FL",(850) 904-1746,True,https://www.riverside-orlando-kitchen.net,info@riverside-orlando-kitchen.orderfood.com,Kathleen Collins,national_scrape_v1,2026-06-12T05:52:23.746991+00:00,93,new
97,Happy House Jacksonville,Restaurant,Jacksonville,FL,Florida,"5285 3rd St, Jacksonville, FL",(386) 770-3613,True,https://www.happy-house-jacksonville.com,info@happy-house-jacksonville.orderfood.com,William Peterson,national_scrape_v1,2026-06-12T05:52:23.747034+00:00,95,new
98,Heritage Miami Eatery,Restaurant,Miami,FL,Florida,"3689 Adams Blvd, Miami, FL",(321) 522-2063,True,https://www.heritage-miami-eatery.co,info@heritage-miami-eatery.orderfood.com,Eric Rivera,national_scrape_v1,2026-06-12T05:52:23.747076+00:00,51,new
99,New Cafe Jacksonville,Restaurant,Jacksonville,FL,Florida,"7491 Liberty Ave, Jacksonville, FL",(786) 279-5145,True,https://www.new-cafe-jacksonville.us,info@new-cafe-jacksonville.foodandwine.com,Daniel Cruz,national_scrape_v1,2026-06-12T05:52:23.747123+00:00,81,new
100,McDonald's of Orlando,Restaurant,Orlando,FL,Florida,"2376 1st St, Orlando, FL",(786) 654-1057,True,https://www.mcdonalds-of-orlando.us,info@mcdonalds-of-orlando.dining.com,Nicholas Cruz,national_scrape_v1,2026-06-12T05:52:23.747167+00:00,52,new
1,Ultimate Columbus Air Conditioning,HVAC,Columbus,GA,Georgia,"9814 North St, Columbus, GA",(470) 640-3795,True,https://www.ultimate-columbus-air-conditioning.org,info@ultimate-columbus-air-conditioning.comfortsolutions.com,Helen Evans,national_scrape_v1,2026-06-12T05:52:23.747669+00:00,74,new
2,Reliable Columbus HVAC Services,HVAC,Columbus,GA,Georgia,"788 Broadway, Columbus, GA",(770) 792-4205,True,https://www.reliable-columbus-hvac-services.org,info@reliable-columbus-hvac-services.comfortsolutions.com,Rebecca Robinson,national_scrape_v1,2026-06-12T05:52:23.748088+00:00,48,new
3,Elite Atlanta Climate Control,HVAC,Atlanta,GA,Georgia,"907 Elm St, Atlanta, GA",(706) 574-8126,True,https://www.elite-atlanta-climate-control.net,info@elite-atlanta-climate-control.hvac.com,Justin Kim,national_scrape_v1,2026-06-12T05:52:23.748147+00:00,72,new
4,American Standard of Savannah,HVAC,Savannah,GA,Georgia,"3895 Washington St, Savannah, GA",(478) 638-2286,True,https://www.american-standard-of-savannah.com,info@american-standard-of-savannah.comfortsolutions.com,Maria Brown,national_scrape_v1,2026-06-12T05:52:23.748198+00:00,79,new
5,Central Atlanta HVAC Services,HVAC,Atlanta,GA,Georgia,"6242 Cedar Ln, Atlanta, GA",(678) 373-7111,True,https://www.central-atlanta-hvac-services.co,info@central-atlanta-hvac-services.mechanicalservices.com,Margaret Clark,national_scrape_v1,2026-06-12T05:52:23.748243+00:00,55,new
6,North Star Augusta Air Systems,HVAC,Augusta,GA,Georgia,"2873 Main St, Augusta, GA",(470) 454-5001,True,https://www.north-star-augusta-air-systems.net,info@north-star-augusta-air-systems.hvacservices.com,Stephen Morales,national_scrape_v1,2026-06-12T05:52:23.748289+00:00,86,new
7,Amana of Savannah,HVAC,Savannah,GA,Georgia,"9223 Enterprise Ave, Savannah, GA",(706) 349-6910,True,https://www.amana-of-savannah.org,info@amana-of-savannah.airconditioning.com,Kimberly Kim,national_scrape_v1,2026-06-12T05:52:23.748359+00:00,87,new
8,Carrier of Augusta,HVAC,Augusta,GA,Georgia,"9922 Commerce Dr, Augusta, GA",(229) 684-8111,True,https://www.carrier-of-augusta.us,info@carrier-of-augusta.hvacservices.com,Raymond Thomas,national_scrape_v1,2026-06-12T05:52:23.748408+00:00,44,new
9,White Atlanta Air Systems,HVAC,Atlanta,GA,Georgia,"4989 Monroe St, Atlanta, GA",(470) 812-7027,True,https://www.white-atlanta-air-systems.net,info@white-atlanta-air-systems.acrepair.com,Shirley Flores,national_scrape_v1,2026-06-12T05:52:23.748454+00:00,60,new
10,Columbus Temperature Control,HVAC,Columbus,GA,Georgia,"4523 Church St, Columbus, GA",(762) 796-1273,True,https://www.columbus-temperature-control.org,info@columbus-temperature-control.mechanicalservices.com,Maria Kelly,national_scrape_v1,2026-06-12T05:52:23.748498+00:00,53,new
11,Crown Columbus HVAC Services,HVAC,Columbus,GA,Georgia,"9811 Medical Center Dr, Columbus, GA",(770) 515-1682,True,https://www.crown-columbus-hvac-services.us,info@crown-columbus-hvac-services.mechanicalservices.com,Jeffrey Gray,national_scrape_v1,2026-06-12T05:52:23.748542+00:00,76,new
12,Gulf Augusta HVAC,HVAC,Augusta,GA,Georgia,"9203 Heritage Dr, Augusta, GA",(762) 804-2644,True,https://www.gulf-augusta-hvac.co,info@gulf-augusta-hvac.mechanicalservices.com,Donald Rogers,national_scrape_v1,2026-06-12T05:52:23.748585+00:00,82,new
13,Metro Savannah Heating & Air,HVAC,Savannah,GA,Georgia,"5226 Commerce Dr, Savannah, GA",(404) 760-3656,True,https://www.metro-savannah-heating-air.net,info@metro-savannah-heating-air.hvacpros.net,Amanda Mendoza,national_scrape_v1,2026-06-12T05:52:23.748628+00:00,67,new
14,Ultimate Augusta Air Conditioning,HVAC,Augusta,GA,Georgia,"7880 Business Park Dr, Augusta, GA",(762) 833-4112,True,https://www.ultimate-augusta-air-conditioning.com,info@ultimate-augusta-air-conditioning.mechanicalservices.com,Catherine Morris,national_scrape_v1,2026-06-12T05:52:23.748674+00:00,78,new
15,York of Savannah,HVAC,Savannah,GA,Georgia,"1905 Hamilton Ave, Savannah, GA",(478) 503-1478,True,https://www.york-of-savannah.co,info@york-of-savannah.mechanicalservices.com,Emily Clark,national_scrape_v1,2026-06-12T05:52:23.748717+00:00,66,new
16,ProTech Columbus HVAC,HVAC,Columbus,GA,Georgia,"2481 5th Ave, Columbus, GA",(706) 423-1056,True,https://www.protech-columbus-hvac.org,info@protech-columbus-hvac.heatingandcooling.net,Cynthia Carter,national_scrape_v1,2026-06-12T05:52:23.748760+00:00,89,new
17,Cool Savannah HVAC Services,HVAC,Savannah,GA,Georgia,"1010 East Blvd, Savannah, GA",(229) 680-7073,True,https://www.cool-savannah-hvac-services.co,info@cool-savannah-hvac-services.hvac.com,Scott Lee,national_scrape_v1,2026-06-12T05:52:23.748804+00:00,81,new
18,Rheem of Atlanta,HVAC,Atlanta,GA,Georgia,"4986 Jefferson Dr, Atlanta, GA",(706) 437-6908,True,https://www.rheem-of-atlanta.us,info@rheem-of-atlanta.mechanicalservices.com,Anthony Morris,national_scrape_v1,2026-06-12T05:52:23.748848+00:00,40,new
19,Allied Columbus Air Systems,HVAC,Columbus,GA,Georgia,"2098 Professional Pkwy, Columbus, GA",(762) 203-7258,True,https://www.allied-columbus-air-systems.us,info@allied-columbus-air-systems.hvac.com,Sandra Ortiz,national_scrape_v1,2026-06-12T05:52:23.748891+00:00,90,new
20,Amana of Augusta,HVAC,Augusta,GA,Georgia,"7263 College Ave, Augusta, GA",(470) 913-3451,True,https://www.amana-of-augusta.us,info@amana-of-augusta.heatingandcooling.net,Ronald Nelson,national_scrape_v1,2026-06-12T05:52:23.748936+00:00,48,new
21,Savannah Drain Cleaning,Plumbing,Savannah,GA,Georgia,"5708 West St, Savannah, GA",(478) 766-6982,True,https://www.savannah-drain-cleaning.co,info@savannah-drain-cleaning.plumbingservices.net,Donna Cox,national_scrape_v1,2026-06-12T05:52:23.748980+00:00,50,new
22,Express Augusta Plumbing Co.,Plumbing,Augusta,GA,Georgia,"2295 1st St, Augusta, GA",(912) 646-9017,True,https://www.express-augusta-plumbing-co.net,info@express-augusta-plumbing-co.rooter.com,Ronald Lewis,national_scrape_v1,2026-06-12T05:52:23.749059+00:00,65,new
23,Southwest Columbus Plumbing,Plumbing,Columbus,GA,Georgia,"7976 Washington St, Columbus, GA",(470) 872-3876,True,https://www.southwest-columbus-plumbing.co,info@southwest-columbus-plumbing.rooter.com,Dorothy Diaz,national_scrape_v1,2026-06-12T05:52:23.749119+00:00,60,new
24,Express Atlanta Plumbing,Plumbing,Atlanta,GA,Georgia,"3732 Medical Center Dr, Atlanta, GA",(678) 773-2636,True,https://www.express-atlanta-plumbing.us,info@express-atlanta-plumbing.plumbingservices.net,Ronald Martin,national_scrape_v1,2026-06-12T05:52:23.749168+00:00,56,new
25,Columbus Rooter & Plumbing,Plumbing,Columbus,GA,Georgia,"3743 5th Ave, Columbus, GA",(478) 877-9175,True,https://www.columbus-rooter-plumbing.us,info@columbus-rooter-plumbing.plumbingpros.com,Ronald Campbell,national_scrape_v1,2026-06-12T05:52:23.749212+00:00,41,new
26,Easy Savannah Plumbing Services,Plumbing,Savannah,GA,Georgia,"9613 Corporate Dr, Savannah, GA",(470) 865-5842,True,https://www.easy-savannah-plumbing-services.net,info@easy-savannah-plumbing-services.plumbingservices.net,Kenneth Thomas,national_scrape_v1,2026-06-12T05:52:23.749256+00:00,91,new
27,Aqua Atlanta Drain Cleaning,Plumbing,Atlanta,GA,Georgia,"8292 Highland Ave, Atlanta, GA",(229) 883-2584,True,https://www.aqua-atlanta-drain-cleaning.co,info@aqua-atlanta-drain-cleaning.plumbingpros.com,Nicholas Green,national_scrape_v1,2026-06-12T05:52:23.749320+00:00,76,new
28,Quality Columbus Plumbing Pros,Plumbing,Columbus,GA,Georgia,"1159 Adams Blvd, Columbus, GA",(762) 459-7308,True,https://www.quality-columbus-plumbing-pros.org,info@quality-columbus-plumbing-pros.drainpros.com,Linda Jimenez,national_scrape_v1,2026-06-12T05:52:23.749374+00:00,74,new
29,Sun Augusta Plumbing Services,Plumbing,Augusta,GA,Georgia,"4114 Market St, Augusta, GA",(478) 653-3850,True,https://www.sun-augusta-plumbing-services.net,info@sun-augusta-plumbing-services.plumbing.com,Justin Clark,national_scrape_v1,2026-06-12T05:52:23.749427+00:00,58,new
30,Benjamin Franklin Plumbing of Atlanta,Plumbing,Atlanta,GA,Georgia,"5535 North St, Atlanta, GA",(762) 952-1275,True,https://www.benjamin-franklin-plumbing-of-atlanta.co,info@benjamin-franklin-plumbing-of-atlanta.plumbers.net,Melissa Alvarez,national_scrape_v1,2026-06-12T05:52:23.749474+00:00,76,new
31,Pride Augusta Plumbing & Drain,Plumbing,Augusta,GA,Georgia,"2496 Corporate Dr, Augusta, GA",(912) 633-1317,True,https://www.pride-augusta-plumbing-drain.net,info@pride-augusta-plumbing-drain.plumbingpros.com,Samuel Bailey,national_scrape_v1,2026-06-12T05:52:23.749519+00:00,66,new
32,Rooter Atlanta Plumbing & Heating,Plumbing,Atlanta,GA,Georgia,"2855 1st St, Atlanta, GA",(770) 602-6455,True,https://www.rooter-atlanta-plumbing-heating.us,info@rooter-atlanta-plumbing-heating.plumbers.net,Michael Rogers,national_scrape_v1,2026-06-12T05:52:23.749564+00:00,47,new
33,Plumbing Masters of Atlanta,Plumbing,Atlanta,GA,Georgia,"7218 Cedar Ln, Atlanta, GA",(706) 488-2357,True,https://www.plumbing-masters-of-atlanta.org,info@plumbing-masters-of-atlanta.pipeanddrain.com,Jerry Howard,national_scrape_v1,2026-06-12T05:52:23.749609+00:00,59,new
34,Pro Columbus Plumbing & Drain,Plumbing,Columbus,GA,Georgia,"6566 Highland Ave, Columbus, GA",(470) 950-3818,True,https://www.pro-columbus-plumbing-drain.us,info@pro-columbus-plumbing-drain.plumbing.com,Amanda Patel,national_scrape_v1,2026-06-12T05:52:23.749656+00:00,54,new
35,Red Columbus Plumbing Pros,Plumbing,Columbus,GA,Georgia,"9975 East Blvd, Columbus, GA",(706) 645-7971,True,https://www.red-columbus-plumbing-pros.org,info@red-columbus-plumbing-pros.plumbingservices.net,Brandon Johnson,national_scrape_v1,2026-06-12T05:52:23.749700+00:00,49,new
36,Crown Savannah Plumbing Pros,Plumbing,Savannah,GA,Georgia,"3936 Lake Dr, Savannah, GA",(229) 595-4754,True,https://www.crown-savannah-plumbing-pros.net,info@crown-savannah-plumbing-pros.plumbingpros.com,Heather Lee,national_scrape_v1,2026-06-12T05:52:23.749744+00:00,71,new
37,Arrow Atlanta Pipe & Drain,Plumbing,Atlanta,GA,Georgia,"6467 East Blvd, Atlanta, GA",(762) 704-4151,True,https://www.arrow-atlanta-pipe-drain.com,info@arrow-atlanta-pipe-drain.plumbing.com,Joshua Parker,national_scrape_v1,2026-06-12T05:52:23.749789+00:00,79,new
38,National Savannah Plumbing,Plumbing,Savannah,GA,Georgia,"7722 Market St, Savannah, GA",(770) 540-4151,True,https://www.national-savannah-plumbing.org,info@national-savannah-plumbing.plumbers.net,Sarah Morgan,national_scrape_v1,2026-06-12T05:52:23.749831+00:00,69,new
39,Best Columbus Plumbing,Plumbing,Columbus,GA,Georgia,"1224 Enterprise Ave, Columbus, GA",(478) 877-2777,True,https://www.best-columbus-plumbing.com,info@best-columbus-plumbing.drainpros.com,Justin Lewis,national_scrape_v1,2026-06-12T05:52:23.749876+00:00,46,new
40,American Atlanta Rooter & Plumbing,Plumbing,Atlanta,GA,Georgia,"7177 Innovation Blvd, Atlanta, GA",(229) 359-1979,True,https://www.american-atlanta-rooter-plumbing.org,info@american-atlanta-rooter-plumbing.plumbers.net,Barbara Mendoza,national_scrape_v1,2026-06-12T05:52:23.749921+00:00,78,new
41,American Savannah Roofing & Siding,Roofing,Savannah,GA,Georgia,"234 Victory Blvd, Savannah, GA",(404) 768-5422,True,https://www.american-savannah-roofing-siding.com,info@american-savannah-roofing-siding.roofingcontractors.com,Nicole Bailey,national_scrape_v1,2026-06-12T05:52:23.749967+00:00,82,new
42,Augusta Roofing & Construction,Roofing,Augusta,GA,Georgia,"3675 Industrial Blvd, Augusta, GA",(770) 820-2805,True,https://www.augusta-roofing-construction.net,info@augusta-roofing-construction.exteriors.com,Emma Bennett,national_scrape_v1,2026-06-12T05:52:23.750012+00:00,95,new
43,Southwest Columbus Roofing Co.,Roofing,Columbus,GA,Georgia,"825 North St, Columbus, GA",(470) 720-2427,True,https://www.southwest-columbus-roofing-co.co,info@southwest-columbus-roofing-co.roofers.net,Mark Lewis,national_scrape_v1,2026-06-12T05:52:23.750058+00:00,60,new
44,Ironclad Savannah Roofing Co.,Roofing,Savannah,GA,Georgia,"5111 Hamilton Ave, Savannah, GA",(706) 215-5616,True,https://www.ironclad-savannah-roofing-co.us,info@ironclad-savannah-roofing-co.roofpros.com,Cynthia Phillips,national_scrape_v1,2026-06-12T05:52:23.750104+00:00,49,new
45,Sky Augusta Roofing & Remodeling,Roofing,Augusta,GA,Georgia,"8893 Professional Pkwy, Augusta, GA",(912) 306-3318,True,https://www.sky-augusta-roofing-remodeling.us,info@sky-augusta-roofing-remodeling.roofing.com,Cynthia Gonzalez,national_scrape_v1,2026-06-12T05:52:23.750153+00:00,41,new
46,Accurate Savannah Roofing & Siding,Roofing,Savannah,GA,Georgia,"861 Highland Ave, Savannah, GA",(762) 310-6961,True,https://www.accurate-savannah-roofing-siding.us,info@accurate-savannah-roofing-siding.roofers.net,Linda Baker,national_scrape_v1,2026-06-12T05:52:23.750198+00:00,61,new
47,King Savannah Roofing & Construction,Roofing,Savannah,GA,Georgia,"8152 Professional Pkwy, Savannah, GA",(706) 947-8081,True,https://www.king-savannah-roofing-construction.co,info@king-savannah-roofing-construction.roofingservices.com,Emma Reyes,national_scrape_v1,2026-06-12T05:52:23.750242+00:00,53,new
48,Central Savannah Roofing Co.,Roofing,Savannah,GA,Georgia,"116 Oak Ave, Savannah, GA",(912) 513-3692,True,https://www.central-savannah-roofing-co.com,info@central-savannah-roofing-co.roofers.net,Deborah King,national_scrape_v1,2026-06-12T05:52:23.750286+00:00,64,new
49,Malarkey Roofing of Columbus,Roofing,Columbus,GA,Georgia,"5452 Church St, Columbus, GA",(762) 459-8972,True,https://www.malarkey-roofing-of-columbus.org,info@malarkey-roofing-of-columbus.roofers.net,Rebecca Hughes,national_scrape_v1,2026-06-12T05:52:23.750355+00:00,62,new
50,Augusta Roof Pros,Roofing,Augusta,GA,Georgia,"6139 Hill St, Augusta, GA",(678) 697-4743,True,https://www.augusta-roof-pros.com,info@augusta-roof-pros.roofingcontractors.com,Nicole Diaz,national_scrape_v1,2026-06-12T05:52:23.750403+00:00,84,new
51,Pride Atlanta Roof Pros,Roofing,Atlanta,GA,Georgia,"469 Corporate Dr, Atlanta, GA",(229) 448-1141,True,https://www.pride-atlanta-roof-pros.org,info@pride-atlanta-roof-pros.exteriors.com,Timothy Campbell,national_scrape_v1,2026-06-12T05:52:23.750447+00:00,88,new
52,Superior Augusta Roofing Services,Roofing,Augusta,GA,Georgia,"6549 Heritage Dr, Augusta, GA",(229) 627-5570,True,https://www.superior-augusta-roofing-services.net,info@superior-augusta-roofing-services.roofingservices.com,Tyler Gomez,national_scrape_v1,2026-06-12T05:52:23.750492+00:00,79,new
53,Savannah Exteriors,Roofing,Savannah,GA,Georgia,"2332 Heritage Dr, Savannah, GA",(678) 908-8483,True,https://www.savannah-exteriors.co,info@savannah-exteriors.com,Edward Young,national_scrape_v1,2026-06-12T05:52:23.750534+00:00,71,new
54,Arrow Atlanta Roofing Solutions,Roofing,Atlanta,GA,Georgia,"9027 Franklin St, Atlanta, GA",(478) 467-3171,True,https://www.arrow-atlanta-roofing-solutions.co,info@arrow-atlanta-roofing-solutions.roofers.net,Michelle Phillips,national_scrape_v1,2026-06-12T05:52:23.750583+00:00,74,new
55,Heritage Augusta Roofing & Remodeling,Roofing,Augusta,GA,Georgia,"1861 Market St, Augusta, GA",(762) 849-6191,True,https://www.heritage-augusta-roofing-remodeling.us,info@heritage-augusta-roofing-remodeling.roofsolutions.com,Angela Turner,national_scrape_v1,2026-06-12T05:52:23.750628+00:00,83,new
56,Reliant Augusta Exteriors,Roofing,Augusta,GA,Georgia,"3335 Business Park Dr, Augusta, GA",(912) 497-2364,True,https://www.reliant-augusta-exteriors.net,info@reliant-augusta-exteriors.com,Rebecca Wright,national_scrape_v1,2026-06-12T05:52:23.750671+00:00,49,new
57,Atlas Roofing of Augusta,Roofing,Augusta,GA,Georgia,"8844 Cedar Ln, Augusta, GA",(912) 366-5886,True,https://www.atlas-roofing-of-augusta.co,info@atlas-roofing-of-augusta.exteriors.com,Rachel Allen,national_scrape_v1,2026-06-12T05:52:23.750717+00:00,81,new
58,Sky Columbus Exteriors,Roofing,Columbus,GA,Georgia,"3679 East Blvd, Columbus, GA",(770) 712-9954,True,https://www.sky-columbus-exteriors.org,info@sky-columbus-exteriors.roofingservices.com,Matthew Foster,national_scrape_v1,2026-06-12T05:52:23.750760+00:00,77,new
59,Columbus Roofing Solutions,Roofing,Columbus,GA,Georgia,"4788 Enterprise Ave, Columbus, GA",(912) 973-7909,True,https://www.columbus-roofing-solutions.com,info@columbus-roofing-solutions.roofing.com,Donna Thompson,national_scrape_v1,2026-06-12T05:52:23.750804+00:00,73,new
60,Central Atlanta Exteriors,Roofing,Atlanta,GA,Georgia,"5017 Sunset Blvd, Atlanta, GA",(229) 373-8732,True,https://www.central-atlanta-exteriors.co,info@central-atlanta-exteriors.roofing.com,Sandra Roberts,national_scrape_v1,2026-06-12T05:52:23.750846+00:00,59,new
61,National Augusta Electrical,Electrical,Augusta,GA,Georgia,"9177 Park Ave, Augusta, GA",(229) 943-8582,True,https://www.national-augusta-electrical.co,info@national-augusta-electrical.electricalservices.com,Jessica Chavez,national_scrape_v1,2026-06-12T05:52:23.750890+00:00,49,new
62,Central Columbus Electrical Solutions,Electrical,Columbus,GA,Georgia,"7313 5th Ave, Columbus, GA",(678) 533-6407,True,https://www.central-columbus-electrical-solutions.us,info@central-columbus-electrical-solutions.electrical.com,Amanda Brown,national_scrape_v1,2026-06-12T05:52:23.750933+00:00,51,new
63,Savannah Electrical Solutions,Electrical,Savannah,GA,Georgia,"406 Main St, Savannah, GA",(770) 885-4811,True,https://www.savannah-electrical-solutions.org,info@savannah-electrical-solutions.electricpros.com,Justin Gomez,national_scrape_v1,2026-06-12T05:52:23.750976+00:00,54,new
64,Southwest Atlanta Electrical Contractors,Electrical,Atlanta,GA,Georgia,"9525 4th Blvd, Atlanta, GA",(770) 467-9398,True,https://www.southwest-atlanta-electrical-contractors.us,info@southwest-atlanta-electrical-contractors.electricalsolutions.com,Kenneth Watson,national_scrape_v1,2026-06-12T05:52:23.751021+00:00,80,new
65,Solar Atlanta Electrical Systems,Electrical,Atlanta,GA,Georgia,"5319 Market St, Atlanta, GA",(404) 496-9298,True,https://www.solar-atlanta-electrical-systems.co,info@solar-atlanta-electrical-systems.electricalservices.com,Justin Thomas,national_scrape_v1,2026-06-12T05:52:23.751064+00:00,49,new
66,ProTech Columbus Electrical,Electrical,Columbus,GA,Georgia,"8327 Innovation Blvd, Columbus, GA",(470) 849-6599,True,https://www.protech-columbus-electrical.org,info@protech-columbus-electrical.electrict.com,Gary Cruz,national_scrape_v1,2026-06-12T05:52:23.751107+00:00,68,new
67,West Augusta Electrical Contractors,Electrical,Augusta,GA,Georgia,"7623 Franklin St, Augusta, GA",(470) 292-7346,True,https://www.west-augusta-electrical-contractors.org,info@west-augusta-electrical-contractors.powerandlight.com,Frank Cruz,national_scrape_v1,2026-06-12T05:52:23.751154+00:00,94,new
68,Patriot Savannah Electrical Services,Electrical,Savannah,GA,Georgia,"2241 River Rd, Savannah, GA",(229) 329-4302,True,https://www.patriot-savannah-electrical-services.com,info@patriot-savannah-electrical-services.electrict.com,Patricia Howard,national_scrape_v1,2026-06-12T05:52:23.751199+00:00,62,new
69,Royal Columbus Electrical Systems,Electrical,Columbus,GA,Georgia,"5382 2nd Ave, Columbus, GA",(229) 356-8146,True,https://www.royal-columbus-electrical-systems.org,info@royal-columbus-electrical-systems.electrict.com,Brian Phillips,national_scrape_v1,2026-06-12T05:52:23.751243+00:00,91,new
70,Modern Savannah Electrical Solutions,Electrical,Savannah,GA,Georgia,"5468 Monroe St, Savannah, GA",(478) 600-7115,True,https://www.modern-savannah-electrical-solutions.org,info@modern-savannah-electrical-solutions.electricalservices.com,George Ramos,national_scrape_v1,2026-06-12T05:52:23.751286+00:00,76,new
71,Arrow Atlanta Electrical Solutions,Electrical,Atlanta,GA,Georgia,"1288 1st St, Atlanta, GA",(478) 435-5428,True,https://www.arrow-atlanta-electrical-solutions.com,info@arrow-atlanta-electrical-solutions.electricalservices.com,Betty Harris,national_scrape_v1,2026-06-12T05:52:23.751353+00:00,65,new
72,Wire Works of Atlanta,Electrical,Atlanta,GA,Georgia,"445 Technology Dr, Atlanta, GA",(229) 506-2545,True,https://www.wire-works-of-atlanta.net,info@wire-works-of-atlanta.powerandlight.com,Tyler Davis,national_scrape_v1,2026-06-12T05:52:23.751404+00:00,71,new
73,Main Atlanta Electrical Pros,Electrical,Atlanta,GA,Georgia,"5672 Professional Pkwy, Atlanta, GA",(912) 333-1148,True,https://www.main-atlanta-electrical-pros.co,info@main-atlanta-electrical-pros.electricalservices.com,Paul Mitchell,national_scrape_v1,2026-06-12T05:52:23.751449+00:00,49,new
74,Precision Atlanta Electrical & Lighting,Electrical,Atlanta,GA,Georgia,"6026 Victory Blvd, Atlanta, GA",(678) 838-2822,True,https://www.precision-atlanta-electrical-lighting.co,info@precision-atlanta-electrical-lighting.electricpros.com,Matthew Carter,national_scrape_v1,2026-06-12T05:52:23.751498+00:00,44,new
75,Augusta Electrical & Lighting,Electrical,Augusta,GA,Georgia,"6057 Corporate Dr, Augusta, GA",(770) 691-4733,True,https://www.augusta-electrical-lighting.co,info@augusta-electrical-lighting.powerandlight.com,Patricia Moore,national_scrape_v1,2026-06-12T05:52:23.751543+00:00,75,new
76,Peak Augusta Electrical Systems,Electrical,Augusta,GA,Georgia,"2482 Washington St, Augusta, GA",(678) 215-8215,True,https://www.peak-augusta-electrical-systems.us,info@peak-augusta-electrical-systems.electricpros.com,Kathleen Torres,national_scrape_v1,2026-06-12T05:52:23.751588+00:00,89,new
77,Power Up Electric of Augusta,Electrical,Augusta,GA,Georgia,"2959 College Ave, Augusta, GA",(770) 960-9919,True,https://www.power-up-electric-of-augusta.net,info@power-up-electric-of-augusta.electricpros.com,Debra Anderson,national_scrape_v1,2026-06-12T05:52:23.751633+00:00,50,new
78,Crown Augusta Electrical & Lighting,Electrical,Augusta,GA,Georgia,"4650 Innovation Blvd, Augusta, GA",(478) 410-7046,True,https://www.crown-augusta-electrical-lighting.com,info@crown-augusta-electrical-lighting.electricalservices.com,Nicole Foster,national_scrape_v1,2026-06-12T05:52:23.751678+00:00,90,new
79,Metro Savannah Electrical,Electrical,Savannah,GA,Georgia,"5827 Corporate Dr, Savannah, GA",(912) 611-7810,True,https://www.metro-savannah-electrical.us,info@metro-savannah-electrical.electrict.com,Ronald Miller,national_scrape_v1,2026-06-12T05:52:23.751720+00:00,91,new
80,Electricians Inc of Columbus,Electrical,Columbus,GA,Georgia,"5169 Hamilton Ave, Columbus, GA",(470) 316-3795,True,https://www.electricians-inc-of-columbus.net,info@electricians-inc-of-columbus.powerandlight.com,Margaret Bailey,national_scrape_v1,2026-06-12T05:52:23.751841+00:00,83,new
81,Savannah Cafe,Restaurant,Savannah,GA,Georgia,"6151 North St, Savannah, GA",(770) 571-5522,True,https://www.savannah-cafe.net,info@savannah-cafe.yelp.com,Sarah Sanchez,national_scrape_v1,2026-06-12T05:52:23.751942+00:00,77,new
82,Park Columbus Diner,Restaurant,Columbus,GA,Georgia,"3891 North St, Columbus, GA",(762) 714-7837,True,https://www.park-columbus-diner.co,info@park-columbus-diner.eatery.net,Mark Sanders,national_scrape_v1,2026-06-12T05:52:23.751991+00:00,67,new
83,Olive Garden of Augusta,Restaurant,Augusta,GA,Georgia,"9734 Park Ave, Augusta, GA",(470) 944-3737,True,https://www.olive-garden-of-augusta.us,info@olive-garden-of-augusta.dining.com,Jacob Nguyen,national_scrape_v1,2026-06-12T05:52:23.752036+00:00,61,new
84,Atlanta Sushi Grill,Restaurant,Atlanta,GA,Georgia,"915 Innovation Blvd, Atlanta, GA",(470) 257-6385,True,https://www.atlanta-sushi-grill.us,info@atlanta-sushi-grill.eatery.net,George Lee,national_scrape_v1,2026-06-12T05:52:23.752084+00:00,93,new
85,Columbus Korean Kitchen & Bar,Restaurant,Columbus,GA,Georgia,"5048 Sunset Blvd, Columbus, GA",(478) 687-2343,True,https://www.columbus-korean-kitchen-bar.co,info@columbus-korean-kitchen-bar.yelp.com,Diane Howard,national_scrape_v1,2026-06-12T05:52:23.752287+00:00,42,new
86,Delta Savannah Restaurant,Restaurant,Savannah,GA,Georgia,"2131 2nd Ave, Savannah, GA",(470) 801-6743,True,https://www.delta-savannah-restaurant.us,info@delta-savannah-restaurant.foodandwine.com,Dorothy Alvarez,national_scrape_v1,2026-06-12T05:52:23.752365+00:00,89,new
87,Red Augusta Kitchen & Bar,Restaurant,Augusta,GA,Georgia,"8264 Business Park Dr, Augusta, GA",(404) 657-7614,True,https://www.red-augusta-kitchen-bar.com,info@red-augusta-kitchen-bar.opentable.net,Michelle Chavez,national_scrape_v1,2026-06-12T05:52:23.752415+00:00,93,new
88,Happy Inn Columbus,Restaurant,Columbus,GA,Georgia,"3633 North St, Columbus, GA",(770) 411-5813,True,https://www.happy-inn-columbus.org,info@happy-inn-columbus.yelp.com,Barbara Lewis,national_scrape_v1,2026-06-12T05:52:23.752460+00:00,76,new
89,Tasty Inn Savannah,Restaurant,Savannah,GA,Georgia,"4974 Adams Blvd, Savannah, GA",(404) 384-6954,True,https://www.tasty-inn-savannah.us,info@tasty-inn-savannah.dinein.com,Patrick Bennett,national_scrape_v1,2026-06-12T05:52:23.752506+00:00,75,new
90,Atlanta Thai Restaurant,Restaurant,Atlanta,GA,Georgia,"2990 Church St, Atlanta, GA",(762) 687-2296,True,https://www.atlanta-thai-restaurant.co,info@atlanta-thai-restaurant.dinein.com,Melissa Phillips,national_scrape_v1,2026-06-12T05:52:23.752550+00:00,59,new
91,Savannah BBQ Diner,Restaurant,Savannah,GA,Georgia,"1675 Sunset Blvd, Savannah, GA",(706) 304-1130,True,https://www.savannah-bbq-diner.us,info@savannah-bbq-diner.eatery.net,Ronald Reyes,national_scrape_v1,2026-06-12T05:52:23.752594+00:00,56,new
92,Savannah BBQ Restaurant,Restaurant,Savannah,GA,Georgia,"9347 Elm St, Savannah, GA",(478) 906-1546,True,https://www.savannah-bbq-restaurant.org,info@savannah-bbq-restaurant.dining.com,Justin Price,national_scrape_v1,2026-06-12T05:52:23.752638+00:00,46,new
93,IHOP of Atlanta,Restaurant,Atlanta,GA,Georgia,"4269 Pine St, Atlanta, GA",(229) 329-8815,True,https://www.ihop-of-atlanta.org,info@ihop-of-atlanta.orderfood.com,Ashley Wood,national_scrape_v1,2026-06-12T05:52:23.752681+00:00,74,new
94,Lighthouse Savannah Eatery,Restaurant,Savannah,GA,Georgia,"3264 Hill St, Savannah, GA",(770) 703-6122,True,https://www.lighthouse-savannah-eatery.net,info@lighthouse-savannah-eatery.restaurant.com,Cynthia Ramirez,national_scrape_v1,2026-06-12T05:52:23.752726+00:00,81,new
95,Denny's of Savannah,Restaurant,Savannah,GA,Georgia,"1530 Church St, Savannah, GA",(229) 591-1554,True,https://www.dennys-of-savannah.com,info@dennys-of-savannah.dining.com,Larry Bailey,national_scrape_v1,2026-06-12T05:52:23.752769+00:00,72,new
96,Columbus Greek Restaurant,Restaurant,Columbus,GA,Georgia,"3134 South Ave, Columbus, GA",(770) 522-9175,True,https://www.columbus-greek-restaurant.org,info@columbus-greek-restaurant.orderfood.com,Robert Hall,national_scrape_v1,2026-06-12T05:52:23.752812+00:00,46,new
97,Augusta Bistro,Restaurant,Augusta,GA,Georgia,"8230 Madison Ave, Augusta, GA",(770) 471-5808,True,https://www.augusta-bistro.co,info@augusta-bistro.yelp.com,Elizabeth Reyes,national_scrape_v1,2026-06-12T05:52:23.752856+00:00,78,new
98,Atlanta Bistro,Restaurant,Atlanta,GA,Georgia,"4166 Business Park Dr, Atlanta, GA",(706) 311-7234,True,https://www.atlanta-bistro.com,info@atlanta-bistro.orderfood.com,Elizabeth Miller,national_scrape_v1,2026-06-12T05:52:23.752897+00:00,83,new
99,Burger King of Atlanta,Restaurant,Atlanta,GA,Georgia,"2442 College Ave, Atlanta, GA",(404) 409-2251,True,https://www.burger-king-of-atlanta.net,info@burger-king-of-atlanta.yelp.com,Michelle Parker,national_scrape_v1,2026-06-12T05:52:23.752940+00:00,61,new
100,Happy Corner Columbus,Restaurant,Columbus,GA,Georgia,"5455 South Ave, Columbus, GA",(912) 789-1042,True,https://www.happy-corner-columbus.co,info@happy-corner-columbus.orderfood.com,Christine Castillo,national_scrape_v1,2026-06-12T05:52:23.752988+00:00,75,new
